ValueDate,Current Inst,Volts Inst
2026-02-26T00:05:00+00:00,471.856,11.174
2026-02-26T00:10:00+00:00,470.234,11.136
2026-02-26T00:15:00+00:00,467.345,11.084
2026-02-26T00:20:00+00:00,466.891,11.078
2026-02-26T00:25:00+00:00,474.486,11.161
2026-02-26T00:30:00+00:00,463.628,11.259
2026-02-26T00:35:00+00:00,470.257,11.202
2026-02-26T00:40:00+00:00,474.406,11.172
2026-02-26T00:45:00+00:00,474.505,11.172
2026-02-26T00:50:00+00:00,464.571,11.152
2026-02-26T00:55:00+00:00,467.44,11.141
2026-02-26T01:00:00+00:00,466.103,11.16
2026-02-26T01:05:00+00:00,467.15,11.182
2026-02-26T01:10:00+00:00,466.767,11.189
2026-02-26T01:15:00+00:00,460.435,11.194
2026-02-26T01:20:00+00:00,457.64,11.199
2026-02-26T01:25:00+00:00,457.051,11.214
2026-02-26T01:30:00+00:00,460.184,11.208
2026-02-26T01:35:00+00:00,461.058,11.216
2026-02-26T01:40:00+00:00,463.097,11.227
2026-02-26T01:45:00+00:00,463.508,11.23
2026-02-26T01:50:00+00:00,463.812,11.221
2026-02-26T01:55:00+00:00,465.998,11.21
2026-02-26T02:00:00+00:00,458.577,11.259
2026-02-26T02:05:00+00:00,460.488,11.24
2026-02-26T02:10:00+00:00,461.67,11.207
2026-02-26T02:15:00+00:00,462.472,11.227
2026-02-26T02:20:00+00:00,457.537,11.204
2026-02-26T02:25:00+00:00,460.797,11.22
2026-02-26T02:30:00+00:00,456.576,11.208
2026-02-26T02:35:00+00:00,457.822,11.212
2026-02-26T02:40:00+00:00,455.374,11.244
2026-02-26T02:45:00+00:00,460.39,11.233
2026-02-26T02:50:00+00:00,455.28,11.25
2026-02-26T02:55:00+00:00,456.698,11.254
2026-02-26T03:00:00+00:00,455.261,11.255
2026-02-26T03:05:00+00:00,452.462,11.177
2026-02-26T03:10:00+00:00,456.715,11.158
2026-02-26T03:15:00+00:00,450.576,11.183
2026-02-26T03:20:00+00:00,450.951,11.183
2026-02-26T03:25:00+00:00,448.843,11.148
2026-02-26T03:30:00+00:00,449.685,11.093
2026-02-26T03:35:00+00:00,445.917,11.11
2026-02-26T03:40:00+00:00,443.976,11.108
2026-02-26T03:45:00+00:00,449.402,11.105
2026-02-26T03:50:00+00:00,446.05,11.132
2026-02-26T03:55:00+00:00,444.069,11.134
2026-02-26T04:00:00+00:00,437.77,11.173
2026-02-26T04:05:00+00:00,437.828,11.153
2026-02-26T04:10:00+00:00,440.071,11.139
2026-02-26T04:15:00+00:00,435.843,11.131
2026-02-26T04:20:00+00:00,438.672,11.134
2026-02-26T04:25:00+00:00,442.406,11.13
2026-02-26T04:30:00+00:00,444.583,11.127
2026-02-26T04:35:00+00:00,441.082,11.132
2026-02-26T04:40:00+00:00,442.494,11.136
2026-02-26T04:45:00+00:00,440.103,11.149
2026-02-26T04:50:00+00:00,441.803,11.151
2026-02-26T04:55:00+00:00,441.9,11.172
2026-02-26T05:00:00+00:00,443.355,11.168
2026-02-26T05:05:00+00:00,438.093,11.126
2026-02-26T05:10:00+00:00,443.75,11.113
2026-02-26T05:15:00+00:00,449.59,11.12
2026-02-26T05:20:00+00:00,447.495,11.129
2026-02-26T05:25:00+00:00,444.996,11.124
2026-02-26T05:30:00+00:00,447.466,11.118
2026-02-26T05:35:00+00:00,446.894,11.114
2026-02-26T05:40:00+00:00,449.444,11.111
2026-02-26T05:45:00+00:00,453.25,11.1
2026-02-26T05:50:00+00:00,456.571,11.094
2026-02-26T05:55:00+00:00,449.534,11.109
2026-02-26T06:00:00+00:00,455.562,11.082
2026-02-26T06:05:00+00:00,466.227,11.034
2026-02-26T06:10:00+00:00,478.87,11.158
2026-02-26T06:15:00+00:00,478.049,11.176
2026-02-26T06:20:00+00:00,480.35,11.22
2026-02-26T06:25:00+00:00,486.177,11.202
2026-02-26T06:30:00+00:00,489.996,11.189
2026-02-26T06:35:00+00:00,494.242,11.182
2026-02-26T06:40:00+00:00,501.293,11.137
2026-02-26T06:45:00+00:00,506.115,11.162
2026-02-26T06:50:00+00:00,512.141,11.226
2026-02-26T06:55:00+00:00,514.726,11.226
2026-02-26T07:00:00+00:00,509.251,11.209
2026-02-26T07:05:00+00:00,522.128,11.187
2026-02-26T07:10:00+00:00,535.358,11.13
2026-02-26T07:15:00+00:00,542.1,11.113
2026-02-26T07:20:00+00:00,548.868,11.126
2026-02-26T07:25:00+00:00,552.576,11.115
2026-02-26T07:30:00+00:00,556.016,11.1
2026-02-26T07:35:00+00:00,560.125,11.07
2026-02-26T07:40:00+00:00,563.735,11.057
2026-02-26T07:45:00+00:00,570.805,11.04
2026-02-26T07:50:00+00:00,568.3,11.052
2026-02-26T07:55:00+00:00,562.342,11.057
2026-02-26T08:00:00+00:00,567.482,11.029
2026-02-26T08:05:00+00:00,570.612,10.987
2026-02-26T08:10:00+00:00,576.091,11.064
2026-02-26T08:15:00+00:00,573.106,11.104
2026-02-26T08:20:00+00:00,577.04,11.095
2026-02-26T08:25:00+00:00,588.019,11.097
2026-02-26T08:30:00+00:00,588.242,11.088
2026-02-26T08:35:00+00:00,585.025,11.096
2026-02-26T08:40:00+00:00,592.368,11.091
2026-02-26T08:45:00+00:00,585.435,11.106
2026-02-26T08:50:00+00:00,584.136,11.11
2026-02-26T08:55:00+00:00,584.297,11.112
2026-02-26T09:00:00+00:00,591.416,11.112
2026-02-26T09:05:00+00:00,595.794,11.09
2026-02-26T09:10:00+00:00,596.635,11.078
2026-02-26T09:15:00+00:00,598.09,11.067
2026-02-26T09:20:00+00:00,601.88,11.08
2026-02-26T09:25:00+00:00,591.054,11.1
2026-02-26T09:30:00+00:00,590.803,11.105
2026-02-26T09:35:00+00:00,588.529,11.118
2026-02-26T09:40:00+00:00,588.397,11.106
2026-02-26T09:45:00+00:00,594.373,11.106
2026-02-26T09:50:00+00:00,589.62,11.12
2026-02-26T09:55:00+00:00,581.292,11.139
2026-02-26T10:00:00+00:00,581.354,11.161
2026-02-26T10:05:00+00:00,583.56,11.148
2026-02-26T10:10:00+00:00,583.24,11.138
2026-02-26T10:15:00+00:00,577.578,11.153
2026-02-26T10:20:00+00:00,561.938,11.189
2026-02-26T10:25:00+00:00,560.158,11.154
2026-02-26T10:30:00+00:00,561.382,11.156
2026-02-26T10:35:00+00:00,577.765,11.144
2026-02-26T10:40:00+00:00,593.336,11.11
2026-02-26T10:45:00+00:00,592.156,11.102
2026-02-26T10:50:00+00:00,587.502,11.104
2026-02-26T10:55:00+00:00,592.832,11.104
2026-02-26T11:00:00+00:00,588.39,11.114
2026-02-26T11:05:00+00:00,594.026,11.146
2026-02-26T11:10:00+00:00,596.454,11.152
2026-02-26T11:15:00+00:00,590.926,11.156
2026-02-26T11:20:00+00:00,589.206,11.174
2026-02-26T11:25:00+00:00,593.465,11.146
2026-02-26T11:30:00+00:00,584.076,11.14
2026-02-26T11:35:00+00:00,574.672,11.159
2026-02-26T11:40:00+00:00,573.161,11.18
2026-02-26T11:45:00+00:00,583.221,11.157
2026-02-26T11:50:00+00:00,583.431,11.148
2026-02-26T11:55:00+00:00,597.541,11.068
2026-02-26T12:00:00+00:00,597.658,11.064
2026-02-26T12:05:00+00:00,594.152,11.065
2026-02-26T12:10:00+00:00,595.558,11.066
2026-02-26T12:15:00+00:00,591.124,11.076
2026-02-26T12:20:00+00:00,595.835,11.056
2026-02-26T12:25:00+00:00,602.678,11.058
2026-02-26T12:30:00+00:00,601.781,11.052
2026-02-26T12:35:00+00:00,596.86,11.018
2026-02-26T12:40:00+00:00,609.161,10.994
2026-02-26T12:45:00+00:00,612.5,10.998
2026-02-26T12:50:00+00:00,600.387,11.009
2026-02-26T12:55:00+00:00,612.925,11.004
2026-02-26T13:00:00+00:00,609.928,11.012
2026-02-26T13:05:00+00:00,597.502,11.02
2026-02-26T13:10:00+00:00,583.582,11.007
2026-02-26T13:15:00+00:00,577.868,11.048
2026-02-26T13:20:00+00:00,577.096,11.07
2026-02-26T13:25:00+00:00,594.628,11.05
2026-02-26T13:30:00+00:00,602.322,11.02
2026-02-26T13:35:00+00:00,590.792,11.079
2026-02-26T13:40:00+00:00,582.832,11.072
2026-02-26T13:45:00+00:00,577.183,11.072
2026-02-26T13:50:00+00:00,570.298,11.076
2026-02-26T13:55:00+00:00,566.686,11.121
2026-02-26T14:00:00+00:00,568.355,11.108
2026-02-26T14:05:00+00:00,562.204,11.118
2026-02-26T14:10:00+00:00,584.731,11.11
2026-02-26T14:15:00+00:00,585.468,11.114
2026-02-26T14:20:00+00:00,580.589,11.143
2026-02-26T14:25:00+00:00,584.826,11.138
2026-02-26T14:30:00+00:00,576.836,11.138
2026-02-26T14:35:00+00:00,573.462,11.131
2026-02-26T14:40:00+00:00,571.093,11.133
2026-02-26T14:45:00+00:00,574.56,11.114
2026-02-26T14:50:00+00:00,576.766,11.137
2026-02-26T14:55:00+00:00,577.12,11.124
2026-02-26T15:00:00+00:00,598.016,11.148
2026-02-26T15:05:00+00:00,581.091,11.152
2026-02-26T15:10:00+00:00,587.552,11.126
2026-02-26T15:15:00+00:00,581.091,11.178
2026-02-26T15:20:00+00:00,595.336,11.175
2026-02-26T15:25:00+00:00,596.48,11.122
2026-02-26T15:30:00+00:00,601.043,11.102
2026-02-26T15:35:00+00:00,599.594,11.08
2026-02-26T15:40:00+00:00,588.486,11.056
2026-02-26T15:45:00+00:00,596.233,11.042
2026-02-26T15:50:00+00:00,601.398,11.005
2026-02-26T15:55:00+00:00,604.972,11.019
2026-02-26T16:00:00+00:00,607.114,11.028
2026-02-26T16:05:00+00:00,606.041,11.0
2026-02-26T16:10:00+00:00,602.128,10.997
2026-02-26T16:15:00+00:00,607.852,11.004
2026-02-26T16:20:00+00:00,619.187,11.08
2026-02-26T16:25:00+00:00,619.751,11.116
2026-02-26T16:30:00+00:00,623.818,11.122
2026-02-26T16:35:00+00:00,612.338,11.134
2026-02-26T16:40:00+00:00,594.892,11.136
2026-02-26T16:45:00+00:00,599.835,11.109
2026-02-26T16:50:00+00:00,602.149,11.214
2026-02-26T16:55:00+00:00,604.772,11.125
2026-02-26T17:00:00+00:00,619.102,11.133
2026-02-26T17:05:00+00:00,610.81,11.126
2026-02-26T17:10:00+00:00,606.922,11.145
2026-02-26T17:15:00+00:00,617.398,11.122
2026-02-26T17:20:00+00:00,621.633,11.09
2026-02-26T17:25:00+00:00,619.198,11.13
2026-02-26T17:30:00+00:00,623.932,11.132
2026-02-26T17:35:00+00:00,623.117,11.104
2026-02-26T17:40:00+00:00,630.359,11.096
2026-02-26T17:45:00+00:00,629.011,11.129
2026-02-26T17:50:00+00:00,635.206,11.138
2026-02-26T17:55:00+00:00,635.42,11.14
2026-02-26T18:00:00+00:00,639.632,11.162
2026-02-26T18:05:00+00:00,641.891,11.124
2026-02-26T18:10:00+00:00,641.466,11.099
2026-02-26T18:15:00+00:00,644.835,11.087
2026-02-26T18:20:00+00:00,642.9,11.067
2026-02-26T18:25:00+00:00,641.447,11.084
2026-02-26T18:30:00+00:00,644.69,11.096
2026-02-26T18:35:00+00:00,630.287,11.084
2026-02-26T18:40:00+00:00,626.216,11.157
2026-02-26T18:45:00+00:00,625.874,11.147
2026-02-26T18:50:00+00:00,633.002,11.142
2026-02-26T18:55:00+00:00,631.658,11.188
2026-02-26T19:00:00+00:00,623.042,11.185
2026-02-26T19:05:00+00:00,619.286,11.193
2026-02-26T19:10:00+00:00,618.971,11.134
2026-02-26T19:15:00+00:00,625.158,11.172
2026-02-26T19:20:00+00:00,619.172,11.232
2026-02-26T19:25:00+00:00,618.816,11.272
2026-02-26T19:30:00+00:00,613.044,11.304
2026-02-26T19:35:00+00:00,610.738,11.227
2026-02-26T19:40:00+00:00,606.312,11.205
2026-02-26T19:45:00+00:00,601.002,11.166
2026-02-26T19:50:00+00:00,599.298,11.092
2026-02-26T19:55:00+00:00,591.353,11.1
2026-02-26T20:00:00+00:00,586.073,11.118
2026-02-26T20:05:00+00:00,584.763,11.114
2026-02-26T20:10:00+00:00,577.843,11.122
2026-02-26T20:15:00+00:00,573.568,11.166
2026-02-26T20:20:00+00:00,583.97,11.148
2026-02-26T20:25:00+00:00,577.028,11.184
2026-02-26T20:30:00+00:00,575.872,11.18
2026-02-26T20:35:00+00:00,572.908,11.174
2026-02-26T20:40:00+00:00,566.934,11.1
2026-02-26T20:45:00+00:00,563.248,11.04
2026-02-26T20:50:00+00:00,562.347,11.076
2026-02-26T20:55:00+00:00,560.642,11.109
2026-02-26T21:00:00+00:00,555.815,11.15
2026-02-26T21:05:00+00:00,559.828,11.129
2026-02-26T21:10:00+00:00,561.062,11.136
2026-02-26T21:15:00+00:00,551.43,11.154
2026-02-26T21:20:00+00:00,550.396,11.195
2026-02-26T21:25:00+00:00,539.89,11.194
2026-02-26T21:30:00+00:00,544.788,11.188
2026-02-26T21:35:00+00:00,539.102,11.183
2026-02-26T21:40:00+00:00,535.421,11.212
2026-02-26T21:45:00+00:00,529.976,11.238
2026-02-26T21:50:00+00:00,531.463,11.247
2026-02-26T21:55:00+00:00,525.73,11.247
2026-02-26T22:00:00+00:00,515.146,11.292
2026-02-26T22:05:00+00:00,510.904,11.291
2026-02-26T22:10:00+00:00,507.361,11.264
2026-02-26T22:15:00+00:00,509.867,11.207
2026-02-26T22:20:00+00:00,508.161,11.193
2026-02-26T22:25:00+00:00,509.017,11.178
2026-02-26T22:30:00+00:00,510.711,11.18
2026-02-26T22:35:00+00:00,499.12,11.142
2026-02-26T22:40:00+00:00,497.93,11.124
2026-02-26T22:45:00+00:00,492.692,11.136
2026-02-26T22:50:00+00:00,487.018,11.177
2026-02-26T22:55:00+00:00,482.108,11.184
2026-02-26T23:00:00+00:00,478.794,11.18
2026-02-26T23:05:00+00:00,477.029,11.161
2026-02-26T23:10:00+00:00,483.094,11.14
2026-02-26T23:15:00+00:00,482.011,11.072
2026-02-26T23:20:00+00:00,480.318,11.054
2026-02-26T23:25:00+00:00,475.798,11.064
2026-02-26T23:30:00+00:00,477.027,11.049
2026-02-26T23:35:00+00:00,474.424,11.037
2026-02-26T23:40:00+00:00,471.138,11.058
2026-02-26T23:45:00+00:00,461.082,11.088
2026-02-26T23:50:00+00:00,460.835,11.099
2026-02-26T23:55:00+00:00,461.393,11.076
2026-02-27T00:00:00+00:00,459.072,11.046
2026-02-27T00:05:00+00:00,465.322,11.038
2026-02-27T00:10:00+00:00,465.16,11.154
2026-02-27T00:15:00+00:00,474.104,11.141
2026-02-27T00:20:00+00:00,470.782,11.163
2026-02-27T00:25:00+00:00,474.082,11.166
2026-02-27T00:30:00+00:00,462.398,11.166
2026-02-27T00:35:00+00:00,470.972,11.093
2026-02-27T00:40:00+00:00,467.461,11.08
2026-02-27T00:45:00+00:00,473.303,11.086
2026-02-27T00:50:00+00:00,475.083,11.099
2026-02-27T00:55:00+00:00,470.492,11.104
2026-02-27T01:00:00+00:00,472.442,11.122
2026-02-27T01:05:00+00:00,463.058,11.094
2026-02-27T01:10:00+00:00,459.988,11.095
2026-02-27T01:15:00+00:00,460.572,11.12
2026-02-27T01:20:00+00:00,459.79,11.118
2026-02-27T01:25:00+00:00,460.905,11.112
2026-02-27T01:30:00+00:00,461.537,11.135
2026-02-27T01:35:00+00:00,456.809,11.122
2026-02-27T01:40:00+00:00,452.583,11.15
2026-02-27T01:45:00+00:00,447.384,11.168
2026-02-27T01:50:00+00:00,447.729,11.184
2026-02-27T01:55:00+00:00,447.012,11.208
2026-02-27T02:00:00+00:00,446.231,11.194
2026-02-27T02:05:00+00:00,450.93,11.16
2026-02-27T02:10:00+00:00,450.776,11.178
2026-02-27T02:15:00+00:00,460.402,11.174
2026-02-27T02:20:00+00:00,457.97,11.172
2026-02-27T02:25:00+00:00,457.634,11.195
2026-02-27T02:30:00+00:00,450.073,11.199
2026-02-27T02:35:00+00:00,448.756,11.246
2026-02-27T02:40:00+00:00,447.077,11.267
2026-02-27T02:45:00+00:00,452.946,11.194
2026-02-27T02:50:00+00:00,456.239,11.158
2026-02-27T02:55:00+00:00,451.474,11.142
2026-02-27T03:00:00+00:00,452.264,11.169
2026-02-27T03:05:00+00:00,454.124,11.131
2026-02-27T03:10:00+00:00,448.838,11.148
2026-02-27T03:15:00+00:00,450.98,11.076
2026-02-27T03:20:00+00:00,453.724,11.08
2026-02-27T03:25:00+00:00,453.438,11.085
2026-02-27T03:30:00+00:00,454.934,11.08
2026-02-27T03:35:00+00:00,452.378,11.092
2026-02-27T03:40:00+00:00,447.913,11.102
2026-02-27T03:45:00+00:00,446.335,11.13
2026-02-27T03:50:00+00:00,445.504,11.138
2026-02-27T03:55:00+00:00,445.862,11.138
2026-02-27T04:00:00+00:00,445.238,11.122
2026-02-27T04:05:00+00:00,440.96,11.144
2026-02-27T04:10:00+00:00,436.468,11.142
2026-02-27T04:15:00+00:00,439.388,11.131
2026-02-27T04:20:00+00:00,443.793,11.125
2026-02-27T04:25:00+00:00,438.82,11.134
2026-02-27T04:30:00+00:00,436.12,11.182
2026-02-27T04:35:00+00:00,431.146,11.201
2026-02-27T04:40:00+00:00,432.081,11.25
2026-02-27T04:45:00+00:00,426.008,11.276
2026-02-27T04:50:00+00:00,424.77,11.256
2026-02-27T04:55:00+00:00,439.518,11.238
2026-02-27T05:00:00+00:00,431.824,11.21
2026-02-27T05:05:00+00:00,435.929,11.06
2026-02-27T05:10:00+00:00,438.887,11.082
2026-02-27T05:15:00+00:00,437.12,11.075
2026-02-27T05:20:00+00:00,441.867,11.06
2026-02-27T05:25:00+00:00,444.266,11.057
2026-02-27T05:30:00+00:00,443.352,11.07
2026-02-27T05:35:00+00:00,438.388,11.114
2026-02-27T05:40:00+00:00,444.516,11.098
2026-02-27T05:45:00+00:00,457.12,11.074
2026-02-27T05:50:00+00:00,450.52,11.055
2026-02-27T05:55:00+00:00,453.766,11.074
2026-02-27T06:00:00+00:00,452.87,11.04
2026-02-27T06:05:00+00:00,458.002,11.026
2026-02-27T06:10:00+00:00,471.344,11.032
2026-02-27T06:15:00+00:00,477.106,11.113
2026-02-27T06:20:00+00:00,479.629,11.142
2026-02-27T06:25:00+00:00,480.953,11.188
2026-02-27T06:30:00+00:00,487.654,11.195
2026-02-27T06:35:00+00:00,491.926,11.151
2026-02-27T06:40:00+00:00,488.684,11.148
2026-02-27T06:45:00+00:00,489.987,11.158
2026-02-27T06:50:00+00:00,501.412,11.144
2026-02-27T06:55:00+00:00,502.822,11.131
2026-02-27T07:00:00+00:00,505.463,11.125
2026-02-27T07:05:00+00:00,517.805,11.08
2026-02-27T07:10:00+00:00,523.612,11.053
2026-02-27T07:15:00+00:00,529.283,11.052
2026-02-27T07:20:00+00:00,521.189,11.068
2026-02-27T07:25:00+00:00,530.062,11.074
2026-02-27T07:30:00+00:00,534.946,11.078
2026-02-27T07:35:00+00:00,537.417,11.078
2026-02-27T07:40:00+00:00,541.606,11.062
2026-02-27T07:45:00+00:00,548.351,11.058
2026-02-27T07:50:00+00:00,550.642,11.054
2026-02-27T07:55:00+00:00,548.192,11.044
2026-02-27T08:00:00+00:00,546.591,11.054
2026-02-27T08:05:00+00:00,557.33,11.028
2026-02-27T08:10:00+00:00,570.74,11.074
2026-02-27T08:15:00+00:00,568.888,11.142
2026-02-27T08:20:00+00:00,570.26,11.149
2026-02-27T08:25:00+00:00,582.545,11.157
2026-02-27T08:30:00+00:00,581.728,11.166
2026-02-27T08:35:00+00:00,584.322,11.151
2026-02-27T08:40:00+00:00,584.969,11.135
2026-02-27T08:45:00+00:00,585.17,11.134
2026-02-27T08:50:00+00:00,584.317,11.158
2026-02-27T08:55:00+00:00,575.93,11.153
2026-02-27T09:00:00+00:00,575.863,11.151
2026-02-27T09:05:00+00:00,569.665,11.186
2026-02-27T09:10:00+00:00,565.125,11.215
2026-02-27T09:15:00+00:00,559.703,11.204
2026-02-27T09:20:00+00:00,568.147,11.184
2026-02-27T09:25:00+00:00,569.922,11.19
2026-02-27T09:30:00+00:00,574.806,11.186
2026-02-27T09:35:00+00:00,563.577,11.183
2026-02-27T09:40:00+00:00,559.898,11.206
2026-02-27T09:45:00+00:00,555.815,11.22
2026-02-27T09:50:00+00:00,562.851,11.196
2026-02-27T09:55:00+00:00,567.876,11.168
2026-02-27T10:00:00+00:00,569.058,11.162
2026-02-27T10:05:00+00:00,576.653,11.192
2026-02-27T10:10:00+00:00,575.338,11.202
2026-02-27T10:15:00+00:00,575.438,11.186
2026-02-27T10:20:00+00:00,577.684,11.174
2026-02-27T10:25:00+00:00,565.02,11.205
2026-02-27T10:30:00+00:00,563.151,11.199
2026-02-27T10:35:00+00:00,563.09,11.208
2026-02-27T10:40:00+00:00,570.822,11.202
2026-02-27T10:45:00+00:00,566.322,11.198
2026-02-27T10:50:00+00:00,570.392,11.188
2026-02-27T10:55:00+00:00,574.828,11.2
2026-02-27T11:00:00+00:00,567.08,11.191
2026-02-27T11:05:00+00:00,550.666,11.2
2026-02-27T11:10:00+00:00,546.936,11.184
2026-02-27T11:15:00+00:00,540.796,11.202
2026-02-27T11:20:00+00:00,543.924,11.184
2026-02-27T11:25:00+00:00,544.521,11.183
2026-02-27T11:30:00+00:00,544.152,11.166
2026-02-27T11:35:00+00:00,552.418,11.149
2026-02-27T11:40:00+00:00,549.922,11.168
2026-02-27T11:45:00+00:00,545.482,11.155
2026-02-27T11:50:00+00:00,537.363,11.198
2026-02-27T11:55:00+00:00,540.317,11.198
2026-02-27T12:00:00+00:00,549.485,11.196
2026-02-27T12:05:00+00:00,545.852,11.205
2026-02-27T12:10:00+00:00,550.738,11.229
2026-02-27T12:15:00+00:00,542.217,11.206
2026-02-27T12:20:00+00:00,541.292,11.21
2026-02-27T12:25:00+00:00,541.329,11.225
2026-02-27T12:30:00+00:00,524.0,11.24
2026-02-27T12:35:00+00:00,521.4,11.229
2026-02-27T12:40:00+00:00,527.718,11.215
2026-02-27T12:45:00+00:00,539.91,11.192
2026-02-27T12:50:00+00:00,537.542,11.216
2026-02-27T12:55:00+00:00,530.838,11.215
2026-02-27T13:00:00+00:00,530.305,11.189
2026-02-27T13:05:00+00:00,534.946,11.207
2026-02-27T13:10:00+00:00,527.94,11.259
2026-02-27T13:15:00+00:00,519.639,11.264
2026-02-27T13:20:00+00:00,527.452,11.24
2026-02-27T13:25:00+00:00,529.49,11.267
2026-02-27T13:30:00+00:00,528.29,11.268
2026-02-27T13:35:00+00:00,530.185,11.278
2026-02-27T13:40:00+00:00,549.476,11.268
2026-02-27T13:45:00+00:00,544.948,11.272
2026-02-27T13:50:00+00:00,548.176,11.238
2026-02-27T13:55:00+00:00,556.27,11.108
2026-02-27T14:00:00+00:00,557.208,11.078
2026-02-27T14:05:00+00:00,563.824,11.089
2026-02-27T14:10:00+00:00,566.252,11.08
2026-02-27T14:15:00+00:00,570.42,11.078
2026-02-27T14:20:00+00:00,575.536,11.12
2026-02-27T14:25:00+00:00,574.171,11.1
2026-02-27T14:30:00+00:00,569.056,11.077
2026-02-27T14:35:00+00:00,562.402,11.096
2026-02-27T14:40:00+00:00,564.936,11.081
2026-02-27T14:45:00+00:00,564.162,11.088
2026-02-27T14:50:00+00:00,568.788,11.076
2026-02-27T14:55:00+00:00,564.411,11.08
2026-02-27T15:00:00+00:00,566.134,11.094
2026-02-27T15:05:00+00:00,559.08,11.096
2026-02-27T15:10:00+00:00,557.678,11.104
2026-02-27T15:15:00+00:00,555.756,11.136
2026-02-27T15:20:00+00:00,552.978,11.14
2026-02-27T15:25:00+00:00,554.515,11.106
2026-02-27T15:30:00+00:00,574.217,11.098
2026-02-27T15:35:00+00:00,570.958,11.1
2026-02-27T15:40:00+00:00,570.222,11.094
2026-02-27T15:45:00+00:00,582.378,11.095
2026-02-27T15:50:00+00:00,586.51,11.088
2026-02-27T15:55:00+00:00,588.322,11.116
2026-02-27T16:00:00+00:00,584.879,11.114
2026-02-27T16:05:00+00:00,584.324,11.142
2026-02-27T16:10:00+00:00,575.773,11.154
2026-02-27T16:15:00+00:00,578.863,11.152
2026-02-27T16:20:00+00:00,588.552,11.144
2026-02-27T16:25:00+00:00,587.31,11.138
2026-02-27T16:30:00+00:00,584.628,11.131
2026-02-27T16:35:00+00:00,585.766,11.126
2026-02-27T16:40:00+00:00,591.16,11.122
2026-02-27T16:45:00+00:00,594.024,11.12
2026-02-27T16:50:00+00:00,597.472,11.125
2026-02-27T16:55:00+00:00,593.667,11.134
2026-02-27T17:00:00+00:00,599.655,11.129
2026-02-27T17:05:00+00:00,601.37,11.107
2026-02-27T17:10:00+00:00,599.091,11.108
2026-02-27T17:15:00+00:00,605.1,11.087
2026-02-27T17:20:00+00:00,599.13,11.077
2026-02-27T17:25:00+00:00,601.41,11.073
2026-02-27T17:30:00+00:00,603.23,11.065
2026-02-27T17:35:00+00:00,608.446,11.063
2026-02-27T17:40:00+00:00,603.985,11.076
2026-02-27T17:45:00+00:00,605.6,11.06
2026-02-27T17:50:00+00:00,606.201,11.13
2026-02-27T17:55:00+00:00,602.388,11.203
2026-02-27T18:00:00+00:00,604.973,11.228
2026-02-27T18:05:00+00:00,602.435,11.21
2026-02-27T18:10:00+00:00,599.59,11.202
2026-02-27T18:15:00+00:00,605.251,11.21
2026-02-27T18:20:00+00:00,594.678,11.201
2026-02-27T18:25:00+00:00,591.84,11.207
2026-02-27T18:30:00+00:00,588.666,11.21
2026-02-27T18:35:00+00:00,584.825,11.207
2026-02-27T18:40:00+00:00,584.764,11.218
2026-02-27T18:45:00+00:00,581.45,11.238
2026-02-27T18:50:00+00:00,573.34,11.247
2026-02-27T18:55:00+00:00,580.466,11.243
2026-02-27T19:00:00+00:00,582.842,11.248
2026-02-27T19:05:00+00:00,585.976,11.236
2026-02-27T19:10:00+00:00,579.673,11.24
2026-02-27T19:15:00+00:00,579.335,11.248
2026-02-27T19:20:00+00:00,576.905,11.24
2026-02-27T19:25:00+00:00,584.688,11.227
2026-02-27T19:30:00+00:00,577.226,11.246
2026-02-27T19:35:00+00:00,580.124,11.228
2026-02-27T19:40:00+00:00,582.171,11.229
2026-02-27T19:45:00+00:00,576.962,11.238
2026-02-27T19:50:00+00:00,571.882,11.158
2026-02-27T19:55:00+00:00,573.198,11.138
2026-02-27T20:00:00+00:00,570.564,11.116
2026-02-27T20:05:00+00:00,567.37,11.068
2026-02-27T20:10:00+00:00,558.714,11.057
2026-02-27T20:15:00+00:00,562.075,11.052
2026-02-27T20:20:00+00:00,560.849,11.061
2026-02-27T20:25:00+00:00,552.051,11.1
2026-02-27T20:30:00+00:00,552.738,11.099
2026-02-27T20:35:00+00:00,555.386,11.077
2026-02-27T20:40:00+00:00,549.524,11.091
2026-02-27T20:45:00+00:00,538.686,11.113
2026-02-27T20:50:00+00:00,536.59,11.118
2026-02-27T20:55:00+00:00,528.84,11.138
2026-02-27T21:00:00+00:00,530.481,11.145
2026-02-27T21:05:00+00:00,541.588,11.198
2026-02-27T21:10:00+00:00,533.625,11.25
2026-02-27T21:15:00+00:00,536.156,11.244
2026-02-27T21:20:00+00:00,531.329,11.253
2026-02-27T21:25:00+00:00,531.839,11.269
2026-02-27T21:30:00+00:00,524.82,11.284
2026-02-27T21:35:00+00:00,518.307,11.258
2026-02-27T21:40:00+00:00,512.935,11.288
2026-02-27T21:45:00+00:00,513.141,11.286
2026-02-27T21:50:00+00:00,515.88,11.241
2026-02-27T21:55:00+00:00,520.01,11.175
2026-02-27T22:00:00+00:00,515.342,11.151
2026-02-27T22:05:00+00:00,511.745,11.158
2026-02-27T22:10:00+00:00,512.628,11.142
2026-02-27T22:15:00+00:00,502.538,11.151
2026-02-27T22:20:00+00:00,502.939,11.174
2026-02-27T22:25:00+00:00,493.217,11.196
2026-02-27T22:30:00+00:00,492.858,11.207
2026-02-27T22:35:00+00:00,495.686,11.246
2026-02-27T22:40:00+00:00,487.569,11.242
2026-02-27T22:45:00+00:00,482.684,11.248
2026-02-27T22:50:00+00:00,478.112,11.257
2026-02-27T22:55:00+00:00,476.831,11.278
2026-02-27T23:00:00+00:00,473.823,11.302
2026-02-27T23:05:00+00:00,475.305,11.215
2026-02-27T23:10:00+00:00,472.996,11.208
2026-02-27T23:15:00+00:00,486.768,11.192
2026-02-27T23:20:00+00:00,480.203,11.172
2026-02-27T23:25:00+00:00,479.332,11.156
2026-02-27T23:30:00+00:00,475.1,11.158
2026-02-27T23:35:00+00:00,471.113,11.184
2026-02-27T23:40:00+00:00,472.202,11.19
2026-02-27T23:45:00+00:00,471.573,11.199
2026-02-27T23:50:00+00:00,467.556,11.206
2026-02-27T23:55:00+00:00,455.902,11.174
2026-02-28T00:00:00+00:00,456.111,11.135
2026-02-28T00:05:00+00:00,458.923,11.098
2026-02-28T00:10:00+00:00,468.762,11.07
2026-02-28T00:15:00+00:00,471.809,11.069
2026-02-28T00:20:00+00:00,475.83,11.04
2026-02-28T00:25:00+00:00,471.566,11.058
2026-02-28T00:30:00+00:00,469.356,11.033
2026-02-28T00:35:00+00:00,477.631,11.098
2026-02-28T00:40:00+00:00,477.17,11.174
2026-02-28T00:45:00+00:00,472.404,11.208
2026-02-28T00:50:00+00:00,473.723,11.227
2026-02-28T00:55:00+00:00,466.13,11.228
2026-02-28T01:00:00+00:00,461.371,11.223
2026-02-28T01:05:00+00:00,464.844,11.201
2026-02-28T01:10:00+00:00,456.151,11.202
2026-02-28T01:15:00+00:00,459.869,11.192
2026-02-28T01:20:00+00:00,460.953,11.222
2026-02-28T01:25:00+00:00,450.249,11.231
2026-02-28T01:30:00+00:00,453.588,11.244
2026-02-28T01:35:00+00:00,453.425,11.225
2026-02-28T01:40:00+00:00,451.895,11.222
2026-02-28T01:45:00+00:00,446.58,11.228
2026-02-28T01:50:00+00:00,440.852,11.245
2026-02-28T01:55:00+00:00,436.654,11.266
2026-02-28T02:00:00+00:00,435.994,11.269
2026-02-28T02:05:00+00:00,440.086,11.265
2026-02-28T02:10:00+00:00,441.632,11.253
2026-02-28T02:15:00+00:00,440.538,11.247
2026-02-28T02:20:00+00:00,446.896,11.235
2026-02-28T02:25:00+00:00,450.951,11.236
2026-02-28T02:30:00+00:00,444.858,11.266
2026-02-28T02:35:00+00:00,446.254,11.283
2026-02-28T02:40:00+00:00,441.003,11.266
2026-02-28T02:45:00+00:00,445.316,11.274
2026-02-28T02:50:00+00:00,437.902,11.286
2026-02-28T02:55:00+00:00,443.562,11.206
2026-02-28T03:00:00+00:00,437.73,11.21
2026-02-28T03:05:00+00:00,433.465,11.21
2026-02-28T03:10:00+00:00,434.634,11.189
2026-02-28T03:15:00+00:00,431.823,11.124
2026-02-28T03:20:00+00:00,427.272,11.119
2026-02-28T03:25:00+00:00,426.1,11.134
2026-02-28T03:30:00+00:00,429.176,11.125
2026-02-28T03:35:00+00:00,435.439,11.148
2026-02-28T03:40:00+00:00,432.332,11.156
2026-02-28T03:45:00+00:00,434.36,11.174
2026-02-28T03:50:00+00:00,432.498,11.163
2026-02-28T03:55:00+00:00,430.096,11.185
2026-02-28T04:00:00+00:00,425.88,11.213
2026-02-28T04:05:00+00:00,419.962,11.196
2026-02-28T04:10:00+00:00,419.666,11.194
2026-02-28T04:15:00+00:00,417.855,11.214
2026-02-28T04:20:00+00:00,419.525,11.208
2026-02-28T04:25:00+00:00,420.075,11.222
2026-02-28T04:30:00+00:00,418.438,11.215
2026-02-28T04:35:00+00:00,427.768,11.222
2026-02-28T04:40:00+00:00,421.335,11.245
2026-02-28T04:45:00+00:00,422.343,11.23
2026-02-28T04:50:00+00:00,419.023,11.23
2026-02-28T04:55:00+00:00,423.17,11.215
2026-02-28T05:00:00+00:00,415.322,11.227
2026-02-28T05:05:00+00:00,410.956,11.198
2026-02-28T05:10:00+00:00,414.534,11.196
2026-02-28T05:15:00+00:00,418.812,11.201
2026-02-28T05:20:00+00:00,427.869,11.179
2026-02-28T05:25:00+00:00,425.478,11.19
2026-02-28T05:30:00+00:00,431.27,11.204
2026-02-28T05:35:00+00:00,431.036,11.204
2026-02-28T05:40:00+00:00,431.307,11.189
2026-02-28T05:45:00+00:00,432.612,11.18
2026-02-28T05:50:00+00:00,429.484,11.17
2026-02-28T05:55:00+00:00,429.069,11.154
2026-02-28T06:00:00+00:00,430.842,11.153
2026-02-28T06:05:00+00:00,435.324,11.154
2026-02-28T06:10:00+00:00,447.505,11.163
2026-02-28T06:15:00+00:00,446.184,11.172
2026-02-28T06:20:00+00:00,446.178,11.172
2026-02-28T06:25:00+00:00,446.19,11.18
2026-02-28T06:30:00+00:00,448.107,11.176
2026-02-28T06:35:00+00:00,449.612,11.165
2026-02-28T06:40:00+00:00,454.422,11.186
2026-02-28T06:45:00+00:00,455.058,11.216
2026-02-28T06:50:00+00:00,453.535,11.227
2026-02-28T06:55:00+00:00,459.34,11.215
2026-02-28T07:00:00+00:00,455.845,11.232
2026-02-28T07:05:00+00:00,461.613,11.212
2026-02-28T07:10:00+00:00,466.989,11.218
2026-02-28T07:15:00+00:00,470.192,11.216
2026-02-28T07:20:00+00:00,465.665,11.216
2026-02-28T07:25:00+00:00,463.75,11.228
2026-02-28T07:30:00+00:00,469.83,11.228
2026-02-28T07:35:00+00:00,477.456,11.26
2026-02-28T07:40:00+00:00,475.788,11.266
2026-02-28T07:45:00+00:00,476.072,11.228
2026-02-28T07:50:00+00:00,479.057,11.246
2026-02-28T07:55:00+00:00,480.65,11.222
2026-02-28T08:00:00+00:00,500.17,11.191
2026-02-28T08:05:00+00:00,503.96,11.214
2026-02-28T08:10:00+00:00,504.324,11.196
2026-02-28T08:15:00+00:00,503.956,11.208
2026-02-28T08:20:00+00:00,510.606,11.2
2026-02-28T08:25:00+00:00,508.03,11.189
2026-02-28T08:30:00+00:00,508.444,11.18
2026-02-28T08:35:00+00:00,506.598,11.189
2026-02-28T08:40:00+00:00,504.072,11.226
2026-02-28T08:45:00+00:00,505.648,11.234
2026-02-28T08:50:00+00:00,507.653,11.228
2026-02-28T08:55:00+00:00,507.095,11.222
2026-02-28T09:00:00+00:00,506.812,11.194
2026-02-28T09:05:00+00:00,512.62,11.211
2026-02-28T09:10:00+00:00,516.362,11.213
2026-02-28T09:15:00+00:00,510.427,11.24
2026-02-28T09:20:00+00:00,515.132,11.244
2026-02-28T09:25:00+00:00,514.204,11.236
2026-02-28T09:30:00+00:00,513.26,11.247
2026-02-28T09:35:00+00:00,510.472,11.229
2026-02-28T09:40:00+00:00,511.205,11.236
2026-02-28T09:45:00+00:00,512.322,11.242
2026-02-28T09:50:00+00:00,510.568,11.228
2026-02-28T09:55:00+00:00,525.279,11.208
2026-02-28T10:00:00+00:00,538.695,11.216
2026-02-28T10:05:00+00:00,537.747,11.246
2026-02-28T10:10:00+00:00,540.624,11.239
2026-02-28T10:15:00+00:00,541.006,11.23
2026-02-28T10:20:00+00:00,541.156,11.226
2026-02-28T10:25:00+00:00,537.927,11.224
2026-02-28T10:30:00+00:00,538.679,11.227
2026-02-28T10:35:00+00:00,539.354,11.23
2026-02-28T10:40:00+00:00,530.388,11.257
2026-02-28T10:45:00+00:00,519.297,11.255
2026-02-28T10:50:00+00:00,519.925,11.246
2026-02-28T10:55:00+00:00,508.644,11.242
2026-02-28T11:00:00+00:00,511.744,11.228
2026-02-28T11:05:00+00:00,506.508,11.198
2026-02-28T11:10:00+00:00,505.747,11.168
2026-02-28T11:15:00+00:00,504.742,11.174
2026-02-28T11:20:00+00:00,509.333,11.176
2026-02-28T11:25:00+00:00,510.123,11.199
2026-02-28T11:30:00+00:00,511.845,11.21
2026-02-28T11:35:00+00:00,501.235,11.208
2026-02-28T11:40:00+00:00,499.808,11.204
2026-02-28T11:45:00+00:00,509.798,11.202
2026-02-28T11:50:00+00:00,506.066,11.206
2026-02-28T11:55:00+00:00,492.472,11.199
2026-02-28T12:00:00+00:00,487.206,11.189
2026-02-28T12:05:00+00:00,483.998,11.192
2026-02-28T12:10:00+00:00,479.87,11.215
2026-02-28T12:15:00+00:00,476.242,11.202
2026-02-28T12:20:00+00:00,473.502,11.222
2026-02-28T12:25:00+00:00,470.726,11.234
2026-02-28T12:30:00+00:00,480.613,11.221
2026-02-28T12:35:00+00:00,476.277,11.198
2026-02-28T12:40:00+00:00,473.742,11.238
2026-02-28T12:45:00+00:00,465.952,11.238
2026-02-28T12:50:00+00:00,477.558,11.206
2026-02-28T12:55:00+00:00,476.283,11.18
2026-02-28T13:00:00+00:00,468.177,11.188
2026-02-28T13:05:00+00:00,479.229,11.208
2026-02-28T13:10:00+00:00,485.152,11.26
2026-02-28T13:15:00+00:00,491.339,11.242
2026-02-28T13:20:00+00:00,499.13,11.231
2026-02-28T13:25:00+00:00,499.403,11.236
2026-02-28T13:30:00+00:00,496.71,11.236
2026-02-28T13:35:00+00:00,496.686,11.235
2026-02-28T13:40:00+00:00,496.1,11.25
2026-02-28T13:45:00+00:00,481.633,11.252
2026-02-28T13:50:00+00:00,484.591,11.248
2026-02-28T13:55:00+00:00,474.487,11.268
2026-02-28T14:00:00+00:00,471.998,11.291
2026-02-28T14:05:00+00:00,472.652,11.257
2026-02-28T14:10:00+00:00,479.72,11.24
2026-02-28T14:15:00+00:00,475.466,11.226
2026-02-28T14:20:00+00:00,470.785,11.208
2026-02-28T14:25:00+00:00,469.26,11.226
2026-02-28T14:30:00+00:00,471.462,11.229
2026-02-28T14:35:00+00:00,468.167,11.238
2026-02-28T14:40:00+00:00,462.046,11.228
2026-02-28T14:45:00+00:00,479.598,11.244
2026-02-28T14:50:00+00:00,480.588,11.247
2026-02-28T14:55:00+00:00,473.726,11.248
2026-02-28T15:00:00+00:00,471.343,11.258
2026-02-28T15:05:00+00:00,473.126,11.256
2026-02-28T15:10:00+00:00,470.961,11.248
2026-02-28T15:15:00+00:00,471.39,11.228
2026-02-28T15:20:00+00:00,479.16,11.246
2026-02-28T15:25:00+00:00,470.071,11.272
2026-02-28T15:30:00+00:00,481.516,11.256
2026-02-28T15:35:00+00:00,480.399,11.25
2026-02-28T15:40:00+00:00,474.544,11.232
2026-02-28T15:45:00+00:00,481.4,11.215
2026-02-28T15:50:00+00:00,493.658,11.196
2026-02-28T15:55:00+00:00,499.702,11.204
2026-02-28T16:00:00+00:00,505.697,11.204
2026-02-28T16:05:00+00:00,506.092,11.222
2026-02-28T16:10:00+00:00,503.325,11.208
2026-02-28T16:15:00+00:00,499.356,11.182
2026-02-28T16:20:00+00:00,501.344,11.17
2026-02-28T16:25:00+00:00,501.593,11.166
2026-02-28T16:30:00+00:00,503.301,11.18
2026-02-28T16:35:00+00:00,501.024,11.207
2026-02-28T16:40:00+00:00,500.98,11.208
2026-02-28T16:45:00+00:00,503.588,11.186
2026-02-28T16:50:00+00:00,509.97,11.176
2026-02-28T16:55:00+00:00,524.402,11.138
2026-02-28T17:00:00+00:00,518.671,11.131
2026-02-28T17:05:00+00:00,525.482,11.145
2026-02-28T17:10:00+00:00,533.13,11.129
2026-02-28T17:15:00+00:00,536.674,11.096
2026-02-28T17:20:00+00:00,544.541,11.074
2026-02-28T17:25:00+00:00,550.586,11.066
2026-02-28T17:30:00+00:00,545.086,11.07
2026-02-28T17:35:00+00:00,544.683,11.11
2026-02-28T17:40:00+00:00,543.103,11.105
2026-02-28T17:45:00+00:00,559.412,11.078
2026-02-28T17:50:00+00:00,560.504,11.075
2026-02-28T17:55:00+00:00,560.37,11.074
2026-02-28T18:00:00+00:00,563.29,11.076
2026-02-28T18:05:00+00:00,572.638,11.106
2026-02-28T18:10:00+00:00,580.14,11.141
2026-02-28T18:15:00+00:00,579.896,11.152
2026-02-28T18:20:00+00:00,582.093,11.132
2026-02-28T18:25:00+00:00,579.394,11.134
2026-02-28T18:30:00+00:00,587.902,11.131
2026-02-28T18:35:00+00:00,584.716,11.163
2026-02-28T18:40:00+00:00,578.87,11.164
2026-02-28T18:45:00+00:00,582.334,11.093
2026-02-28T18:50:00+00:00,586.175,11.098
2026-02-28T18:55:00+00:00,578.594,11.12
2026-02-28T19:00:00+00:00,579.466,11.138
2026-02-28T19:05:00+00:00,570.87,11.153
2026-02-28T19:10:00+00:00,570.502,11.154
2026-02-28T19:15:00+00:00,570.364,11.151
2026-02-28T19:20:00+00:00,570.069,11.172
2026-02-28T19:25:00+00:00,567.986,11.18
2026-02-28T19:30:00+00:00,563.214,11.191
2026-02-28T19:35:00+00:00,562.243,11.184
2026-02-28T19:40:00+00:00,560.841,11.179
2026-02-28T19:45:00+00:00,559.902,11.176
2026-02-28T19:50:00+00:00,561.728,11.178
2026-02-28T19:55:00+00:00,560.25,11.208
2026-02-28T20:00:00+00:00,556.827,11.245
2026-02-28T20:05:00+00:00,555.5,11.212
2026-02-28T20:10:00+00:00,553.099,11.204
2026-02-28T20:15:00+00:00,549.82,11.21
2026-02-28T20:20:00+00:00,548.041,11.226
2026-02-28T20:25:00+00:00,546.548,11.272
2026-02-28T20:30:00+00:00,543.759,11.291
2026-02-28T20:35:00+00:00,538.605,11.292
2026-02-28T20:40:00+00:00,534.638,11.266
2026-02-28T20:45:00+00:00,533.101,11.267
2026-02-28T20:50:00+00:00,533.218,11.268
2026-02-28T20:55:00+00:00,528.4,11.266
2026-02-28T21:00:00+00:00,525.454,11.252
2026-02-28T21:05:00+00:00,518.76,11.26
2026-02-28T21:10:00+00:00,517.351,11.292
2026-02-28T21:15:00+00:00,515.411,11.326
2026-02-28T21:20:00+00:00,513.405,11.332
2026-02-28T21:25:00+00:00,509.619,11.308
2026-02-28T21:30:00+00:00,510.066,11.157
2026-02-28T21:35:00+00:00,511.656,11.164
2026-02-28T21:40:00+00:00,507.502,11.182
2026-02-28T21:45:00+00:00,504.571,11.19
2026-02-28T21:50:00+00:00,500.47,11.204
2026-02-28T21:55:00+00:00,501.356,11.21
2026-02-28T22:00:00+00:00,499.061,11.209
2026-02-28T22:05:00+00:00,493.848,11.2
2026-02-28T22:10:00+00:00,490.99,11.212
2026-02-28T22:15:00+00:00,489.033,11.229
2026-02-28T22:20:00+00:00,487.899,11.196
2026-02-28T22:25:00+00:00,481.336,11.17
2026-02-28T22:30:00+00:00,481.216,11.153
2026-02-28T22:35:00+00:00,480.14,11.149
2026-02-28T22:40:00+00:00,480.545,11.157
2026-02-28T22:45:00+00:00,482.742,11.169
2026-02-28T22:50:00+00:00,474.242,11.187
2026-02-28T22:55:00+00:00,476.185,11.18
2026-02-28T23:00:00+00:00,472.102,11.191
2026-02-28T23:05:00+00:00,469.662,11.214
2026-02-28T23:10:00+00:00,469.061,11.222
2026-02-28T23:15:00+00:00,462.923,11.256
2026-02-28T23:20:00+00:00,461.125,11.282
2026-02-28T23:25:00+00:00,455.066,11.286
2026-02-28T23:30:00+00:00,459.499,11.209
2026-02-28T23:35:00+00:00,460.037,11.184
2026-02-28T23:40:00+00:00,463.866,11.155
2026-02-28T23:45:00+00:00,466.549,11.136
2026-02-28T23:50:00+00:00,463.191,11.128
2026-02-28T23:55:00+00:00,459.808,11.148
2026-03-01T00:00:00+00:00,466.737,11.158
2026-03-01T00:05:00+00:00,470.716,11.119
2026-03-01T00:10:00+00:00,469.599,11.116
2026-03-01T00:15:00+00:00,467.574,11.112
2026-03-01T00:20:00+00:00,464.694,11.127
2026-03-01T00:25:00+00:00,464.498,11.138
2026-03-01T00:30:00+00:00,460.682,11.142
2026-03-01T00:35:00+00:00,470.082,11.11
2026-03-01T00:40:00+00:00,470.16,11.088
2026-03-01T00:45:00+00:00,465.924,11.115
2026-03-01T00:50:00+00:00,463.36,11.16
2026-03-01T00:55:00+00:00,458.612,11.189
2026-03-01T01:00:00+00:00,463.685,11.198
2026-03-01T01:05:00+00:00,462.694,11.178
2026-03-01T01:10:00+00:00,465.25,11.195
2026-03-01T01:15:00+00:00,458.345,11.215
2026-03-01T01:20:00+00:00,464.47,11.217
2026-03-01T01:25:00+00:00,462.493,11.228
2026-03-01T01:30:00+00:00,459.845,11.235
2026-03-01T01:35:00+00:00,457.953,11.243
2026-03-01T01:40:00+00:00,454.935,11.246
2026-03-01T01:45:00+00:00,454.072,11.234
2026-03-01T01:50:00+00:00,451.979,11.238
2026-03-01T01:55:00+00:00,452.835,11.23
2026-03-01T02:00:00+00:00,449.856,11.236
2026-03-01T02:05:00+00:00,453.347,11.212
2026-03-01T02:10:00+00:00,448.035,11.23
2026-03-01T02:15:00+00:00,451.678,11.227
2026-03-01T02:20:00+00:00,447.79,11.239
2026-03-01T02:25:00+00:00,451.08,11.259
2026-03-01T02:30:00+00:00,441.636,11.285
2026-03-01T02:35:00+00:00,448.694,11.144
2026-03-01T02:40:00+00:00,438.67,11.134
2026-03-01T02:45:00+00:00,448.422,11.132
2026-03-01T02:50:00+00:00,441.331,11.146
2026-03-01T02:55:00+00:00,447.975,11.132
2026-03-01T03:00:00+00:00,445.269,11.15
2026-03-01T03:05:00+00:00,444.219,11.05
2026-03-01T03:10:00+00:00,446.504,11.111
2026-03-01T03:15:00+00:00,440.19,11.126
2026-03-01T03:20:00+00:00,447.286,11.14
2026-03-01T03:25:00+00:00,442.829,11.162
2026-03-01T03:30:00+00:00,439.246,11.154
2026-03-01T03:35:00+00:00,443.828,11.118
2026-03-01T03:40:00+00:00,442.833,11.113
2026-03-01T03:45:00+00:00,436.513,11.132
2026-03-01T03:50:00+00:00,434.037,11.134
2026-03-01T03:55:00+00:00,435.463,11.146
2026-03-01T04:00:00+00:00,431.106,11.138
2026-03-01T04:05:00+00:00,439.756,11.148
2026-03-01T04:10:00+00:00,435.751,11.15
2026-03-01T04:15:00+00:00,441.446,11.146
2026-03-01T04:20:00+00:00,440.875,11.162
2026-03-01T04:25:00+00:00,436.466,11.157
2026-03-01T04:30:00+00:00,433.882,11.152
2026-03-01T04:35:00+00:00,444.094,11.132
2026-03-01T04:40:00+00:00,435.906,11.144
2026-03-01T04:45:00+00:00,432.26,11.149
2026-03-01T04:50:00+00:00,440.464,11.136
2026-03-01T04:55:00+00:00,438.915,11.117
2026-03-01T05:00:00+00:00,434.997,11.122
2026-03-01T05:05:00+00:00,429.599,11.139
2026-03-01T05:10:00+00:00,432.054,11.157
2026-03-01T05:15:00+00:00,427.316,11.164
2026-03-01T05:20:00+00:00,431.223,11.193
2026-03-01T05:25:00+00:00,431.98,11.184
2026-03-01T05:30:00+00:00,428.944,11.17
2026-03-01T05:35:00+00:00,428.99,11.164
2026-03-01T05:40:00+00:00,428.974,11.163
2026-03-01T05:45:00+00:00,429.882,11.159
2026-03-01T05:50:00+00:00,434.275,11.158
2026-03-01T05:55:00+00:00,435.035,11.164
2026-03-01T06:00:00+00:00,439.105,11.151
2026-03-01T06:05:00+00:00,441.106,11.119
2026-03-01T06:10:00+00:00,444.093,11.104
2026-03-01T06:15:00+00:00,444.401,11.13
2026-03-01T06:20:00+00:00,442.464,11.134
2026-03-01T06:25:00+00:00,444.3,11.134
2026-03-01T06:30:00+00:00,445.664,11.143
2026-03-01T06:35:00+00:00,445.244,11.114
2026-03-01T06:40:00+00:00,444.529,11.086
2026-03-01T06:45:00+00:00,437.714,11.116
2026-03-01T06:50:00+00:00,447.832,11.131
2026-03-01T06:55:00+00:00,447.12,11.099
2026-03-01T07:00:00+00:00,444.782,11.088
2026-03-01T07:05:00+00:00,449.688,11.089
2026-03-01T07:10:00+00:00,445.974,11.065
2026-03-01T07:15:00+00:00,454.308,11.045
2026-03-01T07:20:00+00:00,455.29,11.046
2026-03-01T07:25:00+00:00,461.675,11.07
2026-03-01T07:30:00+00:00,467.111,11.066
2026-03-01T07:35:00+00:00,471.942,11.041
2026-03-01T07:40:00+00:00,463.259,11.056
2026-03-01T07:45:00+00:00,460.49,11.125
2026-03-01T07:50:00+00:00,462.944,11.104
2026-03-01T07:55:00+00:00,464.465,11.087
2026-03-01T08:00:00+00:00,464.306,11.093
2026-03-01T08:05:00+00:00,472.314,11.078
2026-03-01T08:10:00+00:00,476.213,11.067
2026-03-01T08:15:00+00:00,477.472,11.056
2026-03-01T08:20:00+00:00,482.596,11.055
2026-03-01T08:25:00+00:00,484.23,11.046
2026-03-01T08:30:00+00:00,484.539,11.096
2026-03-01T08:35:00+00:00,492.26,11.096
2026-03-01T08:40:00+00:00,494.567,11.106
2026-03-01T08:45:00+00:00,492.96,11.14
2026-03-01T08:50:00+00:00,494.496,11.173
2026-03-01T08:55:00+00:00,502.991,11.164
2026-03-01T09:00:00+00:00,513.51,11.142
2026-03-01T09:05:00+00:00,511.261,11.11
2026-03-01T09:10:00+00:00,510.079,11.131
2026-03-01T09:15:00+00:00,508.913,11.156
2026-03-01T09:20:00+00:00,514.038,11.154
2026-03-01T09:25:00+00:00,515.238,11.134
2026-03-01T09:30:00+00:00,518.997,11.106
2026-03-01T09:35:00+00:00,516.58,11.109
2026-03-01T09:40:00+00:00,518.336,11.14
2026-03-01T09:45:00+00:00,519.154,11.13
2026-03-01T09:50:00+00:00,524.76,11.123
2026-03-01T09:55:00+00:00,522.478,11.108
2026-03-01T10:00:00+00:00,525.744,11.088
2026-03-01T10:05:00+00:00,528.216,11.082
2026-03-01T10:10:00+00:00,536.065,11.098
2026-03-01T10:15:00+00:00,534.716,11.114
2026-03-01T10:20:00+00:00,537.819,11.093
2026-03-01T10:25:00+00:00,536.774,11.084
2026-03-01T10:30:00+00:00,540.43,11.11
2026-03-01T10:35:00+00:00,545.422,11.099
2026-03-01T10:40:00+00:00,546.408,11.105
2026-03-01T10:45:00+00:00,546.306,11.094
2026-03-01T10:50:00+00:00,552.831,11.088
2026-03-01T10:55:00+00:00,551.53,11.085
2026-03-01T11:00:00+00:00,558.188,11.064
2026-03-01T11:05:00+00:00,550.947,11.071
2026-03-01T11:10:00+00:00,544.942,11.073
2026-03-01T11:15:00+00:00,545.804,11.088
2026-03-01T11:20:00+00:00,550.647,11.106
2026-03-01T11:25:00+00:00,547.634,11.112
2026-03-01T11:30:00+00:00,540.082,11.118
2026-03-01T11:35:00+00:00,542.78,11.12
2026-03-01T11:40:00+00:00,543.554,11.125
2026-03-01T11:45:00+00:00,545.919,11.131
2026-03-01T11:50:00+00:00,550.048,11.12
2026-03-01T11:55:00+00:00,552.757,11.115
2026-03-01T12:00:00+00:00,555.048,11.095
2026-03-01T12:05:00+00:00,554.326,11.122
2026-03-01T12:10:00+00:00,555.531,11.126
2026-03-01T12:15:00+00:00,559.611,11.12
2026-03-01T12:20:00+00:00,556.984,11.128
2026-03-01T12:25:00+00:00,561.514,11.138
2026-03-01T12:30:00+00:00,567.604,11.122
2026-03-01T12:35:00+00:00,550.938,11.14
2026-03-01T12:40:00+00:00,555.011,11.127
2026-03-01T12:45:00+00:00,562.51,11.115
2026-03-01T12:50:00+00:00,557.844,11.134
2026-03-01T12:55:00+00:00,565.574,11.125
2026-03-01T13:00:00+00:00,557.482,11.162
2026-03-01T13:05:00+00:00,552.637,11.152
2026-03-01T13:10:00+00:00,550.282,11.172
2026-03-01T13:15:00+00:00,552.82,11.153
2026-03-01T13:20:00+00:00,558.958,11.146
2026-03-01T13:25:00+00:00,557.304,11.163
2026-03-01T13:30:00+00:00,557.934,11.162
2026-03-01T13:35:00+00:00,561.367,11.173
2026-03-01T13:40:00+00:00,554.09,11.172
2026-03-01T13:45:00+00:00,550.444,11.174
2026-03-01T13:50:00+00:00,549.812,11.194
2026-03-01T13:55:00+00:00,550.156,11.226
2026-03-01T14:00:00+00:00,554.97,11.252
2026-03-01T14:05:00+00:00,554.041,11.253
2026-03-01T14:10:00+00:00,549.505,11.247
2026-03-01T14:15:00+00:00,547.101,11.271
2026-03-01T14:20:00+00:00,545.568,11.286
2026-03-01T14:25:00+00:00,542.118,11.302
2026-03-01T14:30:00+00:00,546.181,11.298
2026-03-01T14:35:00+00:00,540.519,11.286
2026-03-01T14:40:00+00:00,537.32,11.294
2026-03-01T14:45:00+00:00,539.929,11.284
2026-03-01T14:50:00+00:00,544.93,11.292
2026-03-01T14:55:00+00:00,548.078,11.272
2026-03-01T15:00:00+00:00,555.079,11.247
2026-03-01T15:05:00+00:00,551.648,11.216
2026-03-01T15:10:00+00:00,549.818,11.221
2026-03-01T15:15:00+00:00,548.55,11.189
2026-03-01T15:20:00+00:00,547.99,11.171
2026-03-01T15:25:00+00:00,550.95,11.113
2026-03-01T15:30:00+00:00,558.082,11.098
2026-03-01T15:35:00+00:00,553.304,11.093
2026-03-01T15:40:00+00:00,548.62,11.1
2026-03-01T15:45:00+00:00,549.41,11.094
2026-03-01T15:50:00+00:00,552.22,11.065
2026-03-01T15:55:00+00:00,556.375,11.144
2026-03-01T16:00:00+00:00,556.406,11.233
2026-03-01T16:05:00+00:00,560.462,11.218
2026-03-01T16:10:00+00:00,561.71,11.264
2026-03-01T16:15:00+00:00,556.376,11.241
2026-03-01T16:20:00+00:00,560.57,11.222
2026-03-01T16:25:00+00:00,562.758,11.185
2026-03-01T16:30:00+00:00,567.514,11.152
2026-03-01T16:35:00+00:00,571.07,11.168
2026-03-01T16:40:00+00:00,575.106,11.147
2026-03-01T16:45:00+00:00,576.559,11.128
2026-03-01T16:50:00+00:00,575.705,11.114
2026-03-01T16:55:00+00:00,575.244,11.122
2026-03-01T17:00:00+00:00,578.184,11.113
2026-03-01T17:05:00+00:00,582.058,11.068
2026-03-01T17:10:00+00:00,585.453,11.112
2026-03-01T17:15:00+00:00,586.788,11.129
2026-03-01T17:20:00+00:00,584.458,11.115
2026-03-01T17:25:00+00:00,586.266,11.125
2026-03-01T17:30:00+00:00,591.998,11.11
2026-03-01T17:35:00+00:00,591.389,11.09
2026-03-01T17:40:00+00:00,593.574,11.186
2026-03-01T17:45:00+00:00,603.26,11.198
2026-03-01T17:50:00+00:00,609.075,11.213
2026-03-01T17:55:00+00:00,605.162,11.214
2026-03-01T18:00:00+00:00,606.361,11.228
2026-03-01T18:05:00+00:00,596.706,11.264
2026-03-01T18:10:00+00:00,599.387,11.228
2026-03-01T18:15:00+00:00,604.628,11.204
2026-03-01T18:20:00+00:00,606.799,11.188
2026-03-01T18:25:00+00:00,602.806,11.214
2026-03-01T18:30:00+00:00,603.833,11.256
2026-03-01T18:35:00+00:00,599.174,11.16
2026-03-01T18:40:00+00:00,599.513,11.092
2026-03-01T18:45:00+00:00,598.165,11.094
2026-03-01T18:50:00+00:00,600.685,11.095
2026-03-01T18:55:00+00:00,597.498,11.114
2026-03-01T19:00:00+00:00,593.855,11.124
2026-03-01T19:05:00+00:00,589.454,11.116
2026-03-01T19:10:00+00:00,585.355,11.133
2026-03-01T19:15:00+00:00,586.026,11.138
2026-03-01T19:20:00+00:00,577.198,11.15
2026-03-01T19:25:00+00:00,574.923,11.144
2026-03-01T19:30:00+00:00,570.612,11.161
2026-03-01T19:35:00+00:00,569.444,11.155
2026-03-01T19:40:00+00:00,567.854,11.192
2026-03-01T19:45:00+00:00,564.74,11.178
2026-03-01T19:50:00+00:00,566.176,11.181
2026-03-01T19:55:00+00:00,562.706,11.186
2026-03-01T20:00:00+00:00,564.598,11.174
2026-03-01T20:05:00+00:00,568.149,11.13
2026-03-01T20:10:00+00:00,569.575,11.128
2026-03-01T20:15:00+00:00,564.414,11.12
2026-03-01T20:20:00+00:00,564.362,11.125
2026-03-01T20:25:00+00:00,559.936,11.118
2026-03-01T20:30:00+00:00,560.459,11.136
2026-03-01T20:35:00+00:00,557.73,11.131
2026-03-01T20:40:00+00:00,554.531,11.122
2026-03-01T20:45:00+00:00,555.445,11.12
2026-03-01T20:50:00+00:00,554.377,11.124
2026-03-01T20:55:00+00:00,542.278,11.198
2026-03-01T21:00:00+00:00,539.278,11.227
2026-03-01T21:05:00+00:00,541.194,11.189
2026-03-01T21:10:00+00:00,538.695,11.206
2026-03-01T21:15:00+00:00,533.562,11.177
2026-03-01T21:20:00+00:00,526.102,11.185
2026-03-01T21:25:00+00:00,524.631,11.198
2026-03-01T21:30:00+00:00,522.667,11.252
2026-03-01T21:35:00+00:00,516.194,11.277
2026-03-01T21:40:00+00:00,518.932,11.145
2026-03-01T21:45:00+00:00,517.471,11.099
2026-03-01T21:50:00+00:00,515.785,11.06
2026-03-01T21:55:00+00:00,517.612,11.048
2026-03-01T22:00:00+00:00,513.566,11.24
2026-03-01T22:05:00+00:00,507.356,11.26
2026-03-01T22:10:00+00:00,507.63,11.279
2026-03-01T22:15:00+00:00,503.608,11.2
2026-03-01T22:20:00+00:00,498.846,11.146
2026-03-01T22:25:00+00:00,493.379,11.154
2026-03-01T22:30:00+00:00,496.471,11.14
2026-03-01T22:35:00+00:00,495.418,11.119
2026-03-01T22:40:00+00:00,498.321,11.078
2026-03-01T22:45:00+00:00,486.015,11.184
2026-03-01T22:50:00+00:00,479.976,11.215
2026-03-01T22:55:00+00:00,475.19,11.248
2026-03-01T23:00:00+00:00,473.488,11.286
2026-03-01T23:05:00+00:00,474.808,11.274
2026-03-01T23:10:00+00:00,478.32,11.257
2026-03-01T23:15:00+00:00,469.281,11.206
2026-03-01T23:20:00+00:00,471.528,11.197
2026-03-01T23:25:00+00:00,469.952,11.168
2026-03-01T23:30:00+00:00,465.302,11.146
2026-03-01T23:35:00+00:00,469.315,11.129
2026-03-01T23:40:00+00:00,468.251,11.11
2026-03-01T23:45:00+00:00,467.608,11.102
2026-03-01T23:50:00+00:00,457.781,11.106
2026-03-01T23:55:00+00:00,463.469,11.098
2026-03-02T00:00:00+00:00,457.88,11.146
2026-03-02T00:05:00+00:00,466.72,11.151
2026-03-02T00:10:00+00:00,470.008,11.131
2026-03-02T00:15:00+00:00,475.0,11.076
2026-03-02T00:20:00+00:00,470.333,11.086
2026-03-02T00:25:00+00:00,469.318,11.114
2026-03-02T00:30:00+00:00,470.8,11.119
2026-03-02T00:35:00+00:00,471.852,11.074
2026-03-02T00:40:00+00:00,469.79,11.02
2026-03-02T00:45:00+00:00,467.806,11.012
2026-03-02T00:50:00+00:00,456.834,11.02
2026-03-02T00:55:00+00:00,454.323,11.026
2026-03-02T01:00:00+00:00,447.735,11.052
2026-03-02T01:05:00+00:00,448.48,11.058
2026-03-02T01:10:00+00:00,449.616,11.058
2026-03-02T01:15:00+00:00,448.656,11.038
2026-03-02T01:20:00+00:00,462.763,11.024
2026-03-02T01:25:00+00:00,464.987,11.053
2026-03-02T01:30:00+00:00,459.576,11.076
2026-03-02T01:35:00+00:00,457.541,11.099
2026-03-02T01:40:00+00:00,454.806,11.096
2026-03-02T01:45:00+00:00,459.506,11.11
2026-03-02T01:50:00+00:00,454.342,11.105
2026-03-02T01:55:00+00:00,453.121,11.099
2026-03-02T02:00:00+00:00,452.857,11.128
2026-03-02T02:05:00+00:00,454.836,11.09
2026-03-02T02:10:00+00:00,455.65,11.068
2026-03-02T02:15:00+00:00,455.924,11.058
2026-03-02T02:20:00+00:00,453.732,11.094
2026-03-02T02:25:00+00:00,453.545,11.112
2026-03-02T02:30:00+00:00,453.254,11.138
2026-03-02T02:35:00+00:00,455.73,11.13
2026-03-02T02:40:00+00:00,451.84,11.136
2026-03-02T02:45:00+00:00,445.204,11.153
2026-03-02T02:50:00+00:00,442.659,11.18
2026-03-02T02:55:00+00:00,438.524,11.21
2026-03-02T03:00:00+00:00,433.78,11.196
2026-03-02T03:05:00+00:00,436.184,11.156
2026-03-02T03:10:00+00:00,432.683,11.187
2026-03-02T03:15:00+00:00,426.445,11.215
2026-03-02T03:20:00+00:00,429.025,11.203
2026-03-02T03:25:00+00:00,430.124,11.216
2026-03-02T03:30:00+00:00,424.724,11.198
2026-03-02T03:35:00+00:00,420.332,11.197
2026-03-02T03:40:00+00:00,420.578,11.197
2026-03-02T03:45:00+00:00,422.91,11.24
2026-03-02T03:50:00+00:00,415.762,11.244
2026-03-02T03:55:00+00:00,416.004,11.265
2026-03-02T04:00:00+00:00,413.994,11.244
2026-03-02T04:05:00+00:00,415.926,11.22
2026-03-02T04:10:00+00:00,418.996,11.236
2026-03-02T04:15:00+00:00,414.098,11.221
2026-03-02T04:20:00+00:00,412.311,11.246
2026-03-02T04:25:00+00:00,412.464,11.247
2026-03-02T04:30:00+00:00,410.76,11.256
2026-03-02T04:35:00+00:00,413.928,11.228
2026-03-02T04:40:00+00:00,410.468,11.254
2026-03-02T04:45:00+00:00,413.218,11.163
2026-03-02T04:50:00+00:00,415.622,11.072
2026-03-02T04:55:00+00:00,417.175,11.067
2026-03-02T05:00:00+00:00,420.832,11.061
2026-03-02T05:05:00+00:00,421.36,11.084
2026-03-02T05:10:00+00:00,422.609,11.086
2026-03-02T05:15:00+00:00,426.178,11.082
2026-03-02T05:20:00+00:00,431.286,11.06
2026-03-02T05:25:00+00:00,433.529,11.057
2026-03-02T05:30:00+00:00,433.204,11.065
2026-03-02T05:35:00+00:00,434.426,11.101
2026-03-02T05:40:00+00:00,432.621,11.062
2026-03-02T05:45:00+00:00,430.345,11.029
2026-03-02T05:50:00+00:00,434.164,11.013
2026-03-02T05:55:00+00:00,436.696,11.04
2026-03-02T06:00:00+00:00,438.76,11.05
2026-03-02T06:05:00+00:00,446.091,11.015
2026-03-02T06:10:00+00:00,457.598,11.102
2026-03-02T06:15:00+00:00,467.357,11.14
2026-03-02T06:20:00+00:00,468.435,11.148
2026-03-02T06:25:00+00:00,471.754,11.132
2026-03-02T06:30:00+00:00,469.059,11.084
2026-03-02T06:35:00+00:00,482.51,11.056
2026-03-02T06:40:00+00:00,497.441,11.037
2026-03-02T06:45:00+00:00,497.098,11.075
2026-03-02T06:50:00+00:00,496.564,11.06
2026-03-02T06:55:00+00:00,510.536,11.046
2026-03-02T07:00:00+00:00,512.501,11.063
2026-03-02T07:05:00+00:00,509.849,11.042
2026-03-02T07:10:00+00:00,523.795,11.002
2026-03-02T07:15:00+00:00,534.151,11.027
2026-03-02T07:20:00+00:00,537.11,11.018
2026-03-02T07:25:00+00:00,546.696,11.006
2026-03-02T07:30:00+00:00,549.127,11.043
2026-03-02T07:35:00+00:00,547.55,11.067
2026-03-02T07:40:00+00:00,552.982,11.158
2026-03-02T07:45:00+00:00,553.201,11.149
2026-03-02T07:50:00+00:00,558.606,11.128
2026-03-02T07:55:00+00:00,565.44,11.105
2026-03-02T08:00:00+00:00,573.52,11.084
2026-03-02T08:05:00+00:00,567.209,11.055
2026-03-02T08:10:00+00:00,568.301,11.028
2026-03-02T08:15:00+00:00,573.2,11.026
2026-03-02T08:20:00+00:00,570.799,11.033
2026-03-02T08:25:00+00:00,589.08,11.028
2026-03-02T08:30:00+00:00,592.024,11.038
2026-03-02T08:35:00+00:00,592.878,11.03
2026-03-02T08:40:00+00:00,594.348,11.014
2026-03-02T08:45:00+00:00,589.05,11.028
2026-03-02T08:50:00+00:00,586.246,11.034
2026-03-02T08:55:00+00:00,584.466,11.054
2026-03-02T09:00:00+00:00,591.751,11.058
2026-03-02T09:05:00+00:00,594.555,11.122
2026-03-02T09:10:00+00:00,589.004,11.167
2026-03-02T09:15:00+00:00,594.045,11.162
2026-03-02T09:20:00+00:00,590.632,11.153
2026-03-02T09:25:00+00:00,594.627,11.148
2026-03-02T09:30:00+00:00,602.835,11.172
2026-03-02T09:35:00+00:00,603.893,11.238
2026-03-02T09:40:00+00:00,602.202,11.194
2026-03-02T09:45:00+00:00,599.598,11.208
2026-03-02T09:50:00+00:00,598.478,11.204
2026-03-02T09:55:00+00:00,597.83,11.193
2026-03-02T10:00:00+00:00,591.538,11.193
2026-03-02T10:05:00+00:00,579.43,11.201
2026-03-02T10:10:00+00:00,577.792,11.202
2026-03-02T10:15:00+00:00,586.272,11.208
2026-03-02T10:20:00+00:00,577.524,11.232
2026-03-02T10:25:00+00:00,570.341,11.247
2026-03-02T10:30:00+00:00,565.855,11.236
2026-03-02T10:35:00+00:00,568.116,11.198
2026-03-02T10:40:00+00:00,579.98,11.17
2026-03-02T10:45:00+00:00,579.494,11.183
2026-03-02T10:50:00+00:00,570.592,11.192
2026-03-02T10:55:00+00:00,569.978,11.196
2026-03-02T11:00:00+00:00,571.703,11.204
2026-03-02T11:05:00+00:00,566.95,11.186
2026-03-02T11:10:00+00:00,567.564,11.154
2026-03-02T11:15:00+00:00,554.848,11.18
2026-03-02T11:20:00+00:00,551.306,11.176
2026-03-02T11:25:00+00:00,566.807,11.172
2026-03-02T11:30:00+00:00,568.698,11.202
2026-03-02T11:35:00+00:00,567.559,11.185
2026-03-02T11:40:00+00:00,579.264,11.18
2026-03-02T11:45:00+00:00,573.602,11.174
2026-03-02T11:50:00+00:00,569.964,11.183
2026-03-02T11:55:00+00:00,569.627,11.188
2026-03-02T12:00:00+00:00,564.604,11.206
2026-03-02T12:05:00+00:00,556.522,11.183
2026-03-02T12:10:00+00:00,553.668,11.172
2026-03-02T12:15:00+00:00,557.31,11.171
2026-03-02T12:20:00+00:00,546.658,11.21
2026-03-02T12:25:00+00:00,555.221,11.227
2026-03-02T12:30:00+00:00,575.546,11.242
2026-03-02T12:35:00+00:00,572.193,11.268
2026-03-02T12:40:00+00:00,578.926,11.171
2026-03-02T12:45:00+00:00,576.072,11.17
2026-03-02T12:50:00+00:00,581.548,11.173
2026-03-02T12:55:00+00:00,582.596,11.192
2026-03-02T13:00:00+00:00,586.322,11.152
2026-03-02T13:05:00+00:00,591.47,11.098
2026-03-02T13:10:00+00:00,591.031,11.066
2026-03-02T13:15:00+00:00,585.276,11.085
2026-03-02T13:20:00+00:00,589.72,11.048
2026-03-02T13:25:00+00:00,580.33,11.044
2026-03-02T13:30:00+00:00,584.769,11.04
2026-03-02T13:35:00+00:00,584.406,11.032
2026-03-02T13:40:00+00:00,564.68,11.029
2026-03-02T13:45:00+00:00,569.74,11.026
2026-03-02T13:50:00+00:00,561.724,11.066
2026-03-02T13:55:00+00:00,562.976,11.056
2026-03-02T14:00:00+00:00,566.31,11.08
2026-03-02T14:05:00+00:00,560.206,11.11
2026-03-02T14:10:00+00:00,560.412,11.091
2026-03-02T14:15:00+00:00,556.014,11.092
2026-03-02T14:20:00+00:00,558.589,11.099
2026-03-02T14:25:00+00:00,552.412,11.108
2026-03-02T14:30:00+00:00,560.69,11.111
2026-03-02T14:35:00+00:00,566.64,11.11
2026-03-02T14:40:00+00:00,576.923,11.099
2026-03-02T14:45:00+00:00,588.75,11.09
2026-03-02T14:50:00+00:00,582.051,11.097
2026-03-02T14:55:00+00:00,565.19,11.135
2026-03-02T15:00:00+00:00,567.209,11.143
2026-03-02T15:05:00+00:00,570.658,11.122
2026-03-02T15:10:00+00:00,575.945,11.138
2026-03-02T15:15:00+00:00,578.942,11.15
2026-03-02T15:20:00+00:00,576.734,11.146
2026-03-02T15:25:00+00:00,573.44,11.136
2026-03-02T15:30:00+00:00,590.006,11.098
2026-03-02T15:35:00+00:00,597.316,11.098
2026-03-02T15:40:00+00:00,590.532,11.094
2026-03-02T15:45:00+00:00,601.954,11.11
2026-03-02T15:50:00+00:00,597.051,11.152
2026-03-02T15:55:00+00:00,596.127,11.15
2026-03-02T16:00:00+00:00,604.148,11.148
2026-03-02T16:05:00+00:00,606.344,11.135
2026-03-02T16:10:00+00:00,587.399,11.159
2026-03-02T16:15:00+00:00,592.461,11.138
2026-03-02T16:20:00+00:00,592.784,11.142
2026-03-02T16:25:00+00:00,592.512,11.134
2026-03-02T16:30:00+00:00,586.41,11.15
2026-03-02T16:35:00+00:00,596.098,11.117
2026-03-02T16:40:00+00:00,604.684,11.099
2026-03-02T16:45:00+00:00,608.004,11.104
2026-03-02T16:50:00+00:00,608.837,11.093
2026-03-02T16:55:00+00:00,615.526,11.076
2026-03-02T17:00:00+00:00,617.603,11.08
2026-03-02T17:05:00+00:00,618.783,11.083
2026-03-02T17:10:00+00:00,618.41,11.1
2026-03-02T17:15:00+00:00,612.295,11.128
2026-03-02T17:20:00+00:00,618.406,11.114
2026-03-02T17:25:00+00:00,628.681,11.088
2026-03-02T17:30:00+00:00,629.64,11.08
2026-03-02T17:35:00+00:00,634.866,11.07
2026-03-02T17:40:00+00:00,635.905,11.07
2026-03-02T17:45:00+00:00,632.818,11.074
2026-03-02T17:50:00+00:00,641.031,11.079
2026-03-02T17:55:00+00:00,644.006,11.076
2026-03-02T18:00:00+00:00,646.229,11.072
2026-03-02T18:05:00+00:00,648.252,11.164
2026-03-02T18:10:00+00:00,643.131,11.223
2026-03-02T18:15:00+00:00,640.764,11.208
2026-03-02T18:20:00+00:00,630.286,11.21
2026-03-02T18:25:00+00:00,631.014,11.208
2026-03-02T18:30:00+00:00,625.219,11.239
2026-03-02T18:35:00+00:00,626.67,11.238
2026-03-02T18:40:00+00:00,629.034,11.196
2026-03-02T18:45:00+00:00,628.892,11.194
2026-03-02T18:50:00+00:00,629.91,11.212
2026-03-02T18:55:00+00:00,624.512,11.214
2026-03-02T19:00:00+00:00,622.18,11.256
2026-03-02T19:05:00+00:00,620.878,11.297
2026-03-02T19:10:00+00:00,618.743,11.288
2026-03-02T19:15:00+00:00,616.772,11.276
2026-03-02T19:20:00+00:00,609.026,11.312
2026-03-02T19:25:00+00:00,607.56,11.326
2026-03-02T19:30:00+00:00,608.554,11.348
2026-03-02T19:35:00+00:00,602.187,11.332
2026-03-02T19:40:00+00:00,607.945,11.326
2026-03-02T19:45:00+00:00,603.078,11.285
2026-03-02T19:50:00+00:00,602.556,11.252
2026-03-02T19:55:00+00:00,599.419,11.266
2026-03-02T20:00:00+00:00,589.404,11.204
2026-03-02T20:05:00+00:00,586.472,11.18
2026-03-02T20:10:00+00:00,580.84,11.19
2026-03-02T20:15:00+00:00,579.959,11.128
2026-03-02T20:20:00+00:00,583.095,11.086
2026-03-02T20:25:00+00:00,583.21,11.076
2026-03-02T20:30:00+00:00,578.07,11.1
2026-03-02T20:35:00+00:00,580.558,11.172
2026-03-02T20:40:00+00:00,572.182,11.186
2026-03-02T20:45:00+00:00,572.004,11.162
2026-03-02T20:50:00+00:00,581.84,11.146
2026-03-02T20:55:00+00:00,565.219,11.187
2026-03-02T21:00:00+00:00,557.972,11.212
2026-03-02T21:05:00+00:00,562.606,11.126
2026-03-02T21:10:00+00:00,566.565,11.132
2026-03-02T21:15:00+00:00,558.32,11.128
2026-03-02T21:20:00+00:00,558.932,11.151
2026-03-02T21:25:00+00:00,555.224,11.206
2026-03-02T21:30:00+00:00,548.582,11.19
2026-03-02T21:35:00+00:00,541.434,11.17
2026-03-02T21:40:00+00:00,542.93,11.166
2026-03-02T21:45:00+00:00,540.477,11.171
2026-03-02T21:50:00+00:00,528.44,11.196
2026-03-02T21:55:00+00:00,524.234,11.227
2026-03-02T22:00:00+00:00,524.646,11.25
2026-03-02T22:05:00+00:00,519.112,11.279
2026-03-02T22:10:00+00:00,517.371,11.244
2026-03-02T22:15:00+00:00,517.969,11.228
2026-03-02T22:20:00+00:00,511.001,11.25
2026-03-02T22:25:00+00:00,508.328,11.252
2026-03-02T22:30:00+00:00,504.162,11.253
2026-03-02T22:35:00+00:00,504.018,11.267
2026-03-02T22:40:00+00:00,498.227,11.297
2026-03-02T22:45:00+00:00,496.726,11.231
2026-03-02T22:50:00+00:00,495.236,11.152
2026-03-02T22:55:00+00:00,492.074,11.169
2026-03-02T23:00:00+00:00,488.944,11.196
2026-03-02T23:05:00+00:00,493.037,11.045
2026-03-02T23:10:00+00:00,490.682,11.084
2026-03-02T23:15:00+00:00,492.098,11.108
2026-03-02T23:20:00+00:00,487.958,11.112
2026-03-02T23:25:00+00:00,486.334,11.15
2026-03-02T23:30:00+00:00,486.941,11.082
2026-03-02T23:35:00+00:00,481.599,11.081
2026-03-02T23:40:00+00:00,475.968,11.086
2026-03-02T23:45:00+00:00,476.172,11.088
2026-03-02T23:50:00+00:00,477.584,11.112
2026-03-02T23:55:00+00:00,471.801,11.118
2026-03-03T00:00:00+00:00,475.252,11.142
2026-03-03T00:05:00+00:00,483.912,11.087
2026-03-03T00:10:00+00:00,486.014,11.046
2026-03-03T00:15:00+00:00,479.942,11.058
2026-03-03T00:20:00+00:00,470.011,11.086
2026-03-03T00:25:00+00:00,469.315,11.102
2026-03-03T00:30:00+00:00,483.076,11.09
2026-03-03T00:35:00+00:00,470.877,11.067
2026-03-03T00:40:00+00:00,469.417,11.046
2026-03-03T00:45:00+00:00,468.706,11.126
2026-03-03T00:50:00+00:00,468.561,11.234
2026-03-03T00:55:00+00:00,463.564,11.225
2026-03-03T01:00:00+00:00,469.172,11.227
2026-03-03T01:05:00+00:00,467.506,11.194
2026-03-03T01:10:00+00:00,472.005,11.198
2026-03-03T01:15:00+00:00,470.588,11.228
2026-03-03T01:20:00+00:00,469.852,11.232
2026-03-03T01:25:00+00:00,472.662,11.244
2026-03-03T01:30:00+00:00,464.798,11.276
2026-03-03T01:35:00+00:00,466.49,11.266
2026-03-03T01:40:00+00:00,466.398,11.264
2026-03-03T01:45:00+00:00,467.688,11.272
2026-03-03T01:50:00+00:00,463.379,11.196
2026-03-03T01:55:00+00:00,468.172,11.186
2026-03-03T02:00:00+00:00,469.538,11.196
2026-03-03T02:05:00+00:00,471.127,11.166
2026-03-03T02:10:00+00:00,475.398,11.172
2026-03-03T02:15:00+00:00,463.978,11.196
2026-03-03T02:20:00+00:00,460.027,11.11
2026-03-03T02:25:00+00:00,461.188,11.1
2026-03-03T02:30:00+00:00,457.182,11.104
2026-03-03T02:35:00+00:00,454.818,11.134
2026-03-03T02:40:00+00:00,456.019,11.12
2026-03-03T02:45:00+00:00,459.328,11.092
2026-03-03T02:50:00+00:00,457.814,11.102
2026-03-03T02:55:00+00:00,452.041,11.142
2026-03-03T03:00:00+00:00,452.782,11.156
2026-03-03T03:05:00+00:00,455.046,11.144
2026-03-03T03:10:00+00:00,458.086,11.133
2026-03-03T03:15:00+00:00,452.924,11.141
2026-03-03T03:20:00+00:00,452.188,11.136
2026-03-03T03:25:00+00:00,453.99,11.131
2026-03-03T03:30:00+00:00,451.476,11.15
2026-03-03T03:35:00+00:00,448.217,11.186
2026-03-03T03:40:00+00:00,447.324,11.188
2026-03-03T03:45:00+00:00,451.608,11.186
2026-03-03T03:50:00+00:00,449.13,11.183
2026-03-03T03:55:00+00:00,455.326,11.182
2026-03-03T04:00:00+00:00,444.79,11.209
2026-03-03T04:05:00+00:00,453.145,11.202
2026-03-03T04:10:00+00:00,453.842,11.206
2026-03-03T04:15:00+00:00,454.999,11.187
2026-03-03T04:20:00+00:00,450.428,11.192
2026-03-03T04:25:00+00:00,446.379,11.197
2026-03-03T04:30:00+00:00,449.85,11.221
2026-03-03T04:35:00+00:00,446.24,11.211
2026-03-03T04:40:00+00:00,450.526,11.189
2026-03-03T04:45:00+00:00,451.239,11.198
2026-03-03T04:50:00+00:00,448.586,11.194
2026-03-03T04:55:00+00:00,455.079,11.206
2026-03-03T05:00:00+00:00,454.4,11.206
2026-03-03T05:05:00+00:00,452.916,11.215
2026-03-03T05:10:00+00:00,447.644,11.219
2026-03-03T05:15:00+00:00,452.679,11.207
2026-03-03T05:20:00+00:00,456.706,11.21
2026-03-03T05:25:00+00:00,453.115,11.208
2026-03-03T05:30:00+00:00,455.928,11.21
2026-03-03T05:35:00+00:00,453.47,11.2
2026-03-03T05:40:00+00:00,453.134,11.192
2026-03-03T05:45:00+00:00,449.632,11.189
2026-03-03T05:50:00+00:00,461.193,11.189
2026-03-03T05:55:00+00:00,463.621,11.157
2026-03-03T06:00:00+00:00,459.42,11.156
2026-03-03T06:05:00+00:00,468.882,11.116
2026-03-03T06:10:00+00:00,477.502,11.082
2026-03-03T06:15:00+00:00,481.912,11.067
2026-03-03T06:20:00+00:00,486.983,11.078
2026-03-03T06:25:00+00:00,498.564,11.06
2026-03-03T06:30:00+00:00,501.067,11.056
2026-03-03T06:35:00+00:00,498.31,11.061
2026-03-03T06:40:00+00:00,504.628,11.038
2026-03-03T06:45:00+00:00,511.513,11.024
2026-03-03T06:50:00+00:00,517.942,11.003
2026-03-03T06:55:00+00:00,524.725,11.026
2026-03-03T07:00:00+00:00,529.593,11.106
2026-03-03T07:05:00+00:00,537.037,11.102
2026-03-03T07:10:00+00:00,539.272,11.106
2026-03-03T07:15:00+00:00,537.87,11.162
2026-03-03T07:20:00+00:00,543.168,11.143
2026-03-03T07:25:00+00:00,543.93,11.162
2026-03-03T07:30:00+00:00,550.104,11.215
2026-03-03T07:35:00+00:00,544.74,11.228
2026-03-03T07:40:00+00:00,560.48,11.244
2026-03-03T07:45:00+00:00,560.298,11.237
2026-03-03T07:50:00+00:00,556.479,11.228
2026-03-03T07:55:00+00:00,568.302,11.188
2026-03-03T08:00:00+00:00,565.716,11.149
2026-03-03T08:05:00+00:00,573.75,11.078
2026-03-03T08:10:00+00:00,585.494,11.086
2026-03-03T08:15:00+00:00,594.518,11.122
2026-03-03T08:20:00+00:00,593.127,11.134
2026-03-03T08:25:00+00:00,586.938,11.139
2026-03-03T08:30:00+00:00,591.314,11.132
2026-03-03T08:35:00+00:00,596.844,11.131
2026-03-03T08:40:00+00:00,589.405,11.134
2026-03-03T08:45:00+00:00,598.961,11.147
2026-03-03T08:50:00+00:00,599.843,11.148
2026-03-03T08:55:00+00:00,598.816,11.148
2026-03-03T09:00:00+00:00,594.122,11.142
2026-03-03T09:05:00+00:00,596.932,11.136
2026-03-03T09:10:00+00:00,588.445,11.144
2026-03-03T09:15:00+00:00,581.225,11.146
2026-03-03T09:20:00+00:00,581.292,11.155
2026-03-03T09:25:00+00:00,580.499,11.153
2026-03-03T09:30:00+00:00,588.206,11.156
2026-03-03T09:35:00+00:00,585.726,11.162
2026-03-03T09:40:00+00:00,590.73,11.152
2026-03-03T09:45:00+00:00,600.997,11.161
2026-03-03T09:50:00+00:00,591.248,11.166
2026-03-03T09:55:00+00:00,595.417,11.167
2026-03-03T10:00:00+00:00,588.05,11.185
2026-03-03T10:05:00+00:00,580.852,11.206
2026-03-03T10:10:00+00:00,568.755,11.2
2026-03-03T10:15:00+00:00,568.061,11.186
2026-03-03T10:20:00+00:00,568.502,11.166
2026-03-03T10:25:00+00:00,564.336,11.168
2026-03-03T10:30:00+00:00,565.081,11.166
2026-03-03T10:35:00+00:00,573.31,11.14
2026-03-03T10:40:00+00:00,584.733,11.135
2026-03-03T10:45:00+00:00,590.616,11.12
2026-03-03T10:50:00+00:00,588.694,11.11
2026-03-03T10:55:00+00:00,587.85,11.111
2026-03-03T11:00:00+00:00,589.745,11.114
2026-03-03T11:05:00+00:00,592.948,11.099
2026-03-03T11:10:00+00:00,585.057,11.113
2026-03-03T11:15:00+00:00,582.954,11.114
2026-03-03T11:20:00+00:00,576.925,11.112
2026-03-03T11:25:00+00:00,575.284,11.117
2026-03-03T11:30:00+00:00,573.21,11.138
2026-03-03T11:35:00+00:00,575.64,11.141
2026-03-03T11:40:00+00:00,571.178,11.148
2026-03-03T11:45:00+00:00,574.948,11.13
2026-03-03T11:50:00+00:00,591.234,11.108
2026-03-03T11:55:00+00:00,591.725,11.106
2026-03-03T12:00:00+00:00,586.785,11.106
2026-03-03T12:05:00+00:00,582.654,11.12
2026-03-03T12:10:00+00:00,578.984,11.116
2026-03-03T12:15:00+00:00,589.944,11.093
2026-03-03T12:20:00+00:00,591.848,11.082
2026-03-03T12:25:00+00:00,592.75,11.076
2026-03-03T12:30:00+00:00,590.324,11.089
2026-03-03T12:35:00+00:00,587.956,11.106
2026-03-03T12:40:00+00:00,585.241,11.11
2026-03-03T12:45:00+00:00,584.925,11.102
2026-03-03T12:50:00+00:00,594.722,11.076
2026-03-03T12:55:00+00:00,597.194,11.092
2026-03-03T13:00:00+00:00,583.608,11.11
2026-03-03T13:05:00+00:00,587.446,11.095
2026-03-03T13:10:00+00:00,600.636,11.082
2026-03-03T13:15:00+00:00,597.934,11.082
2026-03-03T13:20:00+00:00,589.974,11.101
2026-03-03T13:25:00+00:00,604.628,11.094
2026-03-03T13:30:00+00:00,584.928,11.114
2026-03-03T13:35:00+00:00,583.428,11.131
2026-03-03T13:40:00+00:00,575.932,11.132
2026-03-03T13:45:00+00:00,571.123,11.128
2026-03-03T13:50:00+00:00,574.158,11.112
2026-03-03T13:55:00+00:00,577.665,11.126
2026-03-03T14:00:00+00:00,564.168,11.134
2026-03-03T14:05:00+00:00,561.348,11.163
2026-03-03T14:10:00+00:00,570.125,11.167
2026-03-03T14:15:00+00:00,577.81,11.151
2026-03-03T14:20:00+00:00,580.202,11.159
2026-03-03T14:25:00+00:00,579.915,11.162
2026-03-03T14:30:00+00:00,595.251,11.164
2026-03-03T14:35:00+00:00,593.682,11.153
2026-03-03T14:40:00+00:00,593.811,11.135
2026-03-03T14:45:00+00:00,594.461,11.135
2026-03-03T14:50:00+00:00,592.461,11.137
2026-03-03T14:55:00+00:00,589.704,11.151
2026-03-03T15:00:00+00:00,591.424,11.146
2026-03-03T15:05:00+00:00,591.002,11.166
2026-03-03T15:10:00+00:00,585.137,11.162
2026-03-03T15:15:00+00:00,585.702,11.15
2026-03-03T15:20:00+00:00,591.21,11.136
2026-03-03T15:25:00+00:00,593.89,11.127
2026-03-03T15:30:00+00:00,596.206,11.126
2026-03-03T15:35:00+00:00,590.042,11.124
2026-03-03T15:40:00+00:00,591.322,11.114
2026-03-03T15:45:00+00:00,586.75,11.116
2026-03-03T15:50:00+00:00,584.652,11.111
2026-03-03T15:55:00+00:00,601.153,11.106
2026-03-03T16:00:00+00:00,607.284,11.103
2026-03-03T16:05:00+00:00,602.106,11.114
2026-03-03T16:10:00+00:00,609.742,11.094
2026-03-03T16:15:00+00:00,611.793,11.092
2026-03-03T16:20:00+00:00,612.33,11.085
2026-03-03T16:25:00+00:00,612.286,11.093
2026-03-03T16:30:00+00:00,599.065,11.119
2026-03-03T16:35:00+00:00,610.393,11.129
2026-03-03T16:40:00+00:00,609.666,11.123
2026-03-03T16:45:00+00:00,613.199,11.118
2026-03-03T16:50:00+00:00,618.098,11.112
2026-03-03T16:55:00+00:00,623.831,11.088
2026-03-03T17:00:00+00:00,617.94,11.09
2026-03-03T17:05:00+00:00,620.084,11.127
2026-03-03T17:10:00+00:00,623.598,11.123
2026-03-03T17:15:00+00:00,620.569,11.119
2026-03-03T17:20:00+00:00,618.35,11.112
2026-03-03T17:25:00+00:00,625.133,11.1
2026-03-03T17:30:00+00:00,630.93,11.095
2026-03-03T17:35:00+00:00,626.982,11.117
2026-03-03T17:40:00+00:00,625.634,11.114
2026-03-03T17:45:00+00:00,637.97,11.098
2026-03-03T17:50:00+00:00,634.422,11.11
2026-03-03T17:55:00+00:00,626.666,11.125
2026-03-03T18:00:00+00:00,621.724,11.134
2026-03-03T18:05:00+00:00,623.568,11.1
2026-03-03T18:10:00+00:00,633.219,11.076
2026-03-03T18:15:00+00:00,633.386,11.077
2026-03-03T18:20:00+00:00,634.888,11.074
2026-03-03T18:25:00+00:00,640.088,11.136
2026-03-03T18:30:00+00:00,640.609,11.166
2026-03-03T18:35:00+00:00,638.61,11.188
2026-03-03T18:40:00+00:00,631.333,11.203
2026-03-03T18:45:00+00:00,627.487,11.224
2026-03-03T18:50:00+00:00,632.008,11.18
2026-03-03T18:55:00+00:00,633.876,11.139
2026-03-03T19:00:00+00:00,631.77,11.138
2026-03-03T19:05:00+00:00,634.804,11.178
2026-03-03T19:10:00+00:00,629.048,11.182
2026-03-03T19:15:00+00:00,626.008,11.187
2026-03-03T19:20:00+00:00,622.346,11.24
2026-03-03T19:25:00+00:00,620.438,11.193
2026-03-03T19:30:00+00:00,619.746,11.201
2026-03-03T19:35:00+00:00,615.93,11.228
2026-03-03T19:40:00+00:00,619.839,11.228
2026-03-03T19:45:00+00:00,617.077,11.229
2026-03-03T19:50:00+00:00,609.135,11.228
2026-03-03T19:55:00+00:00,602.211,11.24
2026-03-03T20:00:00+00:00,600.807,11.253
2026-03-03T20:05:00+00:00,588.872,11.267
2026-03-03T20:10:00+00:00,583.923,11.279
2026-03-03T20:15:00+00:00,586.086,11.285
2026-03-03T20:20:00+00:00,590.778,11.278
2026-03-03T20:25:00+00:00,596.058,11.233
2026-03-03T20:30:00+00:00,589.996,11.236
2026-03-03T20:35:00+00:00,586.156,11.247
2026-03-03T20:40:00+00:00,584.741,11.26
2026-03-03T20:45:00+00:00,576.782,11.276
2026-03-03T20:50:00+00:00,572.246,11.27
2026-03-03T20:55:00+00:00,569.275,11.266
2026-03-03T21:00:00+00:00,566.754,11.267
2026-03-03T21:05:00+00:00,568.394,11.278
2026-03-03T21:10:00+00:00,562.182,11.286
2026-03-03T21:15:00+00:00,559.581,11.287
2026-03-03T21:20:00+00:00,563.17,11.301
2026-03-03T21:25:00+00:00,558.66,11.277
2026-03-03T21:30:00+00:00,559.004,11.272
2026-03-03T21:35:00+00:00,558.993,11.311
2026-03-03T21:40:00+00:00,554.17,11.229
2026-03-03T21:45:00+00:00,548.64,11.226
2026-03-03T21:50:00+00:00,544.544,11.23
2026-03-03T21:55:00+00:00,543.484,11.223
2026-03-03T22:00:00+00:00,535.562,11.179
2026-03-03T22:05:00+00:00,530.272,11.206
2026-03-03T22:10:00+00:00,529.456,11.189
2026-03-03T22:15:00+00:00,528.72,11.171
2026-03-03T22:20:00+00:00,529.806,11.179
2026-03-03T22:25:00+00:00,522.363,11.196
2026-03-03T22:30:00+00:00,520.524,11.227
2026-03-03T22:35:00+00:00,516.386,11.247
2026-03-03T22:40:00+00:00,512.764,11.27
2026-03-03T22:45:00+00:00,511.418,11.27
2026-03-03T22:50:00+00:00,512.899,11.278
2026-03-03T22:55:00+00:00,507.934,11.258
2026-03-03T23:00:00+00:00,509.448,11.038
2026-03-03T23:05:00+00:00,510.008,11.044
2026-03-03T23:10:00+00:00,508.858,11.054
2026-03-03T23:15:00+00:00,500.614,11.003
2026-03-03T23:20:00+00:00,494.994,11.1
2026-03-03T23:25:00+00:00,493.392,11.074
2026-03-03T23:30:00+00:00,496.976,11.062
2026-03-03T23:35:00+00:00,489.138,11.082
2026-03-03T23:40:00+00:00,493.631,11.086
2026-03-03T23:45:00+00:00,492.63,11.08
2026-03-03T23:50:00+00:00,485.202,11.094
2026-03-03T23:55:00+00:00,481.331,11.094
2026-03-04T00:00:00+00:00,485.97,11.106
2026-03-04T00:05:00+00:00,490.766,11.093
2026-03-04T00:10:00+00:00,491.613,11.068
2026-03-04T00:15:00+00:00,494.4,11.074
2026-03-04T00:20:00+00:00,495.664,11.066
2026-03-04T00:25:00+00:00,489.214,11.072
2026-03-04T00:30:00+00:00,484.727,11.076
2026-03-04T00:35:00+00:00,483.85,11.036
2026-03-04T00:40:00+00:00,476.082,11.035
2026-03-04T00:45:00+00:00,481.441,11.017
2026-03-04T00:50:00+00:00,476.396,11.03
2026-03-04T00:55:00+00:00,472.552,11.038
2026-03-04T01:00:00+00:00,476.616,11.056
2026-03-04T01:05:00+00:00,471.946,11.044
2026-03-04T01:10:00+00:00,472.775,11.026
2026-03-04T01:15:00+00:00,469.946,11.044
2026-03-04T01:20:00+00:00,479.636,11.02
2026-03-04T01:25:00+00:00,476.472,11.041
2026-03-04T01:30:00+00:00,484.47,11.052
2026-03-04T01:35:00+00:00,479.032,11.035
2026-03-04T01:40:00+00:00,481.878,11.046
2026-03-04T01:45:00+00:00,478.316,11.038
2026-03-04T01:50:00+00:00,474.916,11.04
2026-03-04T01:55:00+00:00,471.32,11.067
2026-03-04T02:00:00+00:00,476.098,11.079
2026-03-04T02:05:00+00:00,475.774,11.086
2026-03-04T02:10:00+00:00,475.216,11.076
2026-03-04T02:15:00+00:00,472.27,11.086
2026-03-04T02:20:00+00:00,476.886,11.094
2026-03-04T02:25:00+00:00,473.895,11.086
2026-03-04T02:30:00+00:00,466.314,11.113
2026-03-04T02:35:00+00:00,465.332,11.101
2026-03-04T02:40:00+00:00,461.429,11.098
2026-03-04T02:45:00+00:00,458.234,11.108
2026-03-04T02:50:00+00:00,458.27,11.116
2026-03-04T02:55:00+00:00,460.808,11.15
2026-03-04T03:00:00+00:00,458.012,11.15
2026-03-04T03:05:00+00:00,456.728,11.127
2026-03-04T03:10:00+00:00,459.257,11.106
2026-03-04T03:15:00+00:00,459.419,11.13
2026-03-04T03:20:00+00:00,466.985,11.136
2026-03-04T03:25:00+00:00,461.486,11.132
2026-03-04T03:30:00+00:00,459.168,11.151
2026-03-04T03:35:00+00:00,461.112,11.13
2026-03-04T03:40:00+00:00,451.84,11.131
2026-03-04T03:45:00+00:00,453.332,11.134
2026-03-04T03:50:00+00:00,451.978,11.136
2026-03-04T03:55:00+00:00,458.958,11.163
2026-03-04T04:00:00+00:00,456.898,11.164
2026-03-04T04:05:00+00:00,456.824,11.158
2026-03-04T04:10:00+00:00,459.891,11.168
2026-03-04T04:15:00+00:00,456.28,11.175
2026-03-04T04:20:00+00:00,450.441,11.172
2026-03-04T04:25:00+00:00,456.697,11.19
2026-03-04T04:30:00+00:00,458.232,11.184
2026-03-04T04:35:00+00:00,456.23,11.134
2026-03-04T04:40:00+00:00,458.985,11.123
2026-03-04T04:45:00+00:00,458.65,11.119
2026-03-04T04:50:00+00:00,461.31,11.122
2026-03-04T04:55:00+00:00,457.774,11.15
2026-03-04T05:00:00+00:00,454.05,11.17
2026-03-04T05:05:00+00:00,453.982,11.178
2026-03-04T05:10:00+00:00,457.391,11.168
2026-03-04T05:15:00+00:00,460.269,11.168
2026-03-04T05:20:00+00:00,463.125,11.166
2026-03-04T05:25:00+00:00,465.607,11.17
2026-03-04T05:30:00+00:00,467.744,11.173
2026-03-04T05:35:00+00:00,461.487,11.169
2026-03-04T05:40:00+00:00,464.514,11.154
2026-03-04T05:45:00+00:00,466.736,11.152
2026-03-04T05:50:00+00:00,469.53,11.141
2026-03-04T05:55:00+00:00,465.732,11.125
2026-03-04T06:00:00+00:00,463.414,11.138
2026-03-04T06:05:00+00:00,471.454,11.117
2026-03-04T06:10:00+00:00,475.956,11.082
2026-03-04T06:15:00+00:00,484.898,11.061
2026-03-04T06:20:00+00:00,493.19,11.052
2026-03-04T06:25:00+00:00,499.265,11.04
2026-03-04T06:30:00+00:00,502.513,11.035
2026-03-04T06:35:00+00:00,503.932,11.016
2026-03-04T06:40:00+00:00,509.238,11.133
2026-03-04T06:45:00+00:00,508.702,11.171
2026-03-04T06:50:00+00:00,508.778,11.152
2026-03-04T06:55:00+00:00,519.904,11.173
2026-03-04T07:00:00+00:00,525.702,11.231
2026-03-04T07:05:00+00:00,540.38,11.2
2026-03-04T07:10:00+00:00,546.129,11.159
2026-03-04T07:15:00+00:00,552.964,11.133
2026-03-04T07:20:00+00:00,550.46,11.104
2026-03-04T07:25:00+00:00,557.483,11.085
2026-03-04T07:30:00+00:00,561.222,11.086
2026-03-04T07:35:00+00:00,563.739,11.096
2026-03-04T07:40:00+00:00,560.598,11.093
2026-03-04T07:45:00+00:00,567.42,11.088
2026-03-04T07:50:00+00:00,571.444,11.068
2026-03-04T07:55:00+00:00,581.41,11.048
2026-03-04T08:00:00+00:00,577.834,11.052
2026-03-04T08:05:00+00:00,580.578,11.028
2026-03-04T08:10:00+00:00,578.204,11.041
2026-03-04T08:15:00+00:00,591.52,11.033
2026-03-04T08:20:00+00:00,592.046,11.02
2026-03-04T08:25:00+00:00,583.726,11.062
2026-03-04T08:30:00+00:00,578.766,11.072
2026-03-04T08:35:00+00:00,578.016,11.067
2026-03-04T08:40:00+00:00,571.924,11.068
2026-03-04T08:45:00+00:00,570.691,11.058
2026-03-04T08:50:00+00:00,573.328,11.063
2026-03-04T08:55:00+00:00,571.802,11.093
2026-03-04T09:00:00+00:00,575.272,11.06
2026-03-04T09:05:00+00:00,573.666,11.015
2026-03-04T09:10:00+00:00,570.514,11.018
2026-03-04T09:15:00+00:00,572.193,11.038
2026-03-04T09:20:00+00:00,568.588,11.036
2026-03-04T09:25:00+00:00,579.819,11.05
2026-03-04T09:30:00+00:00,587.323,11.046
2026-03-04T09:35:00+00:00,587.256,11.057
2026-03-04T09:40:00+00:00,592.908,11.057
2026-03-04T09:45:00+00:00,586.67,11.076
2026-03-04T09:50:00+00:00,587.372,11.068
2026-03-04T09:55:00+00:00,583.784,11.058
2026-03-04T10:00:00+00:00,576.867,11.072
2026-03-04T10:05:00+00:00,574.969,11.082
2026-03-04T10:10:00+00:00,572.359,11.096
2026-03-04T10:15:00+00:00,569.558,11.098
2026-03-04T10:20:00+00:00,562.083,11.108
2026-03-04T10:25:00+00:00,557.435,11.108
2026-03-04T10:30:00+00:00,556.594,11.116
2026-03-04T10:35:00+00:00,550.844,11.113
2026-03-04T10:40:00+00:00,553.784,11.106
2026-03-04T10:45:00+00:00,566.684,11.078
2026-03-04T10:50:00+00:00,564.764,11.076
2026-03-04T10:55:00+00:00,560.814,11.088
2026-03-04T11:00:00+00:00,562.022,11.116
2026-03-04T11:05:00+00:00,548.98,11.118
2026-03-04T11:10:00+00:00,546.822,11.112
2026-03-04T11:15:00+00:00,546.718,11.112
2026-03-04T11:20:00+00:00,559.376,11.131
2026-03-04T11:25:00+00:00,557.033,11.15
2026-03-04T11:30:00+00:00,556.823,11.176
2026-03-04T11:35:00+00:00,554.548,11.182
2026-03-04T11:40:00+00:00,548.569,11.163
2026-03-04T11:45:00+00:00,560.002,11.136
2026-03-04T11:50:00+00:00,556.796,11.144
2026-03-04T11:55:00+00:00,549.252,11.152
2026-03-04T12:00:00+00:00,553.717,11.15
2026-03-04T12:05:00+00:00,549.924,11.14
2026-03-04T12:10:00+00:00,544.548,11.142
2026-03-04T12:15:00+00:00,531.295,11.159
2026-03-04T12:20:00+00:00,540.622,11.16
2026-03-04T12:25:00+00:00,543.147,11.152
2026-03-04T12:30:00+00:00,547.498,11.151
2026-03-04T12:35:00+00:00,549.259,11.143
2026-03-04T12:40:00+00:00,545.464,11.152
2026-03-04T12:45:00+00:00,548.508,11.162
2026-03-04T12:50:00+00:00,542.275,11.17
2026-03-04T12:55:00+00:00,537.115,11.174
2026-03-04T13:00:00+00:00,543.213,11.174
2026-03-04T13:05:00+00:00,550.12,11.174
2026-03-04T13:10:00+00:00,543.78,11.179
2026-03-04T13:15:00+00:00,533.329,11.148
2026-03-04T13:20:00+00:00,537.176,11.121
2026-03-04T13:25:00+00:00,528.117,11.129
2026-03-04T13:30:00+00:00,532.216,11.133
2026-03-04T13:35:00+00:00,533.507,11.141
2026-03-04T13:40:00+00:00,526.762,11.162
2026-03-04T13:45:00+00:00,525.752,11.172
2026-03-04T13:50:00+00:00,521.522,11.174
2026-03-04T13:55:00+00:00,514.287,11.192
2026-03-04T14:00:00+00:00,514.891,11.19
2026-03-04T14:05:00+00:00,518.369,11.162
2026-03-04T14:10:00+00:00,531.085,11.146
2026-03-04T14:15:00+00:00,534.658,11.15
2026-03-04T14:20:00+00:00,537.907,11.154
2026-03-04T14:25:00+00:00,529.312,11.165
2026-03-04T14:30:00+00:00,534.274,11.166
2026-03-04T14:35:00+00:00,539.906,11.16
2026-03-04T14:40:00+00:00,540.655,11.132
2026-03-04T14:45:00+00:00,540.854,11.13
2026-03-04T14:50:00+00:00,540.35,11.112
2026-03-04T14:55:00+00:00,537.254,11.114
2026-03-04T15:00:00+00:00,545.72,11.11
2026-03-04T15:05:00+00:00,538.963,11.092
2026-03-04T15:10:00+00:00,527.114,11.094
2026-03-04T15:15:00+00:00,527.21,11.084
2026-03-04T15:20:00+00:00,527.33,11.067
2026-03-04T15:25:00+00:00,533.859,11.064
2026-03-04T15:30:00+00:00,544.503,11.048
2026-03-04T15:35:00+00:00,538.488,11.043
2026-03-04T15:40:00+00:00,530.185,11.038
2026-03-04T15:45:00+00:00,545.898,11.022
2026-03-04T15:50:00+00:00,551.41,11.013
2026-03-04T15:55:00+00:00,546.938,11.01
2026-03-04T16:00:00+00:00,559.916,10.996
2026-03-04T16:05:00+00:00,551.16,11.024
2026-03-04T16:10:00+00:00,540.741,11.006
2026-03-04T16:15:00+00:00,558.846,11.007
2026-03-04T16:20:00+00:00,552.562,11.039
2026-03-04T16:25:00+00:00,549.388,11.085
2026-03-04T16:30:00+00:00,546.238,11.114
2026-03-04T16:35:00+00:00,547.018,11.097
2026-03-04T16:40:00+00:00,547.845,11.091
2026-03-04T16:45:00+00:00,549.078,11.077
2026-03-04T16:50:00+00:00,554.396,11.084
2026-03-04T16:55:00+00:00,559.458,11.074
2026-03-04T17:00:00+00:00,555.248,11.06
2026-03-04T17:05:00+00:00,555.9,11.056
2026-03-04T17:10:00+00:00,561.782,11.061
2026-03-04T17:15:00+00:00,569.174,11.133
2026-03-04T17:20:00+00:00,575.686,11.136
2026-03-04T17:25:00+00:00,573.279,11.218
2026-03-04T17:30:00+00:00,580.91,11.209
2026-03-04T17:35:00+00:00,585.771,11.21
2026-03-04T17:40:00+00:00,584.428,11.208
2026-03-04T17:45:00+00:00,587.542,11.208
2026-03-04T17:50:00+00:00,589.117,11.214
2026-03-04T17:55:00+00:00,590.363,11.23
2026-03-04T18:00:00+00:00,591.42,11.228
2026-03-04T18:05:00+00:00,603.981,11.235
2026-03-04T18:10:00+00:00,608.178,11.244
2026-03-04T18:15:00+00:00,611.264,11.222
2026-03-04T18:20:00+00:00,611.872,11.21
2026-03-04T18:25:00+00:00,615.966,11.208
2026-03-04T18:30:00+00:00,611.754,11.225
2026-03-04T18:35:00+00:00,611.108,11.21
2026-03-04T18:40:00+00:00,609.09,11.21
2026-03-04T18:45:00+00:00,613.819,11.218
2026-03-04T18:50:00+00:00,614.658,11.24
2026-03-04T18:55:00+00:00,611.069,11.258
2026-03-04T19:00:00+00:00,606.968,11.283
2026-03-04T19:05:00+00:00,602.026,11.284
2026-03-04T19:10:00+00:00,604.266,11.268
2026-03-04T19:15:00+00:00,606.677,11.281
2026-03-04T19:20:00+00:00,602.016,11.304
2026-03-04T19:25:00+00:00,600.86,11.305
2026-03-04T19:30:00+00:00,598.752,11.302
2026-03-04T19:35:00+00:00,603.674,11.286
2026-03-04T19:40:00+00:00,599.267,11.289
2026-03-04T19:45:00+00:00,592.897,11.311
2026-03-04T19:50:00+00:00,586.818,11.324
2026-03-04T19:55:00+00:00,585.674,11.337
2026-03-04T20:00:00+00:00,586.876,11.247
2026-03-04T20:05:00+00:00,583.447,11.211
2026-03-04T20:10:00+00:00,581.433,11.217
2026-03-04T20:15:00+00:00,579.115,11.235
2026-03-04T20:20:00+00:00,580.598,11.24
2026-03-04T20:25:00+00:00,578.546,11.249
2026-03-04T20:30:00+00:00,571.791,11.247
2026-03-04T20:35:00+00:00,569.131,11.247
2026-03-04T20:40:00+00:00,565.353,11.236
2026-03-04T20:45:00+00:00,565.992,11.153
2026-03-04T20:50:00+00:00,561.98,11.152
2026-03-04T20:55:00+00:00,560.076,11.168
2026-03-04T21:00:00+00:00,559.51,11.19
2026-03-04T21:05:00+00:00,555.948,11.204
2026-03-04T21:10:00+00:00,552.114,11.226
2026-03-04T21:15:00+00:00,540.952,11.242
2026-03-04T21:20:00+00:00,540.162,11.248
2026-03-04T21:25:00+00:00,537.314,11.266
2026-03-04T21:30:00+00:00,537.216,11.262
2026-03-04T21:35:00+00:00,538.882,11.263
2026-03-04T21:40:00+00:00,536.156,11.259
2026-03-04T21:45:00+00:00,537.378,11.27
2026-03-04T21:50:00+00:00,532.677,11.279
2026-03-04T21:55:00+00:00,518.968,11.305
2026-03-04T22:00:00+00:00,515.252,11.312
2026-03-04T22:05:00+00:00,513.463,11.078
2026-03-04T22:10:00+00:00,508.592,11.113
2026-03-04T22:15:00+00:00,509.062,11.119
2026-03-04T22:20:00+00:00,509.6,11.126
2026-03-04T22:25:00+00:00,505.66,11.148
2026-03-04T22:30:00+00:00,504.602,11.124
2026-03-04T22:35:00+00:00,503.049,11.124
2026-03-04T22:40:00+00:00,497.024,11.134
2026-03-04T22:45:00+00:00,491.856,11.148
2026-03-04T22:50:00+00:00,494.714,11.152
2026-03-04T22:55:00+00:00,487.631,11.14
2026-03-04T23:00:00+00:00,483.725,11.108
2026-03-04T23:05:00+00:00,478.858,11.148
2026-03-04T23:10:00+00:00,477.85,11.155
2026-03-04T23:15:00+00:00,478.254,11.187
2026-03-04T23:20:00+00:00,472.209,11.2
2026-03-04T23:25:00+00:00,471.191,11.2
2026-03-04T23:30:00+00:00,467.225,11.208
2026-03-04T23:35:00+00:00,470.83,11.19
2026-03-04T23:40:00+00:00,477.096,11.141
2026-03-04T23:45:00+00:00,472.059,11.131
2026-03-04T23:50:00+00:00,469.215,11.138
2026-03-04T23:55:00+00:00,466.695,11.152
2026-03-05T00:00:00+00:00,464.636,11.152
2026-03-05T00:05:00+00:00,475.374,11.105
2026-03-05T00:10:00+00:00,475.068,11.076
2026-03-05T00:15:00+00:00,475.364,11.096
2026-03-05T00:20:00+00:00,474.254,11.095
2026-03-05T00:25:00+00:00,469.886,11.104
2026-03-05T00:30:00+00:00,466.536,11.104
2026-03-05T00:35:00+00:00,462.535,11.084
2026-03-05T00:40:00+00:00,465.914,11.059
2026-03-05T00:45:00+00:00,465.427,11.164
2026-03-05T00:50:00+00:00,464.442,11.247
2026-03-05T00:55:00+00:00,463.282,11.26
2026-03-05T01:00:00+00:00,466.173,11.252
2026-03-05T01:05:00+00:00,463.638,11.249
2026-03-05T01:10:00+00:00,467.686,11.256
2026-03-05T01:15:00+00:00,470.105,11.27
2026-03-05T01:20:00+00:00,469.091,11.275
2026-03-05T01:25:00+00:00,470.292,11.275
2026-03-05T01:30:00+00:00,471.482,11.197
2026-03-05T01:35:00+00:00,468.365,11.164
2026-03-05T01:40:00+00:00,468.456,11.128
2026-03-05T01:45:00+00:00,469.821,11.134
2026-03-05T01:50:00+00:00,465.408,11.116
2026-03-05T01:55:00+00:00,461.928,11.134
2026-03-05T02:00:00+00:00,461.676,11.16
2026-03-05T02:05:00+00:00,460.386,11.152
2026-03-05T02:10:00+00:00,462.684,11.152
2026-03-05T02:15:00+00:00,466.074,11.16
2026-03-05T02:20:00+00:00,460.186,11.17
2026-03-05T02:25:00+00:00,457.932,11.161
2026-03-05T02:30:00+00:00,461.168,11.173
2026-03-05T02:35:00+00:00,456.173,11.171
2026-03-05T02:40:00+00:00,459.134,11.184
2026-03-05T02:45:00+00:00,456.21,11.197
2026-03-05T02:50:00+00:00,452.523,11.212
2026-03-05T02:55:00+00:00,446.414,11.228
2026-03-05T03:00:00+00:00,446.609,11.226
2026-03-05T03:05:00+00:00,452.561,11.209
2026-03-05T03:10:00+00:00,451.179,11.21
2026-03-05T03:15:00+00:00,447.778,11.205
2026-03-05T03:20:00+00:00,444.023,11.189
2026-03-05T03:25:00+00:00,440.104,11.196
2026-03-05T03:30:00+00:00,436.398,11.219
2026-03-05T03:35:00+00:00,430.494,11.243
2026-03-05T03:40:00+00:00,427.372,11.24
2026-03-05T03:45:00+00:00,435.596,11.23
2026-03-05T03:50:00+00:00,435.913,11.237
2026-03-05T03:55:00+00:00,437.047,11.249
2026-03-05T04:00:00+00:00,438.261,11.262
2026-03-05T04:05:00+00:00,437.444,11.25
2026-03-05T04:10:00+00:00,434.472,11.242
2026-03-05T04:15:00+00:00,436.99,11.246
2026-03-05T04:20:00+00:00,430.379,11.246
2026-03-05T04:25:00+00:00,436.904,11.243
2026-03-05T04:30:00+00:00,434.446,11.244
2026-03-05T04:35:00+00:00,435.449,11.252
2026-03-05T04:40:00+00:00,431.3,11.246
2026-03-05T04:45:00+00:00,433.31,11.252
2026-03-05T04:50:00+00:00,422.621,11.258
2026-03-05T04:55:00+00:00,425.904,11.248
2026-03-05T05:00:00+00:00,423.15,11.244
2026-03-05T05:05:00+00:00,421.648,11.21
2026-03-05T05:10:00+00:00,424.182,11.189
2026-03-05T05:15:00+00:00,426.829,11.187
2026-03-05T05:20:00+00:00,427.635,11.192
2026-03-05T05:25:00+00:00,437.455,11.185
2026-03-05T05:30:00+00:00,433.886,11.204
2026-03-05T05:35:00+00:00,429.765,11.214
2026-03-05T05:40:00+00:00,426.775,11.222
2026-03-05T05:45:00+00:00,431.854,11.215
2026-03-05T05:50:00+00:00,430.058,11.208
2026-03-05T05:55:00+00:00,435.81,11.214
2026-03-05T06:00:00+00:00,435.932,11.233
2026-03-05T06:05:00+00:00,438.972,11.183
2026-03-05T06:10:00+00:00,442.441,11.126
2026-03-05T06:15:00+00:00,450.553,11.156
2026-03-05T06:20:00+00:00,444.475,11.162
2026-03-05T06:25:00+00:00,451.46,11.149
2026-03-05T06:30:00+00:00,457.809,11.154
2026-03-05T06:35:00+00:00,459.548,11.128
2026-03-05T06:40:00+00:00,461.42,11.095
2026-03-05T06:45:00+00:00,467.758,11.089
2026-03-05T06:50:00+00:00,475.073,11.062
2026-03-05T06:55:00+00:00,483.201,11.041
2026-03-05T07:00:00+00:00,489.366,11.032
2026-03-05T07:05:00+00:00,497.596,11.036
2026-03-05T07:10:00+00:00,505.621,11.147
2026-03-05T07:15:00+00:00,514.342,11.14
2026-03-05T07:20:00+00:00,514.403,11.152
2026-03-05T07:25:00+00:00,519.597,11.149
2026-03-05T07:30:00+00:00,529.861,11.144
2026-03-05T07:35:00+00:00,521.514,11.13
2026-03-05T07:40:00+00:00,528.993,11.114
2026-03-05T07:45:00+00:00,534.294,11.108
2026-03-05T07:50:00+00:00,533.232,11.105
2026-03-05T07:55:00+00:00,535.038,11.115
2026-03-05T08:00:00+00:00,535.529,11.112
2026-03-05T08:05:00+00:00,540.755,11.106
2026-03-05T08:10:00+00:00,542.207,11.11
2026-03-05T08:15:00+00:00,542.675,11.125
2026-03-05T08:20:00+00:00,540.6,11.133
2026-03-05T08:25:00+00:00,541.264,11.132
2026-03-05T08:30:00+00:00,547.182,11.134
2026-03-05T08:35:00+00:00,556.123,11.132
2026-03-05T08:40:00+00:00,557.63,11.152
2026-03-05T08:45:00+00:00,556.99,11.156
2026-03-05T08:50:00+00:00,565.216,11.141
2026-03-05T08:55:00+00:00,562.947,11.13
2026-03-05T09:00:00+00:00,567.25,11.134
2026-03-05T09:05:00+00:00,562.942,11.138
2026-03-05T09:10:00+00:00,558.74,11.092
2026-03-05T09:15:00+00:00,560.389,11.065
2026-03-05T09:20:00+00:00,558.558,11.074
2026-03-05T09:25:00+00:00,552.294,11.077
2026-03-05T09:30:00+00:00,558.369,11.095
2026-03-05T09:35:00+00:00,564.624,11.095
2026-03-05T09:40:00+00:00,562.91,11.096
2026-03-05T09:45:00+00:00,565.813,11.105
2026-03-05T09:50:00+00:00,568.196,11.114
2026-03-05T09:55:00+00:00,559.633,11.124
2026-03-05T10:00:00+00:00,552.142,11.154
2026-03-05T10:05:00+00:00,555.238,11.18
2026-03-05T10:10:00+00:00,559.286,11.153
2026-03-05T10:15:00+00:00,546.948,11.168
2026-03-05T10:20:00+00:00,549.062,11.163
2026-03-05T10:25:00+00:00,542.709,11.164
2026-03-05T10:30:00+00:00,553.055,11.152
2026-03-05T10:35:00+00:00,543.353,11.13
2026-03-05T10:40:00+00:00,544.96,11.125
2026-03-05T10:45:00+00:00,557.33,11.108
2026-03-05T10:50:00+00:00,556.73,11.129
2026-03-05T10:55:00+00:00,555.151,11.131
2026-03-05T11:00:00+00:00,544.666,11.144
2026-03-05T11:05:00+00:00,537.302,11.142
2026-03-05T11:10:00+00:00,542.459,11.134
2026-03-05T11:15:00+00:00,542.793,11.136
2026-03-05T11:20:00+00:00,544.614,11.136
2026-03-05T11:25:00+00:00,543.483,11.15
2026-03-05T11:30:00+00:00,534.512,11.161
2026-03-05T11:35:00+00:00,529.94,11.152
2026-03-05T11:40:00+00:00,539.695,11.138
2026-03-05T11:45:00+00:00,546.698,11.125
2026-03-05T11:50:00+00:00,539.355,11.132
2026-03-05T11:55:00+00:00,542.541,11.14
2026-03-05T12:00:00+00:00,546.336,11.15
2026-03-05T12:05:00+00:00,539.218,11.134
2026-03-05T12:10:00+00:00,552.204,11.13
2026-03-05T12:15:00+00:00,557.24,11.122
2026-03-05T12:20:00+00:00,562.721,11.128
2026-03-05T12:25:00+00:00,555.464,11.147
2026-03-05T12:30:00+00:00,571.71,11.132
2026-03-05T12:35:00+00:00,567.956,11.165
2026-03-05T12:40:00+00:00,551.243,11.17
2026-03-05T12:45:00+00:00,551.86,11.168
2026-03-05T12:50:00+00:00,555.238,11.181
2026-03-05T12:55:00+00:00,557.714,11.173
2026-03-05T13:00:00+00:00,561.476,11.172
2026-03-05T13:05:00+00:00,565.86,11.138
2026-03-05T13:10:00+00:00,566.756,11.118
2026-03-05T13:15:00+00:00,563.686,11.126
2026-03-05T13:20:00+00:00,573.932,11.157
2026-03-05T13:25:00+00:00,576.73,11.163
2026-03-05T13:30:00+00:00,581.332,11.15
2026-03-05T13:35:00+00:00,564.5,11.144
2026-03-05T13:40:00+00:00,561.038,11.115
2026-03-05T13:45:00+00:00,559.897,11.134
2026-03-05T13:50:00+00:00,545.258,11.162
2026-03-05T13:55:00+00:00,537.56,11.17
2026-03-05T14:00:00+00:00,531.996,11.175
2026-03-05T14:05:00+00:00,548.096,11.118
2026-03-05T14:10:00+00:00,551.908,11.123
2026-03-05T14:15:00+00:00,560.766,11.118
2026-03-05T14:20:00+00:00,558.579,11.111
2026-03-05T14:25:00+00:00,552.286,11.115
2026-03-05T14:30:00+00:00,545.849,11.122
2026-03-05T14:35:00+00:00,539.482,11.132
2026-03-05T14:40:00+00:00,542.678,11.114
2026-03-05T14:45:00+00:00,540.355,11.104
2026-03-05T14:50:00+00:00,548.319,11.102
2026-03-05T14:55:00+00:00,560.938,11.104
2026-03-05T15:00:00+00:00,562.17,11.091
2026-03-05T15:05:00+00:00,569.815,11.106
2026-03-05T15:10:00+00:00,576.647,11.109
2026-03-05T15:15:00+00:00,567.804,11.118
2026-03-05T15:20:00+00:00,562.371,11.106
2026-03-05T15:25:00+00:00,572.122,11.092
2026-03-05T15:30:00+00:00,579.428,11.08
2026-03-05T15:35:00+00:00,574.792,11.084
2026-03-05T15:40:00+00:00,572.785,11.077
2026-03-05T15:45:00+00:00,577.941,11.074
2026-03-05T15:50:00+00:00,586.018,11.055
2026-03-05T15:55:00+00:00,586.539,11.042
2026-03-05T16:00:00+00:00,585.278,11.051
2026-03-05T16:05:00+00:00,578.541,11.079
2026-03-05T16:10:00+00:00,581.016,11.053
2026-03-05T16:15:00+00:00,581.993,11.05
2026-03-05T16:20:00+00:00,571.392,11.074
2026-03-05T16:25:00+00:00,568.968,11.112
2026-03-05T16:30:00+00:00,556.294,11.145
2026-03-05T16:35:00+00:00,563.096,11.125
2026-03-05T16:40:00+00:00,563.592,11.131
2026-03-05T16:45:00+00:00,569.804,11.108
2026-03-05T16:50:00+00:00,569.494,11.125
2026-03-05T16:55:00+00:00,569.32,11.13
2026-03-05T17:00:00+00:00,568.288,11.109
2026-03-05T17:05:00+00:00,567.618,11.113
2026-03-05T17:10:00+00:00,566.482,11.108
2026-03-05T17:15:00+00:00,572.2,11.09
2026-03-05T17:20:00+00:00,581.953,11.095
2026-03-05T17:25:00+00:00,593.91,11.054
2026-03-05T17:30:00+00:00,597.996,11.057
2026-03-05T17:35:00+00:00,608.368,11.064
2026-03-05T17:40:00+00:00,603.774,11.094
2026-03-05T17:45:00+00:00,598.536,11.088
2026-03-05T17:50:00+00:00,593.372,11.075
2026-03-05T17:55:00+00:00,593.091,11.093
2026-03-05T18:00:00+00:00,586.206,11.119
2026-03-05T18:05:00+00:00,597.189,11.084
2026-03-05T18:10:00+00:00,602.977,11.073
2026-03-05T18:15:00+00:00,599.954,11.078
2026-03-05T18:20:00+00:00,601.526,11.113
2026-03-05T18:25:00+00:00,604.91,11.168
2026-03-05T18:30:00+00:00,606.614,11.162
2026-03-05T18:35:00+00:00,615.327,11.166
2026-03-05T18:40:00+00:00,609.098,11.184
2026-03-05T18:45:00+00:00,606.046,11.191
2026-03-05T18:50:00+00:00,606.796,11.189
2026-03-05T18:55:00+00:00,605.856,11.194
2026-03-05T19:00:00+00:00,593.288,11.208
2026-03-05T19:05:00+00:00,591.327,11.21
2026-03-05T19:10:00+00:00,593.09,11.206
2026-03-05T19:15:00+00:00,588.528,11.232
2026-03-05T19:20:00+00:00,586.77,11.262
2026-03-05T19:25:00+00:00,592.656,11.268
2026-03-05T19:30:00+00:00,597.07,11.232
2026-03-05T19:35:00+00:00,588.83,11.169
2026-03-05T19:40:00+00:00,594.2,11.174
2026-03-05T19:45:00+00:00,587.384,11.188
2026-03-05T19:50:00+00:00,586.886,11.21
2026-03-05T19:55:00+00:00,584.961,11.226
2026-03-05T20:00:00+00:00,574.524,11.237
2026-03-05T20:05:00+00:00,571.804,11.238
2026-03-05T20:10:00+00:00,577.022,11.24
2026-03-05T20:15:00+00:00,566.17,11.243
2026-03-05T20:20:00+00:00,573.236,11.242
2026-03-05T20:25:00+00:00,567.021,11.234
2026-03-05T20:30:00+00:00,566.038,11.246
2026-03-05T20:35:00+00:00,565.665,11.22
2026-03-05T20:40:00+00:00,564.618,11.119
2026-03-05T20:45:00+00:00,569.118,11.116
2026-03-05T20:50:00+00:00,563.812,11.126
2026-03-05T20:55:00+00:00,557.017,11.143
2026-03-05T21:00:00+00:00,557.412,11.152
2026-03-05T21:05:00+00:00,550.044,11.182
2026-03-05T21:10:00+00:00,545.01,11.165
2026-03-05T21:15:00+00:00,542.384,11.151
2026-03-05T21:20:00+00:00,533.408,11.172
2026-03-05T21:25:00+00:00,541.874,11.164
2026-03-05T21:30:00+00:00,545.562,11.186
2026-03-05T21:35:00+00:00,543.269,11.186
2026-03-05T21:40:00+00:00,537.542,11.194
2026-03-05T21:45:00+00:00,539.852,11.211
2026-03-05T21:50:00+00:00,531.734,11.207
2026-03-05T21:55:00+00:00,528.133,11.176
2026-03-05T22:00:00+00:00,519.401,11.193
2026-03-05T22:05:00+00:00,499.297,11.173
2026-03-05T22:10:00+00:00,493.368,11.146
2026-03-05T22:15:00+00:00,493.09,11.162
2026-03-05T22:20:00+00:00,493.487,11.176
2026-03-05T22:25:00+00:00,490.845,11.206
2026-03-05T22:30:00+00:00,494.968,11.162
2026-03-05T22:35:00+00:00,496.808,11.117
2026-03-05T22:40:00+00:00,495.085,11.093
2026-03-05T22:45:00+00:00,490.549,11.109
2026-03-05T22:50:00+00:00,489.706,11.101
2026-03-05T22:55:00+00:00,481.956,11.12
2026-03-05T23:00:00+00:00,482.002,11.129
2026-03-05T23:05:00+00:00,476.33,11.138
2026-03-05T23:10:00+00:00,469.976,11.172
2026-03-05T23:15:00+00:00,473.4,11.16
2026-03-05T23:20:00+00:00,475.283,11.14
2026-03-05T23:25:00+00:00,473.658,11.136
2026-03-05T23:30:00+00:00,471.439,11.17
2026-03-05T23:35:00+00:00,470.668,11.174
2026-03-05T23:40:00+00:00,462.688,11.164
2026-03-05T23:45:00+00:00,467.153,11.178
2026-03-05T23:50:00+00:00,467.732,11.186
2026-03-05T23:55:00+00:00,466.112,11.18
2026-03-06T00:00:00+00:00,463.608,11.204
