ValueDate,Amps,Volts
2026-02-26T00:05:00+00:00,309.676,32.817
2026-02-26T00:10:00+00:00,316.868,32.672
2026-02-26T00:15:00+00:00,319.994,32.544
2026-02-26T00:20:00+00:00,317.488,32.576
2026-02-26T00:25:00+00:00,317.311,32.725
2026-02-26T00:30:00+00:00,315.74,32.894
2026-02-26T00:35:00+00:00,331.85,32.734
2026-02-26T00:40:00+00:00,342.799,32.624
2026-02-26T00:45:00+00:00,346.768,32.606
2026-02-26T00:50:00+00:00,346.744,32.534
2026-02-26T00:55:00+00:00,346.869,32.511
2026-02-26T01:00:00+00:00,346.656,32.588
2026-02-26T01:05:00+00:00,349.473,32.607
2026-02-26T01:10:00+00:00,349.773,32.63
2026-02-26T01:15:00+00:00,347.86,32.644
2026-02-26T01:20:00+00:00,344.924,32.704
2026-02-26T01:25:00+00:00,342.861,32.739
2026-02-26T01:30:00+00:00,341.424,32.776
2026-02-26T01:35:00+00:00,337.444,32.783
2026-02-26T01:40:00+00:00,338.144,32.824
2026-02-26T01:45:00+00:00,335.47,32.822
2026-02-26T01:50:00+00:00,333.571,32.819
2026-02-26T01:55:00+00:00,330.452,32.838
2026-02-26T02:00:00+00:00,325.472,32.903
2026-02-26T02:05:00+00:00,331.448,32.838
2026-02-26T02:10:00+00:00,333.029,32.804
2026-02-26T02:15:00+00:00,331.16,32.828
2026-02-26T02:20:00+00:00,330.06,32.817
2026-02-26T02:25:00+00:00,328.286,32.86
2026-02-26T02:30:00+00:00,326.312,32.826
2026-02-26T02:35:00+00:00,324.398,32.869
2026-02-26T02:40:00+00:00,323.198,32.959
2026-02-26T02:45:00+00:00,322.09,32.973
2026-02-26T02:50:00+00:00,323.202,32.996
2026-02-26T02:55:00+00:00,318.624,33.0
2026-02-26T03:00:00+00:00,315.309,33.024
2026-02-26T03:05:00+00:00,313.59,33.02
2026-02-26T03:10:00+00:00,312.367,32.994
2026-02-26T03:15:00+00:00,310.306,33.082
2026-02-26T03:20:00+00:00,308.608,33.118
2026-02-26T03:25:00+00:00,305.228,33.176
2026-02-26T03:30:00+00:00,304.965,33.144
2026-02-26T03:35:00+00:00,305.155,33.152
2026-02-26T03:40:00+00:00,299.81,33.172
2026-02-26T03:45:00+00:00,298.642,33.186
2026-02-26T03:50:00+00:00,297.068,33.207
2026-02-26T03:55:00+00:00,293.403,33.232
2026-02-26T04:00:00+00:00,290.364,33.297
2026-02-26T04:05:00+00:00,289.99,33.225
2026-02-26T04:10:00+00:00,293.23,33.2
2026-02-26T04:15:00+00:00,291.321,33.19
2026-02-26T04:20:00+00:00,291.653,33.192
2026-02-26T04:25:00+00:00,289.462,33.218
2026-02-26T04:30:00+00:00,287.846,33.23
2026-02-26T04:35:00+00:00,287.492,33.225
2026-02-26T04:40:00+00:00,287.553,33.232
2026-02-26T04:45:00+00:00,287.317,33.26
2026-02-26T04:50:00+00:00,288.678,33.252
2026-02-26T04:55:00+00:00,289.541,33.321
2026-02-26T05:00:00+00:00,291.595,33.261
2026-02-26T05:05:00+00:00,292.231,33.179
2026-02-26T05:10:00+00:00,292.794,33.136
2026-02-26T05:15:00+00:00,291.573,33.185
2026-02-26T05:20:00+00:00,290.661,33.17
2026-02-26T05:25:00+00:00,288.915,33.177
2026-02-26T05:30:00+00:00,287.43,33.165
2026-02-26T05:35:00+00:00,287.964,33.117
2026-02-26T05:40:00+00:00,291.71,33.106
2026-02-26T05:45:00+00:00,292.631,33.08
2026-02-26T05:50:00+00:00,294.944,33.052
2026-02-26T05:55:00+00:00,297.075,33.026
2026-02-26T06:00:00+00:00,300.922,32.982
2026-02-26T06:05:00+00:00,310.72,32.732
2026-02-26T06:10:00+00:00,318.827,32.65
2026-02-26T06:15:00+00:00,325.845,32.692
2026-02-26T06:20:00+00:00,330.908,32.766
2026-02-26T06:25:00+00:00,334.224,32.704
2026-02-26T06:30:00+00:00,335.41,32.707
2026-02-26T06:35:00+00:00,344.904,32.642
2026-02-26T06:40:00+00:00,353.588,32.553
2026-02-26T06:45:00+00:00,361.486,32.584
2026-02-26T06:50:00+00:00,368.3,32.723
2026-02-26T06:55:00+00:00,372.544,32.674
2026-02-26T07:00:00+00:00,376.999,32.609
2026-02-26T07:05:00+00:00,380.297,32.514
2026-02-26T07:10:00+00:00,392.168,32.406
2026-02-26T07:15:00+00:00,404.071,32.635
2026-02-26T07:20:00+00:00,412.708,32.65
2026-02-26T07:25:00+00:00,420.688,32.623
2026-02-26T07:30:00+00:00,421.079,32.58
2026-02-26T07:35:00+00:00,425.454,32.502
2026-02-26T07:40:00+00:00,424.589,32.71
2026-02-26T07:45:00+00:00,424.666,32.713
2026-02-26T07:50:00+00:00,427.296,32.78
2026-02-26T07:55:00+00:00,427.403,32.752
2026-02-26T08:00:00+00:00,427.812,32.65
2026-02-26T08:05:00+00:00,435.904,32.526
2026-02-26T08:10:00+00:00,437.74,32.507
2026-02-26T08:15:00+00:00,440.038,32.586
2026-02-26T08:20:00+00:00,440.439,32.588
2026-02-26T08:25:00+00:00,438.394,32.624
2026-02-26T08:30:00+00:00,436.23,32.6
2026-02-26T08:35:00+00:00,435.449,32.614
2026-02-26T08:40:00+00:00,429.275,32.632
2026-02-26T08:45:00+00:00,428.818,32.635
2026-02-26T08:50:00+00:00,432.311,32.62
2026-02-26T08:55:00+00:00,424.471,32.626
2026-02-26T09:00:00+00:00,424.546,32.627
2026-02-26T09:05:00+00:00,418.664,32.606
2026-02-26T09:10:00+00:00,423.717,32.598
2026-02-26T09:15:00+00:00,427.415,32.569
2026-02-26T09:20:00+00:00,432.466,32.631
2026-02-26T09:25:00+00:00,427.721,32.651
2026-02-26T09:30:00+00:00,408.671,32.714
2026-02-26T09:35:00+00:00,397.5,32.694
2026-02-26T09:40:00+00:00,401.606,32.689
2026-02-26T09:45:00+00:00,407.94,32.724
2026-02-26T09:50:00+00:00,397.786,32.778
2026-02-26T09:55:00+00:00,399.894,32.788
2026-02-26T10:00:00+00:00,395.304,32.808
2026-02-26T10:05:00+00:00,388.872,32.781
2026-02-26T10:10:00+00:00,393.886,32.77
2026-02-26T10:15:00+00:00,390.094,32.826
2026-02-26T10:20:00+00:00,378.845,32.818
2026-02-26T10:25:00+00:00,376.959,32.78
2026-02-26T10:30:00+00:00,378.626,32.766
2026-02-26T10:35:00+00:00,388.89,32.803
2026-02-26T10:40:00+00:00,391.664,32.719
2026-02-26T10:45:00+00:00,394.894,32.701
2026-02-26T10:50:00+00:00,388.538,32.689
2026-02-26T10:55:00+00:00,388.538,32.754
2026-02-26T11:00:00+00:00,381.35,32.77
2026-02-26T11:05:00+00:00,360.275,32.817
2026-02-26T11:10:00+00:00,323.072,32.848
2026-02-26T11:15:00+00:00,332.232,32.84
2026-02-26T11:20:00+00:00,352.423,32.906
2026-02-26T11:25:00+00:00,352.162,32.816
2026-02-26T11:30:00+00:00,352.214,32.776
2026-02-26T11:35:00+00:00,371.6,32.782
2026-02-26T11:40:00+00:00,355.434,32.823
2026-02-26T11:45:00+00:00,360.326,32.821
2026-02-26T11:50:00+00:00,362.044,32.937
2026-02-26T11:55:00+00:00,365.294,32.873
2026-02-26T12:00:00+00:00,376.509,32.898
2026-02-26T12:05:00+00:00,375.419,32.835
2026-02-26T12:10:00+00:00,394.244,32.804
2026-02-26T12:15:00+00:00,402.748,32.778
2026-02-26T12:20:00+00:00,403.195,32.798
2026-02-26T12:25:00+00:00,393.759,32.823
2026-02-26T12:30:00+00:00,378.866,32.836
2026-02-26T12:35:00+00:00,357.346,32.784
2026-02-26T12:40:00+00:00,351.911,32.772
2026-02-26T12:45:00+00:00,360.094,32.767
2026-02-26T12:50:00+00:00,351.99,32.767
2026-02-26T12:55:00+00:00,364.938,32.766
2026-02-26T13:00:00+00:00,376.721,32.776
2026-02-26T13:05:00+00:00,391.626,32.71
2026-02-26T13:10:00+00:00,397.312,32.648
2026-02-26T13:15:00+00:00,389.658,32.748
2026-02-26T13:20:00+00:00,374.066,32.832
2026-02-26T13:25:00+00:00,365.838,32.812
2026-02-26T13:30:00+00:00,355.641,32.668
2026-02-26T13:35:00+00:00,377.178,32.623
2026-02-26T13:40:00+00:00,356.467,32.62
2026-02-26T13:45:00+00:00,358.271,32.602
2026-02-26T13:50:00+00:00,369.594,32.603
2026-02-26T13:55:00+00:00,370.626,32.722
2026-02-26T14:00:00+00:00,369.626,32.643
2026-02-26T14:05:00+00:00,378.634,32.714
2026-02-26T14:10:00+00:00,385.118,32.688
2026-02-26T14:15:00+00:00,375.245,32.765
2026-02-26T14:20:00+00:00,372.796,32.78
2026-02-26T14:25:00+00:00,371.814,32.734
2026-02-26T14:30:00+00:00,376.992,32.695
2026-02-26T14:35:00+00:00,386.328,32.694
2026-02-26T14:40:00+00:00,390.698,32.7
2026-02-26T14:45:00+00:00,392.762,32.675
2026-02-26T14:50:00+00:00,388.237,32.697
2026-02-26T14:55:00+00:00,377.821,32.745
2026-02-26T15:00:00+00:00,379.526,32.866
2026-02-26T15:05:00+00:00,380.655,32.957
2026-02-26T15:10:00+00:00,387.203,32.992
2026-02-26T15:15:00+00:00,391.708,33.081
2026-02-26T15:20:00+00:00,394.85,33.104
2026-02-26T15:25:00+00:00,395.502,33.094
2026-02-26T15:30:00+00:00,401.054,33.038
2026-02-26T15:35:00+00:00,406.254,33.006
2026-02-26T15:40:00+00:00,405.821,32.978
2026-02-26T15:45:00+00:00,416.727,32.966
2026-02-26T15:50:00+00:00,417.268,32.858
2026-02-26T15:55:00+00:00,412.102,32.952
2026-02-26T16:00:00+00:00,425.267,32.894
2026-02-26T16:05:00+00:00,437.575,32.814
2026-02-26T16:10:00+00:00,445.453,32.817
2026-02-26T16:15:00+00:00,450.342,32.8
2026-02-26T16:20:00+00:00,452.151,32.814
2026-02-26T16:25:00+00:00,459.5,32.853
2026-02-26T16:30:00+00:00,457.704,32.83
2026-02-26T16:35:00+00:00,468.864,32.81
2026-02-26T16:40:00+00:00,468.736,32.768
2026-02-26T16:45:00+00:00,467.987,32.644
2026-02-26T16:50:00+00:00,477.197,32.51
2026-02-26T16:55:00+00:00,485.867,32.618
2026-02-26T17:00:00+00:00,491.34,32.722
2026-02-26T17:05:00+00:00,498.568,32.591
2026-02-26T17:10:00+00:00,503.335,32.614
2026-02-26T17:15:00+00:00,503.487,32.57
2026-02-26T17:20:00+00:00,507.683,32.737
2026-02-26T17:25:00+00:00,511.042,32.847
2026-02-26T17:30:00+00:00,516.112,32.823
2026-02-26T17:35:00+00:00,518.956,32.776
2026-02-26T17:40:00+00:00,526.881,32.766
2026-02-26T17:45:00+00:00,526.587,32.827
2026-02-26T17:50:00+00:00,529.313,32.898
2026-02-26T17:55:00+00:00,527.832,32.977
2026-02-26T18:00:00+00:00,530.618,33.02
2026-02-26T18:05:00+00:00,534.855,32.906
2026-02-26T18:10:00+00:00,532.686,32.826
2026-02-26T18:15:00+00:00,535.864,32.82
2026-02-26T18:20:00+00:00,536.396,32.774
2026-02-26T18:25:00+00:00,533.846,32.818
2026-02-26T18:30:00+00:00,531.482,32.825
2026-02-26T18:35:00+00:00,531.466,32.778
2026-02-26T18:40:00+00:00,529.028,32.78
2026-02-26T18:45:00+00:00,524.693,32.76
2026-02-26T18:50:00+00:00,518.484,32.78
2026-02-26T18:55:00+00:00,508.559,32.904
2026-02-26T19:00:00+00:00,509.066,32.871
2026-02-26T19:05:00+00:00,505.543,32.909
2026-02-26T19:10:00+00:00,505.928,32.808
2026-02-26T19:15:00+00:00,504.805,32.946
2026-02-26T19:20:00+00:00,502.359,32.998
2026-02-26T19:25:00+00:00,490.446,33.126
2026-02-26T19:30:00+00:00,484.643,33.312
2026-02-26T19:35:00+00:00,477.912,33.137
2026-02-26T19:40:00+00:00,473.268,32.97
2026-02-26T19:45:00+00:00,468.59,32.818
2026-02-26T19:50:00+00:00,467.062,32.647
2026-02-26T19:55:00+00:00,464.006,32.629
2026-02-26T20:00:00+00:00,459.322,32.74
2026-02-26T20:05:00+00:00,458.571,32.722
2026-02-26T20:10:00+00:00,456.345,32.758
2026-02-26T20:15:00+00:00,452.477,32.864
2026-02-26T20:20:00+00:00,446.592,32.898
2026-02-26T20:25:00+00:00,440.397,32.978
2026-02-26T20:30:00+00:00,439.221,32.971
2026-02-26T20:35:00+00:00,433.38,32.952
2026-02-26T20:40:00+00:00,432.807,32.747
2026-02-26T20:45:00+00:00,431.278,32.582
2026-02-26T20:50:00+00:00,428.038,32.678
2026-02-26T20:55:00+00:00,424.11,32.78
2026-02-26T21:00:00+00:00,418.376,32.89
2026-02-26T21:05:00+00:00,413.87,32.836
2026-02-26T21:10:00+00:00,409.846,32.95
2026-02-26T21:15:00+00:00,406.23,32.975
2026-02-26T21:20:00+00:00,403.478,33.037
2026-02-26T21:25:00+00:00,401.33,33.043
2026-02-26T21:30:00+00:00,393.692,33.051
2026-02-26T21:35:00+00:00,386.142,33.071
2026-02-26T21:40:00+00:00,382.294,33.183
2026-02-26T21:45:00+00:00,377.956,33.246
2026-02-26T21:50:00+00:00,373.91,33.25
2026-02-26T21:55:00+00:00,370.228,33.24
2026-02-26T22:00:00+00:00,365.572,33.371
2026-02-26T22:05:00+00:00,364.234,33.363
2026-02-26T22:10:00+00:00,357.308,33.41
2026-02-26T22:15:00+00:00,354.6,33.08
2026-02-26T22:20:00+00:00,345.645,33.108
2026-02-26T22:25:00+00:00,344.929,33.046
2026-02-26T22:30:00+00:00,340.838,33.085
2026-02-26T22:35:00+00:00,334.612,33.02
2026-02-26T22:40:00+00:00,333.198,32.976
2026-02-26T22:45:00+00:00,332.604,32.998
2026-02-26T22:50:00+00:00,329.948,33.126
2026-02-26T22:55:00+00:00,327.12,33.152
2026-02-26T23:00:00+00:00,320.074,33.166
2026-02-26T23:05:00+00:00,319.36,33.047
2026-02-26T23:10:00+00:00,316.889,33.036
2026-02-26T23:15:00+00:00,316.367,32.879
2026-02-26T23:20:00+00:00,313.192,32.856
2026-02-26T23:25:00+00:00,310.014,32.871
2026-02-26T23:30:00+00:00,308.268,32.831
2026-02-26T23:35:00+00:00,312.348,32.834
2026-02-26T23:40:00+00:00,311.34,32.91
2026-02-26T23:45:00+00:00,308.524,32.974
2026-02-26T23:50:00+00:00,306.405,32.982
2026-02-26T23:55:00+00:00,306.706,32.894
2026-02-27T00:00:00+00:00,304.7,32.84
2026-02-27T00:05:00+00:00,314.72,32.65
2026-02-27T00:10:00+00:00,322.166,32.582
2026-02-27T00:15:00+00:00,319.21,32.597
2026-02-27T00:20:00+00:00,318.291,32.638
2026-02-27T00:25:00+00:00,319.794,32.63
2026-02-27T00:30:00+00:00,318.029,32.614
2026-02-27T00:35:00+00:00,336.529,32.528
2026-02-27T00:40:00+00:00,348.836,32.617
2026-02-27T00:45:00+00:00,352.742,32.657
2026-02-27T00:50:00+00:00,353.831,32.674
2026-02-27T00:55:00+00:00,350.57,32.734
2026-02-27T01:00:00+00:00,349.323,32.783
2026-02-27T01:05:00+00:00,346.62,32.677
2026-02-27T01:10:00+00:00,346.743,32.638
2026-02-27T01:15:00+00:00,345.21,32.744
2026-02-27T01:20:00+00:00,339.802,32.742
2026-02-27T01:25:00+00:00,336.267,32.774
2026-02-27T01:30:00+00:00,333.085,32.804
2026-02-27T01:35:00+00:00,331.214,32.823
2026-02-27T01:40:00+00:00,332.723,32.916
2026-02-27T01:45:00+00:00,331.286,32.956
2026-02-27T01:50:00+00:00,327.78,32.976
2026-02-27T01:55:00+00:00,323.742,33.025
2026-02-27T02:00:00+00:00,321.61,32.952
2026-02-27T02:05:00+00:00,331.734,32.834
2026-02-27T02:10:00+00:00,333.068,32.898
2026-02-27T02:15:00+00:00,332.862,32.945
2026-02-27T02:20:00+00:00,332.038,32.962
2026-02-27T02:25:00+00:00,331.034,33.018
2026-02-27T02:30:00+00:00,326.506,33.03
2026-02-27T02:35:00+00:00,323.756,33.177
2026-02-27T02:40:00+00:00,323.358,33.2
2026-02-27T02:45:00+00:00,319.588,33.212
2026-02-27T02:50:00+00:00,317.589,33.2
2026-02-27T02:55:00+00:00,315.454,33.189
2026-02-27T03:00:00+00:00,314.907,33.218
2026-02-27T03:05:00+00:00,313.682,33.143
2026-02-27T03:10:00+00:00,311.678,33.219
2026-02-27T03:15:00+00:00,310.575,33.222
2026-02-27T03:20:00+00:00,310.58,33.26
2026-02-27T03:25:00+00:00,306.467,33.053
2026-02-27T03:30:00+00:00,303.1,33.014
2026-02-27T03:35:00+00:00,301.133,33.034
2026-02-27T03:40:00+00:00,298.802,33.097
2026-02-27T03:45:00+00:00,297.826,33.17
2026-02-27T03:50:00+00:00,295.154,33.171
2026-02-27T03:55:00+00:00,293.774,33.188
2026-02-27T04:00:00+00:00,292.353,33.176
2026-02-27T04:05:00+00:00,292.823,33.222
2026-02-27T04:10:00+00:00,293.996,33.192
2026-02-27T04:15:00+00:00,292.343,33.192
2026-02-27T04:20:00+00:00,293.944,33.2
2026-02-27T04:25:00+00:00,291.76,33.205
2026-02-27T04:30:00+00:00,288.177,33.316
2026-02-27T04:35:00+00:00,288.915,33.355
2026-02-27T04:40:00+00:00,288.739,33.414
2026-02-27T04:45:00+00:00,289.836,33.275
2026-02-27T04:50:00+00:00,292.774,33.153
2026-02-27T04:55:00+00:00,295.388,33.142
2026-02-27T05:00:00+00:00,297.208,33.209
2026-02-27T05:05:00+00:00,297.048,33.15
2026-02-27T05:10:00+00:00,296.433,33.177
2026-02-27T05:15:00+00:00,297.95,33.138
2026-02-27T05:20:00+00:00,299.767,33.143
2026-02-27T05:25:00+00:00,299.438,33.152
2026-02-27T05:30:00+00:00,297.88,33.186
2026-02-27T05:35:00+00:00,297.626,33.216
2026-02-27T05:40:00+00:00,299.04,33.221
2026-02-27T05:45:00+00:00,301.288,33.152
2026-02-27T05:50:00+00:00,304.218,33.087
2026-02-27T05:55:00+00:00,306.006,33.116
2026-02-27T06:00:00+00:00,310.91,32.981
2026-02-27T06:05:00+00:00,322.859,32.904
2026-02-27T06:10:00+00:00,330.999,32.778
2026-02-27T06:15:00+00:00,336.978,32.672
2026-02-27T06:20:00+00:00,340.012,32.712
2026-02-27T06:25:00+00:00,346.854,32.8
2026-02-27T06:30:00+00:00,347.6,32.79
2026-02-27T06:35:00+00:00,355.28,32.691
2026-02-27T06:40:00+00:00,365.951,32.62
2026-02-27T06:45:00+00:00,374.651,32.63
2026-02-27T06:50:00+00:00,380.025,32.597
2026-02-27T06:55:00+00:00,384.357,32.571
2026-02-27T07:00:00+00:00,390.672,32.615
2026-02-27T07:05:00+00:00,386.964,32.648
2026-02-27T07:10:00+00:00,396.245,32.511
2026-02-27T07:15:00+00:00,404.086,32.54
2026-02-27T07:20:00+00:00,412.766,32.574
2026-02-27T07:25:00+00:00,417.754,32.55
2026-02-27T07:30:00+00:00,422.55,32.572
2026-02-27T07:35:00+00:00,423.894,32.565
2026-02-27T07:40:00+00:00,424.802,32.516
2026-02-27T07:45:00+00:00,422.24,32.501
2026-02-27T07:50:00+00:00,423.701,32.48
2026-02-27T07:55:00+00:00,422.577,32.462
2026-02-27T08:00:00+00:00,424.704,32.433
2026-02-27T08:05:00+00:00,425.734,32.41
2026-02-27T08:10:00+00:00,426.261,32.391
2026-02-27T08:15:00+00:00,428.158,32.528
2026-02-27T08:20:00+00:00,427.129,32.623
2026-02-27T08:25:00+00:00,421.192,32.644
2026-02-27T08:30:00+00:00,410.628,32.655
2026-02-27T08:35:00+00:00,403.19,32.622
2026-02-27T08:40:00+00:00,399.938,32.618
2026-02-27T08:45:00+00:00,397.208,32.637
2026-02-27T08:50:00+00:00,393.652,32.676
2026-02-27T08:55:00+00:00,393.202,32.653
2026-02-27T09:00:00+00:00,391.645,32.647
2026-02-27T09:05:00+00:00,392.292,32.646
2026-02-27T09:10:00+00:00,401.0,32.698
2026-02-27T09:15:00+00:00,398.23,32.656
2026-02-27T09:20:00+00:00,394.593,32.641
2026-02-27T09:25:00+00:00,394.982,32.669
2026-02-27T09:30:00+00:00,389.766,32.647
2026-02-27T09:35:00+00:00,387.535,32.71
2026-02-27T09:40:00+00:00,392.696,32.749
2026-02-27T09:45:00+00:00,392.529,32.761
2026-02-27T09:50:00+00:00,383.237,32.724
2026-02-27T09:55:00+00:00,394.788,32.69
2026-02-27T10:00:00+00:00,401.033,32.716
2026-02-27T10:05:00+00:00,404.359,32.792
2026-02-27T10:10:00+00:00,402.62,32.779
2026-02-27T10:15:00+00:00,396.367,32.762
2026-02-27T10:20:00+00:00,408.966,32.775
2026-02-27T10:25:00+00:00,402.486,32.78
2026-02-27T10:30:00+00:00,402.201,32.765
2026-02-27T10:35:00+00:00,400.244,32.797
2026-02-27T10:40:00+00:00,388.506,32.8
2026-02-27T10:45:00+00:00,388.004,32.792
2026-02-27T10:50:00+00:00,398.051,32.78
2026-02-27T10:55:00+00:00,395.55,32.776
2026-02-27T11:00:00+00:00,394.074,32.764
2026-02-27T11:05:00+00:00,401.118,32.754
2026-02-27T11:10:00+00:00,407.681,32.748
2026-02-27T11:15:00+00:00,402.708,32.748
2026-02-27T11:20:00+00:00,398.178,32.694
2026-02-27T11:25:00+00:00,393.774,32.705
2026-02-27T11:30:00+00:00,392.177,32.648
2026-02-27T11:35:00+00:00,384.061,32.682
2026-02-27T11:40:00+00:00,379.492,32.711
2026-02-27T11:45:00+00:00,371.82,32.693
2026-02-27T11:50:00+00:00,390.646,32.772
2026-02-27T11:55:00+00:00,395.987,32.785
2026-02-27T12:00:00+00:00,368.905,32.82
2026-02-27T12:05:00+00:00,351.297,32.862
2026-02-27T12:10:00+00:00,314.028,32.926
2026-02-27T12:15:00+00:00,320.366,32.856
2026-02-27T12:20:00+00:00,340.025,32.861
2026-02-27T12:25:00+00:00,320.09,32.908
2026-02-27T12:30:00+00:00,307.63,32.894
2026-02-27T12:35:00+00:00,333.96,32.854
2026-02-27T12:40:00+00:00,351.452,32.823
2026-02-27T12:45:00+00:00,363.189,32.838
2026-02-27T12:50:00+00:00,366.602,32.918
2026-02-27T12:55:00+00:00,378.791,32.89
2026-02-27T13:00:00+00:00,371.996,32.95
2026-02-27T13:05:00+00:00,386.089,32.962
2026-02-27T13:10:00+00:00,379.542,32.978
2026-02-27T13:15:00+00:00,374.636,32.963
2026-02-27T13:20:00+00:00,383.322,32.957
2026-02-27T13:25:00+00:00,387.328,32.978
2026-02-27T13:30:00+00:00,377.342,32.974
2026-02-27T13:35:00+00:00,365.294,33.02
2026-02-27T13:40:00+00:00,357.26,33.017
2026-02-27T13:45:00+00:00,362.176,33.038
2026-02-27T13:50:00+00:00,344.93,33.104
2026-02-27T13:55:00+00:00,337.151,33.073
2026-02-27T14:00:00+00:00,322.307,33.016
2026-02-27T14:05:00+00:00,329.215,33.029
2026-02-27T14:10:00+00:00,294.188,33.02
2026-02-27T14:15:00+00:00,297.322,33.064
2026-02-27T14:20:00+00:00,332.316,33.114
2026-02-27T14:25:00+00:00,345.712,33.057
2026-02-27T14:30:00+00:00,349.85,33.022
2026-02-27T14:35:00+00:00,360.065,33.026
2026-02-27T14:40:00+00:00,379.662,33.02
2026-02-27T14:45:00+00:00,380.08,33.026
2026-02-27T14:50:00+00:00,384.704,33.016
2026-02-27T14:55:00+00:00,381.26,33.039
2026-02-27T15:00:00+00:00,380.13,33.022
2026-02-27T15:05:00+00:00,389.664,33.027
2026-02-27T15:10:00+00:00,395.446,33.057
2026-02-27T15:15:00+00:00,395.048,33.11
2026-02-27T15:20:00+00:00,395.582,33.054
2026-02-27T15:25:00+00:00,390.752,33.018
2026-02-27T15:30:00+00:00,391.959,33.028
2026-02-27T15:35:00+00:00,399.479,33.005
2026-02-27T15:40:00+00:00,406.729,33.0
2026-02-27T15:45:00+00:00,403.856,33.0
2026-02-27T15:50:00+00:00,405.404,33.008
2026-02-27T15:55:00+00:00,415.59,33.025
2026-02-27T16:00:00+00:00,424.704,33.022
2026-02-27T16:05:00+00:00,424.808,33.042
2026-02-27T16:10:00+00:00,422.811,33.082
2026-02-27T16:15:00+00:00,427.092,33.106
2026-02-27T16:20:00+00:00,429.912,33.108
2026-02-27T16:25:00+00:00,433.346,33.029
2026-02-27T16:30:00+00:00,434.946,33.022
2026-02-27T16:35:00+00:00,438.346,33.008
2026-02-27T16:40:00+00:00,439.69,33.018
2026-02-27T16:45:00+00:00,443.233,33.025
2026-02-27T16:50:00+00:00,447.342,33.0
2026-02-27T16:55:00+00:00,453.792,33.0
2026-02-27T17:00:00+00:00,460.314,32.99
2026-02-27T17:05:00+00:00,461.468,32.92
2026-02-27T17:10:00+00:00,465.192,32.88
2026-02-27T17:15:00+00:00,472.914,32.826
2026-02-27T17:20:00+00:00,478.941,32.8
2026-02-27T17:25:00+00:00,480.592,32.792
2026-02-27T17:30:00+00:00,485.838,32.764
2026-02-27T17:35:00+00:00,489.119,32.786
2026-02-27T17:40:00+00:00,491.98,32.763
2026-02-27T17:45:00+00:00,494.555,32.726
2026-02-27T17:50:00+00:00,498.36,32.652
2026-02-27T17:55:00+00:00,504.8,32.656
2026-02-27T18:00:00+00:00,506.72,32.64
2026-02-27T18:05:00+00:00,508.312,32.761
2026-02-27T18:10:00+00:00,510.242,32.765
2026-02-27T18:15:00+00:00,508.084,32.799
2026-02-27T18:20:00+00:00,506.816,32.8
2026-02-27T18:25:00+00:00,506.53,32.8
2026-02-27T18:30:00+00:00,499.398,32.8
2026-02-27T18:35:00+00:00,500.292,32.78
2026-02-27T18:40:00+00:00,496.4,32.802
2026-02-27T18:45:00+00:00,494.029,32.836
2026-02-27T18:50:00+00:00,487.668,32.892
2026-02-27T18:55:00+00:00,485.878,32.956
2026-02-27T19:00:00+00:00,487.544,32.963
2026-02-27T19:05:00+00:00,484.773,32.932
2026-02-27T19:10:00+00:00,482.38,32.985
2026-02-27T19:15:00+00:00,478.894,32.977
2026-02-27T19:20:00+00:00,475.112,33.0
2026-02-27T19:25:00+00:00,468.366,33.0
2026-02-27T19:30:00+00:00,468.106,32.998
2026-02-27T19:35:00+00:00,469.49,32.974
2026-02-27T19:40:00+00:00,465.17,32.974
2026-02-27T19:45:00+00:00,462.75,33.0
2026-02-27T19:50:00+00:00,457.004,32.82
2026-02-27T19:55:00+00:00,451.347,32.789
2026-02-27T20:00:00+00:00,452.246,32.704
2026-02-27T20:05:00+00:00,446.658,32.608
2026-02-27T20:10:00+00:00,442.242,32.567
2026-02-27T20:15:00+00:00,438.295,32.6
2026-02-27T20:20:00+00:00,433.706,32.635
2026-02-27T20:25:00+00:00,430.466,32.725
2026-02-27T20:30:00+00:00,423.483,32.74
2026-02-27T20:35:00+00:00,417.216,32.764
2026-02-27T20:40:00+00:00,413.642,32.792
2026-02-27T20:45:00+00:00,411.18,32.8
2026-02-27T20:50:00+00:00,409.607,32.8
2026-02-27T20:55:00+00:00,405.7,32.832
2026-02-27T21:00:00+00:00,401.864,32.897
2026-02-27T21:05:00+00:00,398.129,33.087
2026-02-27T21:10:00+00:00,388.583,33.22
2026-02-27T21:15:00+00:00,388.21,33.22
2026-02-27T21:20:00+00:00,386.879,33.246
2026-02-27T21:25:00+00:00,383.488,33.318
2026-02-27T21:30:00+00:00,376.549,33.344
2026-02-27T21:35:00+00:00,374.44,33.29
2026-02-27T21:40:00+00:00,374.248,33.348
2026-02-27T21:45:00+00:00,374.468,33.343
2026-02-27T21:50:00+00:00,370.929,33.248
2026-02-27T21:55:00+00:00,364.77,33.09
2026-02-27T22:00:00+00:00,366.082,33.026
2026-02-27T22:05:00+00:00,368.278,33.024
2026-02-27T22:10:00+00:00,366.43,33.023
2026-02-27T22:15:00+00:00,362.567,33.064
2026-02-27T22:20:00+00:00,353.654,33.143
2026-02-27T22:25:00+00:00,349.646,33.188
2026-02-27T22:30:00+00:00,343.958,33.219
2026-02-27T22:35:00+00:00,336.577,33.3
2026-02-27T22:40:00+00:00,333.329,33.328
2026-02-27T22:45:00+00:00,329.548,33.372
2026-02-27T22:50:00+00:00,325.546,33.391
2026-02-27T22:55:00+00:00,322.664,33.417
2026-02-27T23:00:00+00:00,319.769,33.419
2026-02-27T23:05:00+00:00,321.376,33.002
2026-02-27T23:10:00+00:00,315.655,32.976
2026-02-27T23:15:00+00:00,312.984,32.974
2026-02-27T23:20:00+00:00,311.866,32.902
2026-02-27T23:25:00+00:00,309.454,32.882
2026-02-27T23:30:00+00:00,306.281,32.923
2026-02-27T23:35:00+00:00,312.726,32.963
2026-02-27T23:40:00+00:00,309.554,32.976
2026-02-27T23:45:00+00:00,306.492,32.996
2026-02-27T23:50:00+00:00,306.872,33.0
2026-02-27T23:55:00+00:00,303.166,33.028
2026-02-28T00:00:00+00:00,303.104,33.042
2026-02-28T00:05:00+00:00,314.886,32.934
2026-02-28T00:10:00+00:00,320.952,32.831
2026-02-28T00:15:00+00:00,319.169,32.848
2026-02-28T00:20:00+00:00,319.444,32.878
2026-02-28T00:25:00+00:00,319.798,32.89
2026-02-28T00:30:00+00:00,319.308,32.821
2026-02-28T00:35:00+00:00,335.068,32.682
2026-02-28T00:40:00+00:00,346.053,32.679
2026-02-28T00:45:00+00:00,348.569,32.749
2026-02-28T00:50:00+00:00,345.778,32.758
2026-02-28T00:55:00+00:00,345.088,32.71
2026-02-28T01:00:00+00:00,344.464,32.683
2026-02-28T01:05:00+00:00,346.847,32.624
2026-02-28T01:10:00+00:00,347.785,32.641
2026-02-28T01:15:00+00:00,345.795,32.675
2026-02-28T01:20:00+00:00,343.378,32.758
2026-02-28T01:25:00+00:00,341.908,32.782
2026-02-28T01:30:00+00:00,337.006,32.799
2026-02-28T01:35:00+00:00,338.482,32.76
2026-02-28T01:40:00+00:00,337.059,32.731
2026-02-28T01:45:00+00:00,335.727,32.777
2026-02-28T01:50:00+00:00,334.95,32.795
2026-02-28T01:55:00+00:00,334.309,32.786
2026-02-28T02:00:00+00:00,336.142,32.767
2026-02-28T02:05:00+00:00,340.648,32.78
2026-02-28T02:10:00+00:00,341.706,32.8
2026-02-28T02:15:00+00:00,338.596,32.8
2026-02-28T02:20:00+00:00,333.235,32.8
2026-02-28T02:25:00+00:00,329.927,32.82
2026-02-28T02:30:00+00:00,323.628,32.917
2026-02-28T02:35:00+00:00,323.969,32.923
2026-02-28T02:40:00+00:00,324.763,32.88
2026-02-28T02:45:00+00:00,325.106,32.939
2026-02-28T02:50:00+00:00,318.376,32.996
2026-02-28T02:55:00+00:00,316.85,33.0
2026-02-28T03:00:00+00:00,314.219,33.0
2026-02-28T03:05:00+00:00,321.85,33.0
2026-02-28T03:10:00+00:00,322.414,33.0
2026-02-28T03:15:00+00:00,320.885,33.0
2026-02-28T03:20:00+00:00,318.32,33.013
2026-02-28T03:25:00+00:00,315.939,33.034
2026-02-28T03:30:00+00:00,313.632,33.08
2026-02-28T03:35:00+00:00,313.234,33.146
2026-02-28T03:40:00+00:00,308.962,33.171
2026-02-28T03:45:00+00:00,307.367,33.2
2026-02-28T03:50:00+00:00,306.446,33.2
2026-02-28T03:55:00+00:00,303.7,33.213
2026-02-28T04:00:00+00:00,301.153,32.932
2026-02-28T04:05:00+00:00,302.692,32.846
2026-02-28T04:10:00+00:00,304.354,32.864
2026-02-28T04:15:00+00:00,300.669,32.909
2026-02-28T04:20:00+00:00,302.255,32.904
2026-02-28T04:25:00+00:00,299.462,32.96
2026-02-28T04:30:00+00:00,293.435,32.924
2026-02-28T04:35:00+00:00,294.879,32.939
2026-02-28T04:40:00+00:00,295.27,33.027
2026-02-28T04:45:00+00:00,295.134,33.0
2026-02-28T04:50:00+00:00,294.55,32.98
2026-02-28T04:55:00+00:00,292.791,32.971
2026-02-28T05:00:00+00:00,293.885,32.951
2026-02-28T05:05:00+00:00,291.96,32.856
2026-02-28T05:10:00+00:00,291.714,32.888
2026-02-28T05:15:00+00:00,290.163,32.912
2026-02-28T05:20:00+00:00,288.646,32.893
2026-02-28T05:25:00+00:00,288.133,32.945
2026-02-28T05:30:00+00:00,284.917,32.976
2026-02-28T05:35:00+00:00,281.412,32.946
2026-02-28T05:40:00+00:00,281.963,32.894
2026-02-28T05:45:00+00:00,282.798,32.862
2026-02-28T05:50:00+00:00,282.992,32.82
2026-02-28T05:55:00+00:00,283.648,32.8
2026-02-28T06:00:00+00:00,288.616,32.8
2026-02-28T06:05:00+00:00,296.118,32.8
2026-02-28T06:10:00+00:00,301.19,32.825
2026-02-28T06:15:00+00:00,303.274,32.825
2026-02-28T06:20:00+00:00,303.094,32.818
2026-02-28T06:25:00+00:00,305.912,32.834
2026-02-28T06:30:00+00:00,307.121,32.812
2026-02-28T06:35:00+00:00,310.79,32.808
2026-02-28T06:40:00+00:00,311.704,32.858
2026-02-28T06:45:00+00:00,313.016,32.917
2026-02-28T06:50:00+00:00,314.645,32.888
2026-02-28T06:55:00+00:00,315.694,32.888
2026-02-28T07:00:00+00:00,321.642,32.939
2026-02-28T07:05:00+00:00,325.32,32.842
2026-02-28T07:10:00+00:00,330.477,32.896
2026-02-28T07:15:00+00:00,331.74,32.852
2026-02-28T07:20:00+00:00,331.994,32.83
2026-02-28T07:25:00+00:00,334.196,32.836
2026-02-28T07:30:00+00:00,330.716,32.866
2026-02-28T07:35:00+00:00,331.672,32.928
2026-02-28T07:40:00+00:00,333.562,32.884
2026-02-28T07:45:00+00:00,333.966,32.851
2026-02-28T07:50:00+00:00,338.282,32.841
2026-02-28T07:55:00+00:00,341.36,32.804
2026-02-28T08:00:00+00:00,342.24,32.769
2026-02-28T08:05:00+00:00,353.763,32.793
2026-02-28T08:10:00+00:00,357.909,32.769
2026-02-28T08:15:00+00:00,359.722,32.783
2026-02-28T08:20:00+00:00,362.028,32.755
2026-02-28T08:25:00+00:00,367.124,32.698
2026-02-28T08:30:00+00:00,363.846,32.685
2026-02-28T08:35:00+00:00,364.509,32.748
2026-02-28T08:40:00+00:00,359.054,32.787
2026-02-28T08:45:00+00:00,356.6,32.769
2026-02-28T08:50:00+00:00,354.629,32.765
2026-02-28T08:55:00+00:00,352.67,32.741
2026-02-28T09:00:00+00:00,351.55,32.63
2026-02-28T09:05:00+00:00,353.551,32.678
2026-02-28T09:10:00+00:00,354.836,32.719
2026-02-28T09:15:00+00:00,335.196,32.784
2026-02-28T09:20:00+00:00,336.756,32.778
2026-02-28T09:25:00+00:00,335.635,32.8
2026-02-28T09:30:00+00:00,321.369,32.8
2026-02-28T09:35:00+00:00,311.66,32.778
2026-02-28T09:40:00+00:00,300.296,32.8
2026-02-28T09:45:00+00:00,283.768,32.8
2026-02-28T09:50:00+00:00,260.279,32.8
2026-02-28T09:55:00+00:00,242.4,32.811
2026-02-28T10:00:00+00:00,231.438,32.832
2026-02-28T10:05:00+00:00,225.688,32.86
2026-02-28T10:10:00+00:00,221.868,32.83
2026-02-28T10:15:00+00:00,203.957,32.854
2026-02-28T10:20:00+00:00,201.026,32.832
2026-02-28T10:25:00+00:00,197.554,32.826
2026-02-28T10:30:00+00:00,188.204,32.82
2026-02-28T10:35:00+00:00,183.302,32.846
2026-02-28T10:40:00+00:00,210.236,32.889
2026-02-28T10:45:00+00:00,215.962,32.85
2026-02-28T10:50:00+00:00,220.546,32.824
2026-02-28T10:55:00+00:00,233.13,32.824
2026-02-28T11:00:00+00:00,224.392,32.803
2026-02-28T11:05:00+00:00,210.953,32.695
2026-02-28T11:10:00+00:00,187.799,32.618
2026-02-28T11:15:00+00:00,218.839,32.64
2026-02-28T11:20:00+00:00,258.913,32.647
2026-02-28T11:25:00+00:00,223.662,32.694
2026-02-28T11:30:00+00:00,233.248,32.7
2026-02-28T11:35:00+00:00,242.193,32.71
2026-02-28T11:40:00+00:00,289.535,32.708
2026-02-28T11:45:00+00:00,304.076,32.695
2026-02-28T11:50:00+00:00,299.626,32.716
2026-02-28T11:55:00+00:00,299.008,32.698
2026-02-28T12:00:00+00:00,302.178,32.684
2026-02-28T12:05:00+00:00,283.332,32.674
2026-02-28T12:10:00+00:00,271.634,32.758
2026-02-28T12:15:00+00:00,262.694,32.754
2026-02-28T12:20:00+00:00,245.658,32.78
2026-02-28T12:25:00+00:00,209.208,32.784
2026-02-28T12:30:00+00:00,214.19,32.76
2026-02-28T12:35:00+00:00,284.602,32.754
2026-02-28T12:40:00+00:00,279.708,32.79
2026-02-28T12:45:00+00:00,234.137,32.8
2026-02-28T12:50:00+00:00,214.198,32.796
2026-02-28T12:55:00+00:00,163.785,32.769
2026-02-28T13:00:00+00:00,177.752,32.777
2026-02-28T13:05:00+00:00,188.368,32.78
2026-02-28T13:10:00+00:00,166.589,32.814
2026-02-28T13:15:00+00:00,149.437,32.8
2026-02-28T13:20:00+00:00,129.524,32.8
2026-02-28T13:25:00+00:00,146.521,32.829
2026-02-28T13:30:00+00:00,140.704,32.82
2026-02-28T13:35:00+00:00,133.528,32.825
2026-02-28T13:40:00+00:00,129.952,32.894
2026-02-28T13:45:00+00:00,143.978,32.895
2026-02-28T13:50:00+00:00,135.366,32.937
2026-02-28T13:55:00+00:00,189.837,32.957
2026-02-28T14:00:00+00:00,145.502,32.958
2026-02-28T14:05:00+00:00,133.71,32.885
2026-02-28T14:10:00+00:00,143.916,32.848
2026-02-28T14:15:00+00:00,144.448,32.826
2026-02-28T14:20:00+00:00,140.84,32.823
2026-02-28T14:25:00+00:00,140.414,32.852
2026-02-28T14:30:00+00:00,143.423,32.898
2026-02-28T14:35:00+00:00,144.882,32.898
2026-02-28T14:40:00+00:00,148.812,32.909
2026-02-28T14:45:00+00:00,154.239,32.942
2026-02-28T14:50:00+00:00,155.666,32.939
2026-02-28T14:55:00+00:00,160.716,32.976
2026-02-28T15:00:00+00:00,173.54,32.964
2026-02-28T15:05:00+00:00,175.832,32.95
2026-02-28T15:10:00+00:00,183.352,32.93
2026-02-28T15:15:00+00:00,188.577,32.89
2026-02-28T15:20:00+00:00,194.026,32.981
2026-02-28T15:25:00+00:00,197.243,32.993
2026-02-28T15:30:00+00:00,202.572,32.962
2026-02-28T15:35:00+00:00,209.79,32.914
2026-02-28T15:40:00+00:00,216.636,32.834
2026-02-28T15:45:00+00:00,223.635,32.82
2026-02-28T15:50:00+00:00,230.784,32.8
2026-02-28T15:55:00+00:00,237.294,32.804
2026-02-28T16:00:00+00:00,252.33,32.833
2026-02-28T16:05:00+00:00,277.98,32.815
2026-02-28T16:10:00+00:00,290.788,32.77
2026-02-28T16:15:00+00:00,293.513,32.713
2026-02-28T16:20:00+00:00,300.163,32.644
2026-02-28T16:25:00+00:00,319.513,32.622
2026-02-28T16:30:00+00:00,321.616,32.644
2026-02-28T16:35:00+00:00,343.65,32.65
2026-02-28T16:40:00+00:00,350.546,32.613
2026-02-28T16:45:00+00:00,363.546,32.612
2026-02-28T16:50:00+00:00,382.998,32.573
2026-02-28T16:55:00+00:00,388.456,32.508
2026-02-28T17:00:00+00:00,387.89,32.451
2026-02-28T17:05:00+00:00,395.44,32.433
2026-02-28T17:10:00+00:00,404.126,32.479
2026-02-28T17:15:00+00:00,415.215,32.597
2026-02-28T17:20:00+00:00,423.606,32.748
2026-02-28T17:25:00+00:00,429.862,32.772
2026-02-28T17:30:00+00:00,435.617,32.774
2026-02-28T17:35:00+00:00,440.397,32.799
2026-02-28T17:40:00+00:00,445.346,32.781
2026-02-28T17:45:00+00:00,452.161,32.758
2026-02-28T17:50:00+00:00,458.978,32.725
2026-02-28T17:55:00+00:00,464.752,32.695
2026-02-28T18:00:00+00:00,472.396,32.646
2026-02-28T18:05:00+00:00,478.746,32.624
2026-02-28T18:10:00+00:00,485.503,32.62
2026-02-28T18:15:00+00:00,488.763,32.623
2026-02-28T18:20:00+00:00,485.879,32.62
2026-02-28T18:25:00+00:00,484.818,32.641
2026-02-28T18:30:00+00:00,483.288,32.622
2026-02-28T18:35:00+00:00,485.73,32.516
2026-02-28T18:40:00+00:00,485.62,32.506
2026-02-28T18:45:00+00:00,484.1,32.742
2026-02-28T18:50:00+00:00,477.904,32.847
2026-02-28T18:55:00+00:00,476.142,32.92
2026-02-28T19:00:00+00:00,472.018,32.981
2026-02-28T19:05:00+00:00,473.036,32.988
2026-02-28T19:10:00+00:00,468.876,33.011
2026-02-28T19:15:00+00:00,460.596,33.03
2026-02-28T19:20:00+00:00,456.914,33.081
2026-02-28T19:25:00+00:00,456.477,33.104
2026-02-28T19:30:00+00:00,453.494,33.11
2026-02-28T19:35:00+00:00,447.604,33.106
2026-02-28T19:40:00+00:00,446.465,33.116
2026-02-28T19:45:00+00:00,444.607,33.174
2026-02-28T19:50:00+00:00,440.869,33.19
2026-02-28T19:55:00+00:00,440.542,33.219
2026-02-28T20:00:00+00:00,433.067,33.325
2026-02-28T20:05:00+00:00,427.93,33.228
2026-02-28T20:10:00+00:00,425.801,33.23
2026-02-28T20:15:00+00:00,421.499,33.294
2026-02-28T20:20:00+00:00,416.909,33.322
2026-02-28T20:25:00+00:00,410.032,33.417
2026-02-28T20:30:00+00:00,411.795,33.232
2026-02-28T20:35:00+00:00,410.066,33.222
2026-02-28T20:40:00+00:00,407.306,33.15
2026-02-28T20:45:00+00:00,406.63,33.177
2026-02-28T20:50:00+00:00,401.77,33.179
2026-02-28T20:55:00+00:00,399.427,33.133
2026-02-28T21:00:00+00:00,395.246,33.084
2026-02-28T21:05:00+00:00,393.148,33.174
2026-02-28T21:10:00+00:00,392.314,33.244
2026-02-28T21:15:00+00:00,384.656,33.213
2026-02-28T21:20:00+00:00,381.565,33.1
2026-02-28T21:25:00+00:00,378.65,33.138
2026-02-28T21:30:00+00:00,371.318,33.183
2026-02-28T21:35:00+00:00,366.802,33.214
2026-02-28T21:40:00+00:00,365.298,33.27
2026-02-28T21:45:00+00:00,362.52,33.303
2026-02-28T21:50:00+00:00,359.554,33.329
2026-02-28T21:55:00+00:00,357.507,33.384
2026-02-28T22:00:00+00:00,355.586,33.376
2026-02-28T22:05:00+00:00,351.712,33.301
2026-02-28T22:10:00+00:00,349.052,33.364
2026-02-28T22:15:00+00:00,347.797,33.376
2026-02-28T22:20:00+00:00,341.49,33.302
2026-02-28T22:25:00+00:00,338.652,33.225
2026-02-28T22:30:00+00:00,334.248,33.212
2026-02-28T22:35:00+00:00,330.504,33.231
2026-02-28T22:40:00+00:00,330.821,33.24
2026-02-28T22:45:00+00:00,328.518,33.307
2026-02-28T22:50:00+00:00,324.355,33.308
2026-02-28T22:55:00+00:00,322.722,33.302
2026-02-28T23:00:00+00:00,319.637,33.388
2026-02-28T23:05:00+00:00,315.775,33.149
2026-02-28T23:10:00+00:00,312.193,32.976
2026-02-28T23:15:00+00:00,311.436,33.018
2026-02-28T23:20:00+00:00,307.211,33.132
2026-02-28T23:25:00+00:00,302.956,33.2
2026-02-28T23:30:00+00:00,299.299,33.178
2026-02-28T23:35:00+00:00,307.476,33.09
2026-02-28T23:40:00+00:00,307.765,33.022
2026-02-28T23:45:00+00:00,306.57,33.016
2026-02-28T23:50:00+00:00,303.65,33.027
2026-02-28T23:55:00+00:00,300.458,33.062
2026-03-01T00:00:00+00:00,298.655,33.108
2026-03-01T00:05:00+00:00,309.668,32.978
2026-03-01T00:10:00+00:00,314.871,32.95
2026-03-01T00:15:00+00:00,314.661,32.93
2026-03-01T00:20:00+00:00,314.542,32.974
2026-03-01T00:25:00+00:00,316.066,32.99
2026-03-01T00:30:00+00:00,315.54,32.968
2026-03-01T00:35:00+00:00,330.884,32.866
2026-03-01T00:40:00+00:00,341.146,32.806
2026-03-01T00:45:00+00:00,343.992,32.766
2026-03-01T00:50:00+00:00,341.232,32.783
2026-03-01T00:55:00+00:00,343.072,32.819
2026-03-01T01:00:00+00:00,340.013,32.84
2026-03-01T01:05:00+00:00,340.685,32.816
2026-03-01T01:10:00+00:00,340.69,32.867
2026-03-01T01:15:00+00:00,341.076,32.919
2026-03-01T01:20:00+00:00,336.982,32.948
2026-03-01T01:25:00+00:00,333.822,32.981
2026-03-01T01:30:00+00:00,331.328,32.981
2026-03-01T01:35:00+00:00,327.774,32.986
2026-03-01T01:40:00+00:00,328.086,33.0
2026-03-01T01:45:00+00:00,326.298,33.0
2026-03-01T01:50:00+00:00,325.893,33.0
2026-03-01T01:55:00+00:00,324.398,33.004
2026-03-01T02:00:00+00:00,321.68,33.03
2026-03-01T02:05:00+00:00,326.72,32.976
2026-03-01T02:10:00+00:00,325.359,32.998
2026-03-01T02:15:00+00:00,323.755,33.0
2026-03-01T02:20:00+00:00,323.16,33.028
2026-03-01T02:25:00+00:00,321.258,33.122
2026-03-01T02:30:00+00:00,316.542,33.197
2026-03-01T02:35:00+00:00,316.674,33.283
2026-03-01T02:40:00+00:00,316.652,33.295
2026-03-01T02:45:00+00:00,314.417,33.311
2026-03-01T02:50:00+00:00,312.446,33.311
2026-03-01T02:55:00+00:00,310.739,33.3
2026-03-01T03:00:00+00:00,308.502,33.362
2026-03-01T03:05:00+00:00,310.442,32.95
2026-03-01T03:10:00+00:00,311.965,32.576
2026-03-01T03:15:00+00:00,310.546,32.609
2026-03-01T03:20:00+00:00,309.072,32.642
2026-03-01T03:25:00+00:00,307.459,32.666
2026-03-01T03:30:00+00:00,304.162,32.635
2026-03-01T03:35:00+00:00,301.751,32.6
2026-03-01T03:40:00+00:00,298.634,32.6
2026-03-01T03:45:00+00:00,299.352,32.614
2026-03-01T03:50:00+00:00,296.938,32.639
2026-03-01T03:55:00+00:00,293.596,32.62
2026-03-01T04:00:00+00:00,292.199,32.662
2026-03-01T04:05:00+00:00,292.098,32.714
2026-03-01T04:10:00+00:00,292.402,32.695
2026-03-01T04:15:00+00:00,292.136,32.723
2026-03-01T04:20:00+00:00,289.802,32.784
2026-03-01T04:25:00+00:00,290.94,32.774
2026-03-01T04:30:00+00:00,288.216,32.755
2026-03-01T04:35:00+00:00,288.928,32.694
2026-03-01T04:40:00+00:00,286.665,32.705
2026-03-01T04:45:00+00:00,286.838,32.694
2026-03-01T04:50:00+00:00,285.946,32.688
2026-03-01T04:55:00+00:00,285.784,32.619
2026-03-01T05:00:00+00:00,283.825,32.653
2026-03-01T05:05:00+00:00,283.201,32.724
2026-03-01T05:10:00+00:00,285.817,32.708
2026-03-01T05:15:00+00:00,281.434,32.766
2026-03-01T05:20:00+00:00,279.62,32.8
2026-03-01T05:25:00+00:00,278.446,32.8
2026-03-01T05:30:00+00:00,276.562,32.8
2026-03-01T05:35:00+00:00,273.58,32.78
2026-03-01T05:40:00+00:00,274.412,32.775
2026-03-01T05:45:00+00:00,273.916,32.748
2026-03-01T05:50:00+00:00,273.592,32.764
2026-03-01T05:55:00+00:00,274.496,32.76
2026-03-01T06:00:00+00:00,275.659,32.728
2026-03-01T06:05:00+00:00,282.166,32.61
2026-03-01T06:10:00+00:00,285.63,32.6
2026-03-01T06:15:00+00:00,287.28,32.617
2026-03-01T06:20:00+00:00,287.366,32.626
2026-03-01T06:25:00+00:00,288.522,32.629
2026-03-01T06:30:00+00:00,289.559,32.629
2026-03-01T06:35:00+00:00,293.216,32.588
2026-03-01T06:40:00+00:00,295.12,32.526
2026-03-01T06:45:00+00:00,299.659,32.587
2026-03-01T06:50:00+00:00,298.332,32.594
2026-03-01T06:55:00+00:00,299.68,32.504
2026-03-01T07:00:00+00:00,307.254,32.475
2026-03-01T07:05:00+00:00,311.637,32.45
2026-03-01T07:10:00+00:00,313.694,32.456
2026-03-01T07:15:00+00:00,318.843,32.602
2026-03-01T07:20:00+00:00,319.26,32.631
2026-03-01T07:25:00+00:00,321.563,32.713
2026-03-01T07:30:00+00:00,321.174,32.674
2026-03-01T07:35:00+00:00,325.682,32.618
2026-03-01T07:40:00+00:00,328.747,32.632
2026-03-01T07:45:00+00:00,328.785,32.786
2026-03-01T07:50:00+00:00,329.002,32.741
2026-03-01T07:55:00+00:00,330.038,32.704
2026-03-01T08:00:00+00:00,330.619,32.695
2026-03-01T08:05:00+00:00,335.756,32.625
2026-03-01T08:10:00+00:00,343.419,32.603
2026-03-01T08:15:00+00:00,350.25,32.574
2026-03-01T08:20:00+00:00,355.894,32.603
2026-03-01T08:25:00+00:00,353.41,32.754
2026-03-01T08:30:00+00:00,353.097,32.665
2026-03-01T08:35:00+00:00,358.792,32.693
2026-03-01T08:40:00+00:00,363.558,32.714
2026-03-01T08:45:00+00:00,371.282,32.617
2026-03-01T08:50:00+00:00,375.465,32.635
2026-03-01T08:55:00+00:00,374.207,32.598
2026-03-01T09:00:00+00:00,362.722,32.571
2026-03-01T09:05:00+00:00,349.998,32.46
2026-03-01T09:10:00+00:00,345.15,32.553
2026-03-01T09:15:00+00:00,343.112,32.564
2026-03-01T09:20:00+00:00,347.862,32.557
2026-03-01T09:25:00+00:00,355.167,32.487
2026-03-01T09:30:00+00:00,352.764,32.491
2026-03-01T09:35:00+00:00,349.986,32.517
2026-03-01T09:40:00+00:00,341.729,32.554
2026-03-01T09:45:00+00:00,337.746,32.487
2026-03-01T09:50:00+00:00,345.17,32.494
2026-03-01T09:55:00+00:00,346.859,32.457
2026-03-01T10:00:00+00:00,359.803,32.555
2026-03-01T10:05:00+00:00,363.312,32.668
2026-03-01T10:10:00+00:00,367.59,32.713
2026-03-01T10:15:00+00:00,371.822,32.71
2026-03-01T10:20:00+00:00,372.011,32.676
2026-03-01T10:25:00+00:00,367.64,32.716
2026-03-01T10:30:00+00:00,373.102,32.689
2026-03-01T10:35:00+00:00,382.813,32.697
2026-03-01T10:40:00+00:00,394.486,32.71
2026-03-01T10:45:00+00:00,396.468,32.694
2026-03-01T10:50:00+00:00,393.864,32.705
2026-03-01T10:55:00+00:00,387.92,32.687
2026-03-01T11:00:00+00:00,381.148,32.626
2026-03-01T11:05:00+00:00,382.398,32.628
2026-03-01T11:10:00+00:00,387.347,32.63
2026-03-01T11:15:00+00:00,388.772,32.622
2026-03-01T11:20:00+00:00,382.722,32.654
2026-03-01T11:25:00+00:00,383.54,32.638
2026-03-01T11:30:00+00:00,396.42,32.674
2026-03-01T11:35:00+00:00,395.304,32.692
2026-03-01T11:40:00+00:00,394.994,32.74
2026-03-01T11:45:00+00:00,360.164,32.774
2026-03-01T11:50:00+00:00,306.328,32.793
2026-03-01T11:55:00+00:00,260.082,32.798
2026-03-01T12:00:00+00:00,244.602,32.774
2026-03-01T12:05:00+00:00,288.206,32.778
2026-03-01T12:10:00+00:00,307.722,32.767
2026-03-01T12:15:00+00:00,305.596,32.775
2026-03-01T12:20:00+00:00,321.268,32.776
2026-03-01T12:25:00+00:00,333.675,32.803
2026-03-01T12:30:00+00:00,316.213,32.825
2026-03-01T12:35:00+00:00,285.13,32.834
2026-03-01T12:40:00+00:00,282.478,32.803
2026-03-01T12:45:00+00:00,279.996,32.799
2026-03-01T12:50:00+00:00,311.479,32.776
2026-03-01T12:55:00+00:00,344.677,32.77
2026-03-01T13:00:00+00:00,367.136,32.814
2026-03-01T13:05:00+00:00,368.567,32.82
2026-03-01T13:10:00+00:00,351.256,32.861
2026-03-01T13:15:00+00:00,338.45,32.85
2026-03-01T13:20:00+00:00,329.333,32.912
2026-03-01T13:25:00+00:00,325.374,32.886
2026-03-01T13:30:00+00:00,308.535,32.944
2026-03-01T13:35:00+00:00,316.611,32.906
2026-03-01T13:40:00+00:00,343.711,32.903
2026-03-01T13:45:00+00:00,340.892,32.898
2026-03-01T13:50:00+00:00,360.948,32.916
2026-03-01T13:55:00+00:00,370.836,32.983
2026-03-01T14:00:00+00:00,364.141,33.002
2026-03-01T14:05:00+00:00,350.013,33.02
2026-03-01T14:10:00+00:00,325.584,33.031
2026-03-01T14:15:00+00:00,332.664,33.068
2026-03-01T14:20:00+00:00,335.222,33.105
2026-03-01T14:25:00+00:00,347.848,33.136
2026-03-01T14:30:00+00:00,343.237,33.14
2026-03-01T14:35:00+00:00,332.062,33.149
2026-03-01T14:40:00+00:00,347.795,33.172
2026-03-01T14:45:00+00:00,340.501,33.136
2026-03-01T14:50:00+00:00,345.87,33.152
2026-03-01T14:55:00+00:00,361.354,33.043
2026-03-01T15:00:00+00:00,372.696,33.022
2026-03-01T15:05:00+00:00,375.167,32.93
2026-03-01T15:10:00+00:00,382.414,32.945
2026-03-01T15:15:00+00:00,390.544,32.825
2026-03-01T15:20:00+00:00,393.468,32.793
2026-03-01T15:25:00+00:00,395.36,32.7
2026-03-01T15:30:00+00:00,393.869,32.7
2026-03-01T15:35:00+00:00,388.968,32.656
2026-03-01T15:40:00+00:00,403.614,32.638
2026-03-01T15:45:00+00:00,422.888,32.585
2026-03-01T15:50:00+00:00,428.684,32.706
2026-03-01T15:55:00+00:00,421.576,32.754
2026-03-01T16:00:00+00:00,422.762,32.754
2026-03-01T16:05:00+00:00,427.158,32.731
2026-03-01T16:10:00+00:00,430.501,33.221
2026-03-01T16:15:00+00:00,432.365,33.203
2026-03-01T16:20:00+00:00,439.206,33.154
2026-03-01T16:25:00+00:00,442.975,33.06
2026-03-01T16:30:00+00:00,448.49,33.022
2026-03-01T16:35:00+00:00,450.868,33.044
2026-03-01T16:40:00+00:00,457.024,32.978
2026-03-01T16:45:00+00:00,462.102,32.912
2026-03-01T16:50:00+00:00,470.189,32.81
2026-03-01T16:55:00+00:00,471.612,32.8
2026-03-01T17:00:00+00:00,472.531,32.912
2026-03-01T17:05:00+00:00,476.511,32.935
2026-03-01T17:10:00+00:00,481.826,33.012
2026-03-01T17:15:00+00:00,485.055,32.976
2026-03-01T17:20:00+00:00,488.896,32.947
2026-03-01T17:25:00+00:00,491.387,32.908
2026-03-01T17:30:00+00:00,493.751,32.824
2026-03-01T17:35:00+00:00,499.506,32.755
2026-03-01T17:40:00+00:00,503.982,32.808
2026-03-01T17:45:00+00:00,505.412,32.9
2026-03-01T17:50:00+00:00,509.068,32.928
2026-03-01T17:55:00+00:00,507.216,32.896
2026-03-01T18:00:00+00:00,508.816,32.944
2026-03-01T18:05:00+00:00,514.856,32.941
2026-03-01T18:10:00+00:00,512.616,32.822
2026-03-01T18:15:00+00:00,510.692,32.824
2026-03-01T18:20:00+00:00,508.592,32.834
2026-03-01T18:25:00+00:00,505.509,32.894
2026-03-01T18:30:00+00:00,504.208,33.034
2026-03-01T18:35:00+00:00,505.107,33.028
2026-03-01T18:40:00+00:00,502.656,32.84
2026-03-01T18:45:00+00:00,501.231,32.839
2026-03-01T18:50:00+00:00,497.31,32.874
2026-03-01T18:55:00+00:00,494.006,32.9
2026-03-01T19:00:00+00:00,493.958,32.944
2026-03-01T19:05:00+00:00,488.04,32.954
2026-03-01T19:10:00+00:00,482.322,33.002
2026-03-01T19:15:00+00:00,477.124,33.032
2026-03-01T19:20:00+00:00,473.766,33.088
2026-03-01T19:25:00+00:00,467.942,33.034
2026-03-01T19:30:00+00:00,457.975,33.098
2026-03-01T19:35:00+00:00,455.157,33.13
2026-03-01T19:40:00+00:00,446.261,33.224
2026-03-01T19:45:00+00:00,441.988,33.186
2026-03-01T19:50:00+00:00,438.052,33.2
2026-03-01T19:55:00+00:00,434.654,33.222
2026-03-01T20:00:00+00:00,427.833,33.22
2026-03-01T20:05:00+00:00,428.564,33.128
2026-03-01T20:10:00+00:00,427.249,33.175
2026-03-01T20:15:00+00:00,421.374,33.186
2026-03-01T20:20:00+00:00,415.902,33.198
2026-03-01T20:25:00+00:00,411.107,33.186
2026-03-01T20:30:00+00:00,407.923,33.216
2026-03-01T20:35:00+00:00,406.352,33.197
2026-03-01T20:40:00+00:00,403.224,33.194
2026-03-01T20:45:00+00:00,400.99,33.216
2026-03-01T20:50:00+00:00,398.344,33.218
2026-03-01T20:55:00+00:00,394.882,33.396
2026-03-01T21:00:00+00:00,390.984,33.288
2026-03-01T21:05:00+00:00,394.394,33.092
2026-03-01T21:10:00+00:00,388.452,33.179
2026-03-01T21:15:00+00:00,383.286,33.109
2026-03-01T21:20:00+00:00,380.972,33.126
2026-03-01T21:25:00+00:00,378.266,33.183
2026-03-01T21:30:00+00:00,376.418,33.269
2026-03-01T21:35:00+00:00,369.827,33.159
2026-03-01T21:40:00+00:00,363.067,33.258
2026-03-01T21:45:00+00:00,358.982,33.099
2026-03-01T21:50:00+00:00,358.132,32.916
2026-03-01T21:55:00+00:00,356.672,32.868
2026-03-01T22:00:00+00:00,353.487,32.948
2026-03-01T22:05:00+00:00,349.025,32.984
2026-03-01T22:10:00+00:00,343.716,33.034
2026-03-01T22:15:00+00:00,341.927,33.176
2026-03-01T22:20:00+00:00,335.922,33.174
2026-03-01T22:25:00+00:00,330.674,33.208
2026-03-01T22:30:00+00:00,326.64,33.187
2026-03-01T22:35:00+00:00,325.008,33.152
2026-03-01T22:40:00+00:00,322.926,32.857
2026-03-01T22:45:00+00:00,320.408,32.82
2026-03-01T22:50:00+00:00,317.006,32.928
2026-03-01T22:55:00+00:00,310.656,33.018
2026-03-01T23:00:00+00:00,308.92,33.145
2026-03-01T23:05:00+00:00,309.599,33.098
2026-03-01T23:10:00+00:00,306.034,33.177
2026-03-01T23:15:00+00:00,301.16,33.168
2026-03-01T23:20:00+00:00,297.57,33.151
2026-03-01T23:25:00+00:00,297.41,33.212
2026-03-01T23:30:00+00:00,295.256,33.291
2026-03-01T23:35:00+00:00,293.322,33.366
2026-03-01T23:40:00+00:00,292.156,33.37
2026-03-01T23:45:00+00:00,291.395,33.339
2026-03-01T23:50:00+00:00,290.292,33.346
2026-03-01T23:55:00+00:00,290.082,33.369
2026-03-02T00:00:00+00:00,288.123,33.252
2026-03-02T00:05:00+00:00,303.46,32.907
2026-03-02T00:10:00+00:00,312.414,32.834
2026-03-02T00:15:00+00:00,311.846,32.733
2026-03-02T00:20:00+00:00,312.23,32.772
2026-03-02T00:25:00+00:00,312.12,32.802
2026-03-02T00:30:00+00:00,309.612,32.835
2026-03-02T00:35:00+00:00,323.888,32.638
2026-03-02T00:40:00+00:00,333.374,32.468
2026-03-02T00:45:00+00:00,335.726,32.494
2026-03-02T00:50:00+00:00,334.908,32.508
2026-03-02T00:55:00+00:00,334.334,32.557
2026-03-02T01:00:00+00:00,335.739,32.565
2026-03-02T01:05:00+00:00,340.225,32.58
2026-03-02T01:10:00+00:00,341.3,32.568
2026-03-02T01:15:00+00:00,339.025,32.576
2026-03-02T01:20:00+00:00,338.441,32.573
2026-03-02T01:25:00+00:00,336.712,32.634
2026-03-02T01:30:00+00:00,333.06,32.697
2026-03-02T01:35:00+00:00,334.451,32.766
2026-03-02T01:40:00+00:00,332.052,32.76
2026-03-02T01:45:00+00:00,331.03,32.776
2026-03-02T01:50:00+00:00,326.774,32.758
2026-03-02T01:55:00+00:00,325.024,32.746
2026-03-02T02:00:00+00:00,323.312,32.811
2026-03-02T02:05:00+00:00,325.631,32.689
2026-03-02T02:10:00+00:00,323.73,32.64
2026-03-02T02:15:00+00:00,321.566,32.625
2026-03-02T02:20:00+00:00,321.528,32.731
2026-03-02T02:25:00+00:00,320.368,32.812
2026-03-02T02:30:00+00:00,319.346,32.864
2026-03-02T02:35:00+00:00,318.374,32.822
2026-03-02T02:40:00+00:00,318.698,32.828
2026-03-02T02:45:00+00:00,319.424,32.829
2026-03-02T02:50:00+00:00,319.081,32.942
2026-03-02T02:55:00+00:00,318.318,33.011
2026-03-02T03:00:00+00:00,314.532,33.009
2026-03-02T03:05:00+00:00,312.302,32.878
2026-03-02T03:10:00+00:00,310.863,32.99
2026-03-02T03:15:00+00:00,307.884,32.998
2026-03-02T03:20:00+00:00,306.642,32.99
2026-03-02T03:25:00+00:00,305.05,33.012
2026-03-02T03:30:00+00:00,303.043,32.998
2026-03-02T03:35:00+00:00,300.53,32.974
2026-03-02T03:40:00+00:00,299.488,32.99
2026-03-02T03:45:00+00:00,297.596,33.073
2026-03-02T03:50:00+00:00,292.96,33.066
2026-03-02T03:55:00+00:00,292.158,33.15
2026-03-02T04:00:00+00:00,291.059,33.086
2026-03-02T04:05:00+00:00,294.73,33.068
2026-03-02T04:10:00+00:00,294.861,33.072
2026-03-02T04:15:00+00:00,295.977,33.024
2026-03-02T04:20:00+00:00,294.438,33.124
2026-03-02T04:25:00+00:00,292.054,33.154
2026-03-02T04:30:00+00:00,289.372,33.147
2026-03-02T04:35:00+00:00,292.912,33.043
2026-03-02T04:40:00+00:00,288.919,33.142
2026-03-02T04:45:00+00:00,287.278,33.249
2026-03-02T04:50:00+00:00,285.754,33.146
2026-03-02T04:55:00+00:00,286.136,33.085
2026-03-02T05:00:00+00:00,289.915,33.042
2026-03-02T05:05:00+00:00,287.83,33.126
2026-03-02T05:10:00+00:00,287.674,33.111
2026-03-02T05:15:00+00:00,286.508,33.088
2026-03-02T05:20:00+00:00,288.444,33.033
2026-03-02T05:25:00+00:00,288.825,33.048
2026-03-02T05:30:00+00:00,285.75,33.1
2026-03-02T05:35:00+00:00,285.235,33.159
2026-03-02T05:40:00+00:00,288.318,33.035
2026-03-02T05:45:00+00:00,291.096,32.974
2026-03-02T05:50:00+00:00,295.068,32.941
2026-03-02T05:55:00+00:00,300.779,32.982
2026-03-02T06:00:00+00:00,305.498,32.968
2026-03-02T06:05:00+00:00,314.672,32.814
2026-03-02T06:10:00+00:00,329.633,32.633
2026-03-02T06:15:00+00:00,335.877,32.712
2026-03-02T06:20:00+00:00,339.864,32.696
2026-03-02T06:25:00+00:00,345.415,32.632
2026-03-02T06:30:00+00:00,352.937,32.467
2026-03-02T06:35:00+00:00,361.306,32.475
2026-03-02T06:40:00+00:00,372.839,32.624
2026-03-02T06:45:00+00:00,381.347,32.662
2026-03-02T06:50:00+00:00,386.16,32.611
2026-03-02T06:55:00+00:00,391.632,32.619
2026-03-02T07:00:00+00:00,395.381,32.585
2026-03-02T07:05:00+00:00,402.576,32.556
2026-03-02T07:10:00+00:00,407.952,32.702
2026-03-02T07:15:00+00:00,416.12,32.752
2026-03-02T07:20:00+00:00,416.099,32.691
2026-03-02T07:25:00+00:00,423.642,32.677
2026-03-02T07:30:00+00:00,430.083,32.6
2026-03-02T07:35:00+00:00,434.4,32.573
2026-03-02T07:40:00+00:00,440.316,32.564
2026-03-02T07:45:00+00:00,444.366,32.571
2026-03-02T07:50:00+00:00,445.602,32.546
2026-03-02T07:55:00+00:00,447.083,32.44
2026-03-02T08:00:00+00:00,454.454,32.464
2026-03-02T08:05:00+00:00,461.768,32.566
2026-03-02T08:10:00+00:00,462.532,32.731
2026-03-02T08:15:00+00:00,461.52,32.763
2026-03-02T08:20:00+00:00,463.81,32.776
2026-03-02T08:25:00+00:00,459.157,32.792
2026-03-02T08:30:00+00:00,455.133,32.824
2026-03-02T08:35:00+00:00,444.41,32.845
2026-03-02T08:40:00+00:00,439.949,32.847
2026-03-02T08:45:00+00:00,438.463,32.896
2026-03-02T08:50:00+00:00,435.075,32.923
2026-03-02T08:55:00+00:00,430.968,32.946
2026-03-02T09:00:00+00:00,429.703,32.958
2026-03-02T09:05:00+00:00,424.381,33.075
2026-03-02T09:10:00+00:00,415.902,33.186
2026-03-02T09:15:00+00:00,406.086,33.164
2026-03-02T09:20:00+00:00,398.822,33.18
2026-03-02T09:25:00+00:00,397.535,33.147
2026-03-02T09:30:00+00:00,376.622,33.234
2026-03-02T09:35:00+00:00,360.784,33.067
2026-03-02T09:40:00+00:00,353.917,32.832
2026-03-02T09:45:00+00:00,333.534,32.868
2026-03-02T09:50:00+00:00,325.13,32.82
2026-03-02T09:55:00+00:00,334.202,32.817
2026-03-02T10:00:00+00:00,325.547,32.8
2026-03-02T10:05:00+00:00,322.634,32.8
2026-03-02T10:10:00+00:00,298.982,32.82
2026-03-02T10:15:00+00:00,294.954,32.896
2026-03-02T10:20:00+00:00,280.462,32.977
2026-03-02T10:25:00+00:00,262.383,32.976
2026-03-02T10:30:00+00:00,249.558,32.974
2026-03-02T10:35:00+00:00,255.269,32.88
2026-03-02T10:40:00+00:00,258.042,32.857
2026-03-02T10:45:00+00:00,258.804,32.836
2026-03-02T10:50:00+00:00,243.478,32.91
2026-03-02T10:55:00+00:00,237.935,32.906
2026-03-02T11:00:00+00:00,230.28,32.955
2026-03-02T11:05:00+00:00,227.664,32.829
2026-03-02T11:10:00+00:00,227.584,32.8
2026-03-02T11:15:00+00:00,229.263,32.8
2026-03-02T11:20:00+00:00,210.761,32.8
2026-03-02T11:25:00+00:00,194.054,32.82
2026-03-02T11:30:00+00:00,192.096,32.906
2026-03-02T11:35:00+00:00,192.806,32.828
2026-03-02T11:40:00+00:00,186.276,32.826
2026-03-02T11:45:00+00:00,188.002,32.824
2026-03-02T11:50:00+00:00,176.108,32.843
2026-03-02T11:55:00+00:00,181.95,32.892
2026-03-02T12:00:00+00:00,183.966,32.908
2026-03-02T12:05:00+00:00,183.742,32.813
2026-03-02T12:10:00+00:00,175.964,32.812
2026-03-02T12:15:00+00:00,179.183,32.828
2026-03-02T12:20:00+00:00,186.467,32.921
2026-03-02T12:25:00+00:00,173.693,32.988
2026-03-02T12:30:00+00:00,180.454,33.067
2026-03-02T12:35:00+00:00,177.638,33.104
2026-03-02T12:40:00+00:00,192.231,33.081
2026-03-02T12:45:00+00:00,165.671,33.09
2026-03-02T12:50:00+00:00,170.102,33.113
2026-03-02T12:55:00+00:00,179.73,33.126
2026-03-02T13:00:00+00:00,176.772,33.156
2026-03-02T13:05:00+00:00,175.157,32.933
2026-03-02T13:10:00+00:00,184.796,32.83
2026-03-02T13:15:00+00:00,179.524,32.858
2026-03-02T13:20:00+00:00,178.324,32.805
2026-03-02T13:25:00+00:00,182.76,32.778
2026-03-02T13:30:00+00:00,184.572,32.768
2026-03-02T13:35:00+00:00,185.762,32.773
2026-03-02T13:40:00+00:00,188.804,32.734
2026-03-02T13:45:00+00:00,180.983,32.629
2026-03-02T13:50:00+00:00,182.064,32.612
2026-03-02T13:55:00+00:00,194.57,32.612
2026-03-02T14:00:00+00:00,190.478,32.647
2026-03-02T14:05:00+00:00,188.44,32.712
2026-03-02T14:10:00+00:00,192.21,32.687
2026-03-02T14:15:00+00:00,192.133,32.7
2026-03-02T14:20:00+00:00,193.217,32.756
2026-03-02T14:25:00+00:00,189.006,32.743
2026-03-02T14:30:00+00:00,217.079,32.772
2026-03-02T14:35:00+00:00,199.002,32.776
2026-03-02T14:40:00+00:00,205.612,32.76
2026-03-02T14:45:00+00:00,211.678,32.745
2026-03-02T14:50:00+00:00,228.332,32.77
2026-03-02T14:55:00+00:00,224.739,32.78
2026-03-02T15:00:00+00:00,232.832,32.768
2026-03-02T15:05:00+00:00,229.898,32.764
2026-03-02T15:10:00+00:00,227.986,32.775
2026-03-02T15:15:00+00:00,249.086,32.798
2026-03-02T15:20:00+00:00,260.693,32.787
2026-03-02T15:25:00+00:00,267.206,32.78
2026-03-02T15:30:00+00:00,282.149,32.759
2026-03-02T15:35:00+00:00,311.172,32.772
2026-03-02T15:40:00+00:00,316.398,32.711
2026-03-02T15:45:00+00:00,325.781,32.639
2026-03-02T15:50:00+00:00,312.593,32.624
2026-03-02T15:55:00+00:00,331.74,32.628
2026-03-02T16:00:00+00:00,341.266,32.599
2026-03-02T16:05:00+00:00,355.77,32.55
2026-03-02T16:10:00+00:00,354.124,32.577
2026-03-02T16:15:00+00:00,358.376,32.525
2026-03-02T16:20:00+00:00,363.819,32.656
2026-03-02T16:25:00+00:00,365.33,32.701
2026-03-02T16:30:00+00:00,377.839,32.695
2026-03-02T16:35:00+00:00,385.72,32.635
2026-03-02T16:40:00+00:00,390.03,32.626
2026-03-02T16:45:00+00:00,401.92,32.622
2026-03-02T16:50:00+00:00,412.124,32.594
2026-03-02T16:55:00+00:00,411.857,32.575
2026-03-02T17:00:00+00:00,413.994,32.565
2026-03-02T17:05:00+00:00,429.636,32.579
2026-03-02T17:10:00+00:00,439.173,32.6
2026-03-02T17:15:00+00:00,447.711,32.65
2026-03-02T17:20:00+00:00,457.47,32.605
2026-03-02T17:25:00+00:00,464.434,32.543
2026-03-02T17:30:00+00:00,471.362,32.468
2026-03-02T17:35:00+00:00,477.216,32.42
2026-03-02T17:40:00+00:00,477.802,32.468
2026-03-02T17:45:00+00:00,482.253,32.647
2026-03-02T17:50:00+00:00,486.131,32.644
2026-03-02T17:55:00+00:00,491.343,32.734
2026-03-02T18:00:00+00:00,493.951,32.665
2026-03-02T18:05:00+00:00,503.464,32.612
2026-03-02T18:10:00+00:00,509.839,32.647
2026-03-02T18:15:00+00:00,511.316,32.774
2026-03-02T18:20:00+00:00,509.738,32.776
2026-03-02T18:25:00+00:00,510.694,32.774
2026-03-02T18:30:00+00:00,507.526,32.774
2026-03-02T18:35:00+00:00,503.217,32.753
2026-03-02T18:40:00+00:00,501.888,32.775
2026-03-02T18:45:00+00:00,499.888,32.766
2026-03-02T18:50:00+00:00,497.516,32.8
2026-03-02T18:55:00+00:00,490.122,32.822
2026-03-02T19:00:00+00:00,486.576,32.898
2026-03-02T19:05:00+00:00,482.814,32.969
2026-03-02T19:10:00+00:00,480.068,32.919
2026-03-02T19:15:00+00:00,483.751,32.898
2026-03-02T19:20:00+00:00,478.275,32.984
2026-03-02T19:25:00+00:00,473.138,33.024
2026-03-02T19:30:00+00:00,474.746,33.071
2026-03-02T19:35:00+00:00,472.447,33.015
2026-03-02T19:40:00+00:00,468.463,33.037
2026-03-02T19:45:00+00:00,464.412,33.152
2026-03-02T19:50:00+00:00,459.417,33.18
2026-03-02T19:55:00+00:00,455.302,33.209
2026-03-02T20:00:00+00:00,450.466,33.222
2026-03-02T20:05:00+00:00,449.288,33.21
2026-03-02T20:10:00+00:00,444.47,33.256
2026-03-02T20:15:00+00:00,443.028,33.095
2026-03-02T20:20:00+00:00,435.44,33.03
2026-03-02T20:25:00+00:00,430.1,33.01
2026-03-02T20:30:00+00:00,424.634,32.921
2026-03-02T20:35:00+00:00,424.478,33.038
2026-03-02T20:40:00+00:00,420.246,33.034
2026-03-02T20:45:00+00:00,419.371,32.989
2026-03-02T20:50:00+00:00,418.917,32.986
2026-03-02T20:55:00+00:00,412.568,33.079
2026-03-02T21:00:00+00:00,404.571,33.21
2026-03-02T21:05:00+00:00,402.225,33.214
2026-03-02T21:10:00+00:00,400.248,33.226
2026-03-02T21:15:00+00:00,399.596,33.236
2026-03-02T21:20:00+00:00,393.048,33.335
2026-03-02T21:25:00+00:00,391.5,33.046
2026-03-02T21:30:00+00:00,387.142,32.89
2026-03-02T21:35:00+00:00,381.581,32.82
2026-03-02T21:40:00+00:00,378.26,32.833
2026-03-02T21:45:00+00:00,374.534,32.896
2026-03-02T21:50:00+00:00,369.711,32.978
2026-03-02T21:55:00+00:00,365.22,33.004
2026-03-02T22:00:00+00:00,359.536,33.106
2026-03-02T22:05:00+00:00,357.97,33.173
2026-03-02T22:10:00+00:00,351.594,33.052
2026-03-02T22:15:00+00:00,346.8,33.016
2026-03-02T22:20:00+00:00,343.311,33.082
2026-03-02T22:25:00+00:00,340.336,33.074
2026-03-02T22:30:00+00:00,337.08,33.132
2026-03-02T22:35:00+00:00,331.034,33.2
2026-03-02T22:40:00+00:00,326.308,33.235
2026-03-02T22:45:00+00:00,322.37,33.245
2026-03-02T22:50:00+00:00,319.23,33.208
2026-03-02T22:55:00+00:00,313.989,33.222
2026-03-02T23:00:00+00:00,310.197,33.304
2026-03-02T23:05:00+00:00,320.377,33.149
2026-03-02T23:10:00+00:00,323.881,33.18
2026-03-02T23:15:00+00:00,318.408,33.152
2026-03-02T23:20:00+00:00,312.206,32.972
2026-03-02T23:25:00+00:00,307.493,32.928
2026-03-02T23:30:00+00:00,304.01,32.792
2026-03-02T23:35:00+00:00,307.11,32.778
2026-03-02T23:40:00+00:00,306.813,32.773
2026-03-02T23:45:00+00:00,306.52,32.813
2026-03-02T23:50:00+00:00,304.952,32.838
2026-03-02T23:55:00+00:00,302.714,32.824
2026-03-03T00:00:00+00:00,300.162,32.9
2026-03-03T00:05:00+00:00,313.494,32.748
2026-03-03T00:10:00+00:00,317.686,32.612
2026-03-03T00:15:00+00:00,319.66,32.631
2026-03-03T00:20:00+00:00,317.63,32.682
2026-03-03T00:25:00+00:00,319.488,32.764
2026-03-03T00:30:00+00:00,316.324,32.738
2026-03-03T00:35:00+00:00,322.996,32.62
2026-03-03T00:40:00+00:00,333.602,32.568
2026-03-03T00:45:00+00:00,337.688,32.578
2026-03-03T00:50:00+00:00,337.39,32.59
2026-03-03T00:55:00+00:00,335.972,32.578
2026-03-03T01:00:00+00:00,335.218,32.594
2026-03-03T01:05:00+00:00,336.766,32.54
2026-03-03T01:10:00+00:00,336.028,32.568
2026-03-03T01:15:00+00:00,332.33,32.619
2026-03-03T01:20:00+00:00,327.216,32.638
2026-03-03T01:25:00+00:00,327.966,32.629
2026-03-03T01:30:00+00:00,326.784,32.658
2026-03-03T01:35:00+00:00,328.965,32.618
2026-03-03T01:40:00+00:00,326.862,32.629
2026-03-03T01:45:00+00:00,325.61,32.706
2026-03-03T01:50:00+00:00,323.159,32.69
2026-03-03T01:55:00+00:00,321.586,32.737
2026-03-03T02:00:00+00:00,319.093,32.75
2026-03-03T02:05:00+00:00,322.648,32.653
2026-03-03T02:10:00+00:00,321.745,32.706
2026-03-03T02:15:00+00:00,320.426,32.731
2026-03-03T02:20:00+00:00,320.602,32.686
2026-03-03T02:25:00+00:00,318.946,32.674
2026-03-03T02:30:00+00:00,316.186,32.731
2026-03-03T02:35:00+00:00,314.549,32.8
2026-03-03T02:40:00+00:00,313.355,32.781
2026-03-03T02:45:00+00:00,311.725,32.739
2026-03-03T02:50:00+00:00,311.026,32.778
2026-03-03T02:55:00+00:00,309.232,32.815
2026-03-03T03:00:00+00:00,309.11,32.86
2026-03-03T03:05:00+00:00,312.55,32.82
2026-03-03T03:10:00+00:00,312.66,32.828
2026-03-03T03:15:00+00:00,309.772,32.828
2026-03-03T03:20:00+00:00,307.307,32.827
2026-03-03T03:25:00+00:00,300.438,32.838
2026-03-03T03:30:00+00:00,299.798,32.861
2026-03-03T03:35:00+00:00,299.452,32.926
2026-03-03T03:40:00+00:00,298.845,32.943
2026-03-03T03:45:00+00:00,295.805,32.936
2026-03-03T03:50:00+00:00,293.24,32.976
2026-03-03T03:55:00+00:00,291.062,32.992
2026-03-03T04:00:00+00:00,288.009,33.024
2026-03-03T04:05:00+00:00,292.382,33.06
2026-03-03T04:10:00+00:00,294.126,33.045
2026-03-03T04:15:00+00:00,293.458,33.016
2026-03-03T04:20:00+00:00,293.794,33.042
2026-03-03T04:25:00+00:00,293.162,33.061
2026-03-03T04:30:00+00:00,290.023,33.113
2026-03-03T04:35:00+00:00,289.958,33.068
2026-03-03T04:40:00+00:00,287.334,33.037
2026-03-03T04:45:00+00:00,289.391,33.086
2026-03-03T04:50:00+00:00,287.239,33.093
2026-03-03T04:55:00+00:00,287.998,33.118
2026-03-03T05:00:00+00:00,288.841,33.134
2026-03-03T05:05:00+00:00,292.598,33.168
2026-03-03T05:10:00+00:00,294.404,33.111
2026-03-03T05:15:00+00:00,292.258,33.104
2026-03-03T05:20:00+00:00,292.965,33.116
2026-03-03T05:25:00+00:00,292.808,33.098
2026-03-03T05:30:00+00:00,288.042,33.085
2026-03-03T05:35:00+00:00,285.54,33.032
2026-03-03T05:40:00+00:00,289.837,33.025
2026-03-03T05:45:00+00:00,292.474,33.016
2026-03-03T05:50:00+00:00,297.249,32.998
2026-03-03T05:55:00+00:00,300.398,32.934
2026-03-03T06:00:00+00:00,307.863,32.886
2026-03-03T06:05:00+00:00,319.537,32.781
2026-03-03T06:10:00+00:00,327.476,32.644
2026-03-03T06:15:00+00:00,334.007,32.618
2026-03-03T06:20:00+00:00,338.036,32.632
2026-03-03T06:25:00+00:00,341.934,32.605
2026-03-03T06:30:00+00:00,347.646,32.593
2026-03-03T06:35:00+00:00,358.969,32.55
2026-03-03T06:40:00+00:00,366.304,32.445
2026-03-03T06:45:00+00:00,372.802,32.409
2026-03-03T06:50:00+00:00,386.287,32.391
2026-03-03T06:55:00+00:00,393.124,32.54
2026-03-03T07:00:00+00:00,397.986,32.58
2026-03-03T07:05:00+00:00,403.232,32.578
2026-03-03T07:10:00+00:00,403.858,32.62
2026-03-03T07:15:00+00:00,405.048,32.62
2026-03-03T07:20:00+00:00,408.868,32.6
2026-03-03T07:25:00+00:00,409.472,32.624
2026-03-03T07:30:00+00:00,411.808,32.77
2026-03-03T07:35:00+00:00,414.594,32.8
2026-03-03T07:40:00+00:00,418.128,32.8
2026-03-03T07:45:00+00:00,416.083,32.79
2026-03-03T07:50:00+00:00,412.77,32.763
2026-03-03T07:55:00+00:00,411.924,32.701
2026-03-03T08:00:00+00:00,412.862,32.654
2026-03-03T08:05:00+00:00,418.567,32.482
2026-03-03T08:10:00+00:00,417.971,32.532
2026-03-03T08:15:00+00:00,413.634,32.624
2026-03-03T08:20:00+00:00,413.528,32.633
2026-03-03T08:25:00+00:00,411.789,32.69
2026-03-03T08:30:00+00:00,404.016,32.699
2026-03-03T08:35:00+00:00,399.208,32.692
2026-03-03T08:40:00+00:00,392.245,32.731
2026-03-03T08:45:00+00:00,381.994,32.769
2026-03-03T08:50:00+00:00,375.119,32.786
2026-03-03T08:55:00+00:00,369.931,32.766
2026-03-03T09:00:00+00:00,368.516,32.736
2026-03-03T09:05:00+00:00,373.223,32.719
2026-03-03T09:10:00+00:00,361.225,32.783
2026-03-03T09:15:00+00:00,350.86,32.774
2026-03-03T09:20:00+00:00,349.771,32.774
2026-03-03T09:25:00+00:00,351.144,32.774
2026-03-03T09:30:00+00:00,353.5,32.777
2026-03-03T09:35:00+00:00,346.627,32.774
2026-03-03T09:40:00+00:00,330.91,32.777
2026-03-03T09:45:00+00:00,332.354,32.798
2026-03-03T09:50:00+00:00,326.235,32.8
2026-03-03T09:55:00+00:00,314.13,32.819
2026-03-03T10:00:00+00:00,302.335,32.848
2026-03-03T10:05:00+00:00,290.846,32.857
2026-03-03T10:10:00+00:00,298.454,32.786
2026-03-03T10:15:00+00:00,279.304,32.751
2026-03-03T10:20:00+00:00,277.016,32.69
2026-03-03T10:25:00+00:00,312.343,32.672
2026-03-03T10:30:00+00:00,352.39,32.652
2026-03-03T10:35:00+00:00,363.585,32.613
2026-03-03T10:40:00+00:00,370.974,32.624
2026-03-03T10:45:00+00:00,375.568,32.609
2026-03-03T10:50:00+00:00,377.068,32.6
2026-03-03T10:55:00+00:00,370.116,32.6
2026-03-03T11:00:00+00:00,371.75,32.604
2026-03-03T11:05:00+00:00,373.218,32.579
2026-03-03T11:10:00+00:00,376.486,32.587
2026-03-03T11:15:00+00:00,385.746,32.564
2026-03-03T11:20:00+00:00,386.424,32.598
2026-03-03T11:25:00+00:00,383.704,32.606
2026-03-03T11:30:00+00:00,380.694,32.644
2026-03-03T11:35:00+00:00,382.044,32.624
2026-03-03T11:40:00+00:00,388.364,32.624
2026-03-03T11:45:00+00:00,388.855,32.614
2026-03-03T11:50:00+00:00,390.92,32.6
2026-03-03T11:55:00+00:00,391.736,32.6
2026-03-03T12:00:00+00:00,394.044,32.598
2026-03-03T12:05:00+00:00,401.188,32.569
2026-03-03T12:10:00+00:00,403.356,32.557
2026-03-03T12:15:00+00:00,405.117,32.539
2026-03-03T12:20:00+00:00,408.593,32.538
2026-03-03T12:25:00+00:00,402.842,32.582
2026-03-03T12:30:00+00:00,406.742,32.575
2026-03-03T12:35:00+00:00,409.726,32.586
2026-03-03T12:40:00+00:00,406.864,32.576
2026-03-03T12:45:00+00:00,401.692,32.564
2026-03-03T12:50:00+00:00,398.742,32.572
2026-03-03T12:55:00+00:00,400.672,32.59
2026-03-03T13:00:00+00:00,405.566,32.632
2026-03-03T13:05:00+00:00,396.136,32.56
2026-03-03T13:10:00+00:00,394.628,32.493
2026-03-03T13:15:00+00:00,393.607,32.517
2026-03-03T13:20:00+00:00,396.703,32.562
2026-03-03T13:25:00+00:00,405.234,32.548
2026-03-03T13:30:00+00:00,409.872,32.588
2026-03-03T13:35:00+00:00,400.448,32.6
2026-03-03T13:40:00+00:00,396.07,32.588
2026-03-03T13:45:00+00:00,391.05,32.565
2026-03-03T13:50:00+00:00,381.544,32.602
2026-03-03T13:55:00+00:00,373.396,32.629
2026-03-03T14:00:00+00:00,371.01,32.627
2026-03-03T14:05:00+00:00,371.12,32.695
2026-03-03T14:10:00+00:00,369.582,32.697
2026-03-03T14:15:00+00:00,369.734,32.735
2026-03-03T14:20:00+00:00,373.573,32.751
2026-03-03T14:25:00+00:00,377.551,32.775
2026-03-03T14:30:00+00:00,377.498,32.788
2026-03-03T14:35:00+00:00,375.127,32.765
2026-03-03T14:40:00+00:00,376.792,32.775
2026-03-03T14:45:00+00:00,383.484,32.775
2026-03-03T14:50:00+00:00,377.372,32.78
2026-03-03T14:55:00+00:00,377.508,32.772
2026-03-03T15:00:00+00:00,377.216,32.788
2026-03-03T15:05:00+00:00,381.054,32.8
2026-03-03T15:10:00+00:00,380.244,32.786
2026-03-03T15:15:00+00:00,377.9,32.756
2026-03-03T15:20:00+00:00,374.913,32.726
2026-03-03T15:25:00+00:00,366.969,32.688
2026-03-03T15:30:00+00:00,362.831,32.654
2026-03-03T15:35:00+00:00,371.264,32.654
2026-03-03T15:40:00+00:00,385.258,32.613
2026-03-03T15:45:00+00:00,395.843,32.61
2026-03-03T15:50:00+00:00,403.029,32.624
2026-03-03T15:55:00+00:00,402.462,32.638
2026-03-03T16:00:00+00:00,402.688,32.633
2026-03-03T16:05:00+00:00,409.366,32.625
2026-03-03T16:10:00+00:00,412.274,32.602
2026-03-03T16:15:00+00:00,421.662,32.58
2026-03-03T16:20:00+00:00,428.56,32.564
2026-03-03T16:25:00+00:00,433.304,32.577
2026-03-03T16:30:00+00:00,435.22,32.581
2026-03-03T16:35:00+00:00,441.716,32.568
2026-03-03T16:40:00+00:00,446.413,32.573
2026-03-03T16:45:00+00:00,452.032,32.578
2026-03-03T16:50:00+00:00,461.72,32.505
2026-03-03T16:55:00+00:00,470.562,32.522
2026-03-03T17:00:00+00:00,480.049,32.672
2026-03-03T17:05:00+00:00,483.718,32.793
2026-03-03T17:10:00+00:00,488.771,32.754
2026-03-03T17:15:00+00:00,489.431,32.702
2026-03-03T17:20:00+00:00,490.672,32.65
2026-03-03T17:25:00+00:00,497.395,32.66
2026-03-03T17:30:00+00:00,499.153,32.62
2026-03-03T17:35:00+00:00,507.008,32.666
2026-03-03T17:40:00+00:00,512.25,32.804
2026-03-03T17:45:00+00:00,513.588,32.821
2026-03-03T17:50:00+00:00,514.162,32.827
2026-03-03T17:55:00+00:00,515.708,32.845
2026-03-03T18:00:00+00:00,517.934,32.856
2026-03-03T18:05:00+00:00,524.498,32.789
2026-03-03T18:10:00+00:00,524.557,32.769
2026-03-03T18:15:00+00:00,525.741,32.78
2026-03-03T18:20:00+00:00,524.816,32.77
2026-03-03T18:25:00+00:00,524.298,32.788
2026-03-03T18:30:00+00:00,525.352,32.816
2026-03-03T18:35:00+00:00,523.05,32.835
2026-03-03T18:40:00+00:00,522.048,32.86
2026-03-03T18:45:00+00:00,516.634,32.863
2026-03-03T18:50:00+00:00,513.206,32.755
2026-03-03T18:55:00+00:00,511.792,32.725
2026-03-03T19:00:00+00:00,509.228,32.728
2026-03-03T19:05:00+00:00,511.953,32.567
2026-03-03T19:10:00+00:00,509.161,32.515
2026-03-03T19:15:00+00:00,509.309,32.792
2026-03-03T19:20:00+00:00,503.688,32.813
2026-03-03T19:25:00+00:00,497.564,32.872
2026-03-03T19:30:00+00:00,489.374,32.907
2026-03-03T19:35:00+00:00,486.844,32.982
2026-03-03T19:40:00+00:00,481.908,32.967
2026-03-03T19:45:00+00:00,475.156,33.001
2026-03-03T19:50:00+00:00,471.23,33.022
2026-03-03T19:55:00+00:00,467.821,33.056
2026-03-03T20:00:00+00:00,459.302,33.126
2026-03-03T20:05:00+00:00,455.876,33.179
2026-03-03T20:10:00+00:00,451.097,33.187
2026-03-03T20:15:00+00:00,446.168,33.227
2026-03-03T20:20:00+00:00,442.983,33.224
2026-03-03T20:25:00+00:00,439.425,33.105
2026-03-03T20:30:00+00:00,437.707,33.115
2026-03-03T20:35:00+00:00,435.096,33.184
2026-03-03T20:40:00+00:00,429.628,33.208
2026-03-03T20:45:00+00:00,424.952,33.234
2026-03-03T20:50:00+00:00,422.638,33.224
2026-03-03T20:55:00+00:00,417.469,33.224
2026-03-03T21:00:00+00:00,413.078,33.232
2026-03-03T21:05:00+00:00,414.081,33.288
2026-03-03T21:10:00+00:00,408.173,33.184
2026-03-03T21:15:00+00:00,403.347,33.134
2026-03-03T21:20:00+00:00,397.326,33.18
2026-03-03T21:25:00+00:00,394.844,33.096
2026-03-03T21:30:00+00:00,393.165,33.142
2026-03-03T21:35:00+00:00,385.712,33.24
2026-03-03T21:40:00+00:00,379.896,33.3
2026-03-03T21:45:00+00:00,372.724,33.309
2026-03-03T21:50:00+00:00,370.176,33.338
2026-03-03T21:55:00+00:00,366.628,33.388
2026-03-03T22:00:00+00:00,364.684,33.415
2026-03-03T22:05:00+00:00,362.846,33.415
2026-03-03T22:10:00+00:00,357.934,33.351
2026-03-03T22:15:00+00:00,357.864,33.178
2026-03-03T22:20:00+00:00,354.944,33.189
2026-03-03T22:25:00+00:00,351.106,33.235
2026-03-03T22:30:00+00:00,347.58,33.286
2026-03-03T22:35:00+00:00,337.954,33.118
2026-03-03T22:40:00+00:00,333.062,33.197
2026-03-03T22:45:00+00:00,328.626,33.238
2026-03-03T22:50:00+00:00,325.812,33.288
2026-03-03T22:55:00+00:00,320.277,33.339
2026-03-03T23:00:00+00:00,314.958,33.388
2026-03-03T23:05:00+00:00,320.056,33.204
2026-03-03T23:10:00+00:00,317.18,33.231
2026-03-03T23:15:00+00:00,313.502,33.067
2026-03-03T23:20:00+00:00,310.788,33.022
2026-03-03T23:25:00+00:00,310.034,32.969
2026-03-03T23:30:00+00:00,305.732,32.982
2026-03-03T23:35:00+00:00,309.652,33.018
2026-03-03T23:40:00+00:00,311.722,33.03
2026-03-03T23:45:00+00:00,311.096,33.022
2026-03-03T23:50:00+00:00,309.747,33.026
2026-03-03T23:55:00+00:00,309.498,33.042
2026-03-04T00:00:00+00:00,306.872,33.109
2026-03-04T00:05:00+00:00,320.509,33.02
2026-03-04T00:10:00+00:00,322.86,32.974
2026-03-04T00:15:00+00:00,322.217,32.996
2026-03-04T00:20:00+00:00,320.985,32.974
2026-03-04T00:25:00+00:00,322.468,32.97
2026-03-04T00:30:00+00:00,322.658,32.992
2026-03-04T00:35:00+00:00,339.513,32.802
2026-03-04T00:40:00+00:00,350.177,32.746
2026-03-04T00:45:00+00:00,352.452,32.761
2026-03-04T00:50:00+00:00,347.944,32.78
2026-03-04T00:55:00+00:00,346.578,32.774
2026-03-04T01:00:00+00:00,344.266,32.821
2026-03-04T01:05:00+00:00,346.002,32.782
2026-03-04T01:10:00+00:00,344.316,32.781
2026-03-04T01:15:00+00:00,341.207,32.8
2026-03-04T01:20:00+00:00,340.78,32.806
2026-03-04T01:25:00+00:00,339.867,32.846
2026-03-04T01:30:00+00:00,335.442,32.906
2026-03-04T01:35:00+00:00,340.084,32.828
2026-03-04T01:40:00+00:00,340.823,32.857
2026-03-04T01:45:00+00:00,338.275,32.854
2026-03-04T01:50:00+00:00,333.571,32.898
2026-03-04T01:55:00+00:00,332.242,32.961
2026-03-04T02:00:00+00:00,331.594,32.978
2026-03-04T02:05:00+00:00,335.341,32.98
2026-03-04T02:10:00+00:00,335.052,32.974
2026-03-04T02:15:00+00:00,332.274,32.998
2026-03-04T02:20:00+00:00,333.058,33.005
2026-03-04T02:25:00+00:00,329.967,33.0
2026-03-04T02:30:00+00:00,329.968,33.026
2026-03-04T02:35:00+00:00,331.671,32.982
2026-03-04T02:40:00+00:00,332.196,32.985
2026-03-04T02:45:00+00:00,328.686,33.009
2026-03-04T02:50:00+00:00,328.719,33.034
2026-03-04T02:55:00+00:00,327.38,33.108
2026-03-04T03:00:00+00:00,325.717,33.092
2026-03-04T03:05:00+00:00,323.948,33.038
2026-03-04T03:10:00+00:00,323.062,33.014
2026-03-04T03:15:00+00:00,322.778,33.082
2026-03-04T03:20:00+00:00,320.816,33.091
2026-03-04T03:25:00+00:00,319.128,33.119
2026-03-04T03:30:00+00:00,316.626,33.168
2026-03-04T03:35:00+00:00,313.41,33.116
2026-03-04T03:40:00+00:00,312.238,33.091
2026-03-04T03:45:00+00:00,309.894,33.142
2026-03-04T03:50:00+00:00,309.01,33.166
2026-03-04T03:55:00+00:00,306.915,33.199
2026-03-04T04:00:00+00:00,306.843,33.212
2026-03-04T04:05:00+00:00,307.825,33.196
2026-03-04T04:10:00+00:00,307.417,33.222
2026-03-04T04:15:00+00:00,306.66,33.22
2026-03-04T04:20:00+00:00,306.936,33.22
2026-03-04T04:25:00+00:00,307.058,33.226
2026-03-04T04:30:00+00:00,303.548,33.226
2026-03-04T04:35:00+00:00,303.842,33.118
2026-03-04T04:40:00+00:00,305.508,33.11
2026-03-04T04:45:00+00:00,307.288,33.078
2026-03-04T04:50:00+00:00,306.532,33.07
2026-03-04T04:55:00+00:00,304.828,33.15
2026-03-04T05:00:00+00:00,304.097,33.206
2026-03-04T05:05:00+00:00,304.167,33.211
2026-03-04T05:10:00+00:00,306.866,33.2
2026-03-04T05:15:00+00:00,305.721,33.2
2026-03-04T05:20:00+00:00,304.438,33.2
2026-03-04T05:25:00+00:00,308.26,33.2
2026-03-04T05:30:00+00:00,307.085,33.2
2026-03-04T05:35:00+00:00,306.418,33.18
2026-03-04T05:40:00+00:00,308.54,33.154
2026-03-04T05:45:00+00:00,310.396,33.147
2026-03-04T05:50:00+00:00,313.436,33.055
2026-03-04T05:55:00+00:00,317.76,33.016
2026-03-04T06:00:00+00:00,323.523,33.012
2026-03-04T06:05:00+00:00,335.562,32.92
2026-03-04T06:10:00+00:00,344.826,32.826
2026-03-04T06:15:00+00:00,349.298,32.791
2026-03-04T06:20:00+00:00,356.424,32.764
2026-03-04T06:25:00+00:00,362.222,32.756
2026-03-04T06:30:00+00:00,368.472,32.725
2026-03-04T06:35:00+00:00,375.59,32.597
2026-03-04T06:40:00+00:00,387.169,32.509
2026-03-04T06:45:00+00:00,395.37,32.558
2026-03-04T06:50:00+00:00,401.652,32.544
2026-03-04T06:55:00+00:00,401.258,32.81
2026-03-04T07:00:00+00:00,402.548,32.936
2026-03-04T07:05:00+00:00,409.953,32.734
2026-03-04T07:10:00+00:00,414.583,32.601
2026-03-04T07:15:00+00:00,420.316,32.551
2026-03-04T07:20:00+00:00,423.93,32.462
2026-03-04T07:25:00+00:00,428.895,32.447
2026-03-04T07:30:00+00:00,431.481,32.413
2026-03-04T07:35:00+00:00,434.775,32.478
2026-03-04T07:40:00+00:00,431.87,32.509
2026-03-04T07:45:00+00:00,429.88,32.464
2026-03-04T07:50:00+00:00,430.018,32.415
2026-03-04T07:55:00+00:00,423.678,32.436
2026-03-04T08:00:00+00:00,420.454,32.415
2026-03-04T08:05:00+00:00,416.262,32.428
2026-03-04T08:10:00+00:00,412.806,32.462
2026-03-04T08:15:00+00:00,405.465,32.44
2026-03-04T08:20:00+00:00,404.034,32.424
2026-03-04T08:25:00+00:00,395.083,32.505
2026-03-04T08:30:00+00:00,388.092,32.511
2026-03-04T08:35:00+00:00,382.25,32.495
2026-03-04T08:40:00+00:00,376.238,32.47
2026-03-04T08:45:00+00:00,367.516,32.502
2026-03-04T08:50:00+00:00,365.482,32.526
2026-03-04T08:55:00+00:00,357.082,32.581
2026-03-04T09:00:00+00:00,353.297,32.496
2026-03-04T09:05:00+00:00,348.288,32.411
2026-03-04T09:10:00+00:00,341.598,32.448
2026-03-04T09:15:00+00:00,339.746,32.515
2026-03-04T09:20:00+00:00,338.249,32.486
2026-03-04T09:25:00+00:00,334.007,32.566
2026-03-04T09:30:00+00:00,332.405,32.576
2026-03-04T09:35:00+00:00,324.075,32.582
2026-03-04T09:40:00+00:00,321.008,32.6
2026-03-04T09:45:00+00:00,316.497,32.615
2026-03-04T09:50:00+00:00,324.434,32.586
2026-03-04T09:55:00+00:00,335.589,32.581
2026-03-04T10:00:00+00:00,341.893,32.568
2026-03-04T10:05:00+00:00,344.549,32.59
2026-03-04T10:10:00+00:00,341.882,32.6
2026-03-04T10:15:00+00:00,339.843,32.6
2026-03-04T10:20:00+00:00,354.488,32.6
2026-03-04T10:25:00+00:00,357.082,32.6
2026-03-04T10:30:00+00:00,355.507,32.6
2026-03-04T10:35:00+00:00,359.712,32.6
2026-03-04T10:40:00+00:00,354.48,32.597
2026-03-04T10:45:00+00:00,358.246,32.57
2026-03-04T10:50:00+00:00,358.479,32.594
2026-03-04T10:55:00+00:00,352.93,32.629
2026-03-04T11:00:00+00:00,355.543,32.632
2026-03-04T11:05:00+00:00,360.566,32.62
2026-03-04T11:10:00+00:00,354.129,32.614
2026-03-04T11:15:00+00:00,337.551,32.643
2026-03-04T11:20:00+00:00,319.785,32.712
2026-03-04T11:25:00+00:00,306.471,32.774
2026-03-04T11:30:00+00:00,288.806,32.822
2026-03-04T11:35:00+00:00,283.758,32.822
2026-03-04T11:40:00+00:00,272.292,32.793
2026-03-04T11:45:00+00:00,257.073,32.78
2026-03-04T11:50:00+00:00,267.188,32.776
2026-03-04T11:55:00+00:00,277.659,32.779
2026-03-04T12:00:00+00:00,269.107,32.775
2026-03-04T12:05:00+00:00,258.494,32.769
2026-03-04T12:10:00+00:00,235.64,32.777
2026-03-04T12:15:00+00:00,224.228,32.823
2026-03-04T12:20:00+00:00,230.712,32.818
2026-03-04T12:25:00+00:00,232.128,32.8
2026-03-04T12:30:00+00:00,243.847,32.81
2026-03-04T12:35:00+00:00,210.635,32.816
2026-03-04T12:40:00+00:00,203.812,32.841
2026-03-04T12:45:00+00:00,183.546,32.872
2026-03-04T12:50:00+00:00,173.338,32.892
2026-03-04T12:55:00+00:00,176.936,32.908
2026-03-04T13:00:00+00:00,186.424,32.95
2026-03-04T13:05:00+00:00,194.629,32.896
2026-03-04T13:10:00+00:00,188.262,32.906
2026-03-04T13:15:00+00:00,176.246,32.806
2026-03-04T13:20:00+00:00,174.383,32.769
2026-03-04T13:25:00+00:00,176.293,32.796
2026-03-04T13:30:00+00:00,174.754,32.818
2026-03-04T13:35:00+00:00,177.064,32.84
2026-03-04T13:40:00+00:00,179.938,32.89
2026-03-04T13:45:00+00:00,180.965,32.904
2026-03-04T13:50:00+00:00,183.742,32.924
2026-03-04T13:55:00+00:00,186.162,32.906
2026-03-04T14:00:00+00:00,190.134,32.888
2026-03-04T14:05:00+00:00,192.868,32.832
2026-03-04T14:10:00+00:00,194.672,32.83
2026-03-04T14:15:00+00:00,193.568,32.856
2026-03-04T14:20:00+00:00,195.884,32.9
2026-03-04T14:25:00+00:00,195.608,32.917
2026-03-04T14:30:00+00:00,196.434,32.906
2026-03-04T14:35:00+00:00,205.104,32.846
2026-03-04T14:40:00+00:00,207.828,32.805
2026-03-04T14:45:00+00:00,213.71,32.8
2026-03-04T14:50:00+00:00,213.362,32.8
2026-03-04T14:55:00+00:00,217.544,32.8
2026-03-04T15:00:00+00:00,221.367,32.794
2026-03-04T15:05:00+00:00,225.479,32.754
2026-03-04T15:10:00+00:00,234.168,32.695
2026-03-04T15:15:00+00:00,239.392,32.678
2026-03-04T15:20:00+00:00,242.447,32.619
2026-03-04T15:25:00+00:00,249.274,32.627
2026-03-04T15:30:00+00:00,261.017,32.602
2026-03-04T15:35:00+00:00,275.27,32.579
2026-03-04T15:40:00+00:00,278.667,32.578
2026-03-04T15:45:00+00:00,280.156,32.552
2026-03-04T15:50:00+00:00,288.074,32.507
2026-03-04T15:55:00+00:00,299.669,32.481
2026-03-04T16:00:00+00:00,308.078,32.522
2026-03-04T16:05:00+00:00,314.803,32.528
2026-03-04T16:10:00+00:00,328.678,32.449
2026-03-04T16:15:00+00:00,336.46,32.48
2026-03-04T16:20:00+00:00,341.431,32.577
2026-03-04T16:25:00+00:00,355.296,32.6
2026-03-04T16:30:00+00:00,367.386,32.579
2026-03-04T16:35:00+00:00,379.696,32.504
2026-03-04T16:40:00+00:00,389.86,32.508
2026-03-04T16:45:00+00:00,401.668,32.451
2026-03-04T16:50:00+00:00,409.002,32.481
2026-03-04T16:55:00+00:00,416.558,32.492
2026-03-04T17:00:00+00:00,429.674,32.422
2026-03-04T17:05:00+00:00,440.292,32.322
2026-03-04T17:10:00+00:00,447.205,32.507
2026-03-04T17:15:00+00:00,452.454,32.708
2026-03-04T17:20:00+00:00,454.409,32.636
2026-03-04T17:25:00+00:00,462.436,32.625
2026-03-04T17:30:00+00:00,470.319,32.624
2026-03-04T17:35:00+00:00,474.96,32.625
2026-03-04T17:40:00+00:00,481.672,32.584
2026-03-04T17:45:00+00:00,487.239,32.574
2026-03-04T17:50:00+00:00,491.352,32.581
2026-03-04T17:55:00+00:00,488.51,32.6
2026-03-04T18:00:00+00:00,494.001,32.6
2026-03-04T18:05:00+00:00,499.376,32.593
2026-03-04T18:10:00+00:00,502.091,32.571
2026-03-04T18:15:00+00:00,511.47,32.561
2026-03-04T18:20:00+00:00,518.138,32.586
2026-03-04T18:25:00+00:00,517.57,32.567
2026-03-04T18:30:00+00:00,518.606,32.579
2026-03-04T18:35:00+00:00,515.393,32.572
2026-03-04T18:40:00+00:00,513.202,32.59
2026-03-04T18:45:00+00:00,509.513,32.613
2026-03-04T18:50:00+00:00,504.3,32.661
2026-03-04T18:55:00+00:00,504.094,32.722
2026-03-04T19:00:00+00:00,502.258,32.753
2026-03-04T19:05:00+00:00,498.186,32.707
2026-03-04T19:10:00+00:00,491.442,32.704
2026-03-04T19:15:00+00:00,490.254,32.767
2026-03-04T19:20:00+00:00,485.966,32.788
2026-03-04T19:25:00+00:00,481.032,32.774
2026-03-04T19:30:00+00:00,480.172,32.76
2026-03-04T19:35:00+00:00,479.304,32.777
2026-03-04T19:40:00+00:00,473.959,32.78
2026-03-04T19:45:00+00:00,472.352,32.823
2026-03-04T19:50:00+00:00,464.364,32.886
2026-03-04T19:55:00+00:00,460.944,32.965
2026-03-04T20:00:00+00:00,457.728,32.976
2026-03-04T20:05:00+00:00,452.371,32.897
2026-03-04T20:10:00+00:00,447.465,32.954
2026-03-04T20:15:00+00:00,443.14,33.0
2026-03-04T20:20:00+00:00,441.992,33.009
2026-03-04T20:25:00+00:00,436.558,33.05
2026-03-04T20:30:00+00:00,429.658,33.018
2026-03-04T20:35:00+00:00,428.472,33.025
2026-03-04T20:40:00+00:00,423.385,33.046
2026-03-04T20:45:00+00:00,417.963,33.046
2026-03-04T20:50:00+00:00,414.464,33.026
2026-03-04T20:55:00+00:00,411.096,33.134
2026-03-04T21:00:00+00:00,407.554,33.196
2026-03-04T21:05:00+00:00,405.359,33.228
2026-03-04T21:10:00+00:00,403.405,33.297
2026-03-04T21:15:00+00:00,399.323,33.374
2026-03-04T21:20:00+00:00,395.884,33.368
2026-03-04T21:25:00+00:00,394.81,33.356
2026-03-04T21:30:00+00:00,394.007,33.159
2026-03-04T21:35:00+00:00,391.966,33.17
2026-03-04T21:40:00+00:00,386.422,33.178
2026-03-04T21:45:00+00:00,383.028,33.194
2026-03-04T21:50:00+00:00,380.309,33.213
2026-03-04T21:55:00+00:00,377.59,33.279
2026-03-04T22:00:00+00:00,370.79,33.317
2026-03-04T22:05:00+00:00,362.834,33.192
2026-03-04T22:10:00+00:00,355.616,33.176
2026-03-04T22:15:00+00:00,350.487,33.178
2026-03-04T22:20:00+00:00,349.074,33.212
2026-03-04T22:25:00+00:00,344.175,33.248
2026-03-04T22:30:00+00:00,340.996,33.344
2026-03-04T22:35:00+00:00,339.794,33.181
2026-03-04T22:40:00+00:00,338.346,32.986
2026-03-04T22:45:00+00:00,333.684,33.064
2026-03-04T22:50:00+00:00,332.533,33.111
2026-03-04T22:55:00+00:00,328.79,33.132
2026-03-04T23:00:00+00:00,323.944,33.1
2026-03-04T23:05:00+00:00,324.232,32.984
2026-03-04T23:10:00+00:00,319.271,32.993
2026-03-04T23:15:00+00:00,319.903,33.059
2026-03-04T23:20:00+00:00,316.703,33.11
2026-03-04T23:25:00+00:00,312.141,33.104
2026-03-04T23:30:00+00:00,308.182,33.177
2026-03-04T23:35:00+00:00,316.73,33.058
2026-03-04T23:40:00+00:00,319.162,32.964
2026-03-04T23:45:00+00:00,317.159,32.976
2026-03-04T23:50:00+00:00,317.831,32.976
2026-03-04T23:55:00+00:00,315.637,33.018
2026-03-05T00:00:00+00:00,314.819,33.024
2026-03-05T00:05:00+00:00,324.837,32.895
2026-03-05T00:10:00+00:00,328.912,32.805
2026-03-05T00:15:00+00:00,327.675,32.817
2026-03-05T00:20:00+00:00,324.689,32.83
2026-03-05T00:25:00+00:00,321.838,32.843
2026-03-05T00:30:00+00:00,320.176,32.826
2026-03-05T00:35:00+00:00,336.83,32.76
2026-03-05T00:40:00+00:00,348.793,32.617
2026-03-05T00:45:00+00:00,351.448,32.615
2026-03-05T00:50:00+00:00,351.904,32.631
2026-03-05T00:55:00+00:00,349.669,32.661
2026-03-05T01:00:00+00:00,346.524,32.653
2026-03-05T01:05:00+00:00,348.191,32.629
2026-03-05T01:10:00+00:00,345.115,32.682
2026-03-05T01:15:00+00:00,344.563,32.732
2026-03-05T01:20:00+00:00,342.108,32.77
2026-03-05T01:25:00+00:00,343.204,32.795
2026-03-05T01:30:00+00:00,339.028,32.802
2026-03-05T01:35:00+00:00,337.717,32.862
2026-03-05T01:40:00+00:00,336.354,32.918
2026-03-05T01:45:00+00:00,335.73,32.91
2026-03-05T01:50:00+00:00,334.772,32.882
2026-03-05T01:55:00+00:00,335.36,32.937
2026-03-05T02:00:00+00:00,332.7,32.982
2026-03-05T02:05:00+00:00,336.118,32.969
2026-03-05T02:10:00+00:00,333.519,32.98
2026-03-05T02:15:00+00:00,333.246,32.984
2026-03-05T02:20:00+00:00,332.223,32.964
2026-03-05T02:25:00+00:00,332.484,32.973
2026-03-05T02:30:00+00:00,329.692,32.979
2026-03-05T02:35:00+00:00,329.333,32.952
2026-03-05T02:40:00+00:00,328.691,33.005
2026-03-05T02:45:00+00:00,326.976,33.038
2026-03-05T02:50:00+00:00,322.044,33.1
2026-03-05T02:55:00+00:00,322.834,33.172
2026-03-05T03:00:00+00:00,319.849,33.192
2026-03-05T03:05:00+00:00,318.94,33.167
2026-03-05T03:10:00+00:00,317.966,33.144
2026-03-05T03:15:00+00:00,314.622,33.118
2026-03-05T03:20:00+00:00,313.461,33.077
2026-03-05T03:25:00+00:00,313.704,33.118
2026-03-05T03:30:00+00:00,311.524,33.168
2026-03-05T03:35:00+00:00,309.98,33.224
2026-03-05T03:40:00+00:00,306.284,33.226
2026-03-05T03:45:00+00:00,303.934,33.2
2026-03-05T03:50:00+00:00,301.893,33.252
2026-03-05T03:55:00+00:00,300.073,33.317
2026-03-05T04:00:00+00:00,297.82,33.238
2026-03-05T04:05:00+00:00,298.26,32.96
2026-03-05T04:10:00+00:00,300.339,32.897
2026-03-05T04:15:00+00:00,297.551,32.953
2026-03-05T04:20:00+00:00,294.452,32.956
2026-03-05T04:25:00+00:00,295.975,32.936
2026-03-05T04:30:00+00:00,296.974,32.963
2026-03-05T04:35:00+00:00,299.753,32.975
2026-03-05T04:40:00+00:00,299.923,32.95
2026-03-05T04:45:00+00:00,299.99,32.956
2026-03-05T04:50:00+00:00,297.446,32.906
2026-03-05T04:55:00+00:00,295.869,32.854
2026-03-05T05:00:00+00:00,294.857,32.833
2026-03-05T05:05:00+00:00,298.206,32.777
2026-03-05T05:10:00+00:00,300.014,32.715
2026-03-05T05:15:00+00:00,302.406,32.683
2026-03-05T05:20:00+00:00,302.013,32.699
2026-03-05T05:25:00+00:00,301.525,32.746
2026-03-05T05:30:00+00:00,297.331,32.774
2026-03-05T05:35:00+00:00,296.361,32.775
2026-03-05T05:40:00+00:00,297.496,32.783
2026-03-05T05:45:00+00:00,298.981,32.778
2026-03-05T05:50:00+00:00,301.828,32.764
2026-03-05T05:55:00+00:00,306.24,32.776
2026-03-05T06:00:00+00:00,310.463,32.771
2026-03-05T06:05:00+00:00,325.228,32.566
2026-03-05T06:10:00+00:00,334.306,32.56
2026-03-05T06:15:00+00:00,341.508,32.764
2026-03-05T06:20:00+00:00,348.537,32.764
2026-03-05T06:25:00+00:00,358.284,32.701
2026-03-05T06:30:00+00:00,363.526,32.708
2026-03-05T06:35:00+00:00,372.406,32.582
2026-03-05T06:40:00+00:00,378.882,32.69
2026-03-05T06:45:00+00:00,383.825,32.776
2026-03-05T06:50:00+00:00,388.994,32.714
2026-03-05T06:55:00+00:00,397.03,32.63
2026-03-05T07:00:00+00:00,399.453,32.576
2026-03-05T07:05:00+00:00,403.014,32.426
2026-03-05T07:10:00+00:00,408.257,32.464
2026-03-05T07:15:00+00:00,416.284,32.632
2026-03-05T07:20:00+00:00,418.972,32.621
2026-03-05T07:25:00+00:00,419.964,32.623
2026-03-05T07:30:00+00:00,418.446,32.615
2026-03-05T07:35:00+00:00,422.003,32.573
2026-03-05T07:40:00+00:00,421.09,32.58
2026-03-05T07:45:00+00:00,416.775,32.578
2026-03-05T07:50:00+00:00,408.904,32.613
2026-03-05T07:55:00+00:00,403.446,32.628
2026-03-05T08:00:00+00:00,398.606,32.642
2026-03-05T08:05:00+00:00,398.488,32.618
2026-03-05T08:10:00+00:00,396.606,32.639
2026-03-05T08:15:00+00:00,389.591,32.678
2026-03-05T08:20:00+00:00,381.023,32.718
2026-03-05T08:25:00+00:00,372.922,32.71
2026-03-05T08:30:00+00:00,366.667,32.757
2026-03-05T08:35:00+00:00,361.87,32.764
2026-03-05T08:40:00+00:00,353.836,32.8
2026-03-05T08:45:00+00:00,339.666,32.8
2026-03-05T08:50:00+00:00,340.912,32.789
2026-03-05T08:55:00+00:00,341.75,32.78
2026-03-05T09:00:00+00:00,337.11,32.8
2026-03-05T09:05:00+00:00,342.706,32.799
2026-03-05T09:10:00+00:00,346.957,32.694
2026-03-05T09:15:00+00:00,346.754,32.636
2026-03-05T09:20:00+00:00,334.809,32.655
2026-03-05T09:25:00+00:00,328.352,32.689
2026-03-05T09:30:00+00:00,321.25,32.742
2026-03-05T09:35:00+00:00,332.861,32.784
2026-03-05T09:40:00+00:00,315.389,32.774
2026-03-05T09:45:00+00:00,314.672,32.784
2026-03-05T09:50:00+00:00,319.117,32.806
2026-03-05T09:55:00+00:00,312.744,32.828
2026-03-05T10:00:00+00:00,306.473,32.882
2026-03-05T10:05:00+00:00,303.87,32.922
2026-03-05T10:10:00+00:00,304.234,32.898
2026-03-05T10:15:00+00:00,295.649,32.912
2026-03-05T10:20:00+00:00,291.029,32.898
2026-03-05T10:25:00+00:00,286.61,32.875
2026-03-05T10:30:00+00:00,275.71,32.836
2026-03-05T10:35:00+00:00,271.546,32.804
2026-03-05T10:40:00+00:00,285.938,32.8
2026-03-05T10:45:00+00:00,313.953,32.8
2026-03-05T10:50:00+00:00,313.725,32.828
2026-03-05T10:55:00+00:00,301.441,32.824
2026-03-05T11:00:00+00:00,301.915,32.834
2026-03-05T11:05:00+00:00,297.03,32.814
2026-03-05T11:10:00+00:00,300.502,32.826
2026-03-05T11:15:00+00:00,304.538,32.819
2026-03-05T11:20:00+00:00,309.818,32.846
2026-03-05T11:25:00+00:00,286.621,32.873
2026-03-05T11:30:00+00:00,276.966,32.904
2026-03-05T11:35:00+00:00,287.118,32.907
2026-03-05T11:40:00+00:00,273.388,32.874
2026-03-05T11:45:00+00:00,257.914,32.858
2026-03-05T11:50:00+00:00,236.764,32.909
2026-03-05T11:55:00+00:00,237.813,32.932
2026-03-05T12:00:00+00:00,250.318,32.949
2026-03-05T12:05:00+00:00,229.74,32.906
2026-03-05T12:10:00+00:00,239.995,32.884
2026-03-05T12:15:00+00:00,236.813,32.946
2026-03-05T12:20:00+00:00,255.782,32.946
2026-03-05T12:25:00+00:00,256.978,32.981
2026-03-05T12:30:00+00:00,272.191,32.974
2026-03-05T12:35:00+00:00,270.526,33.0
2026-03-05T12:40:00+00:00,237.618,33.001
2026-03-05T12:45:00+00:00,239.262,33.034
2026-03-05T12:50:00+00:00,231.632,33.046
2026-03-05T12:55:00+00:00,236.682,33.052
2026-03-05T13:00:00+00:00,243.112,33.046
2026-03-05T13:05:00+00:00,241.079,32.974
2026-03-05T13:10:00+00:00,241.913,32.981
2026-03-05T13:15:00+00:00,232.202,32.984
2026-03-05T13:20:00+00:00,213.25,33.028
2026-03-05T13:25:00+00:00,210.912,33.02
2026-03-05T13:30:00+00:00,207.214,33.022
2026-03-05T13:35:00+00:00,213.07,33.007
2026-03-05T13:40:00+00:00,211.659,32.974
2026-03-05T13:45:00+00:00,218.361,32.975
2026-03-05T13:50:00+00:00,238.57,32.986
2026-03-05T13:55:00+00:00,247.764,32.968
2026-03-05T14:00:00+00:00,266.018,32.93
2026-03-05T14:05:00+00:00,294.894,32.785
2026-03-05T14:10:00+00:00,306.294,32.762
2026-03-05T14:15:00+00:00,283.623,32.769
2026-03-05T14:20:00+00:00,283.433,32.698
2026-03-05T14:25:00+00:00,277.124,32.668
2026-03-05T14:30:00+00:00,278.64,32.69
2026-03-05T14:35:00+00:00,290.968,32.759
2026-03-05T14:40:00+00:00,301.129,32.638
2026-03-05T14:45:00+00:00,310.472,32.611
2026-03-05T14:50:00+00:00,326.638,32.628
2026-03-05T14:55:00+00:00,340.96,32.638
2026-03-05T15:00:00+00:00,343.082,32.631
2026-03-05T15:05:00+00:00,341.314,32.694
2026-03-05T15:10:00+00:00,340.52,32.728
2026-03-05T15:15:00+00:00,345.16,32.688
2026-03-05T15:20:00+00:00,342.015,32.68
2026-03-05T15:25:00+00:00,332.238,32.62
2026-03-05T15:30:00+00:00,316.48,32.627
2026-03-05T15:35:00+00:00,312.39,32.624
2026-03-05T15:40:00+00:00,324.827,32.58
2026-03-05T15:45:00+00:00,337.612,32.552
2026-03-05T15:50:00+00:00,361.987,32.59
2026-03-05T15:55:00+00:00,370.905,32.751
2026-03-05T16:00:00+00:00,381.144,32.78
2026-03-05T16:05:00+00:00,386.008,32.796
2026-03-05T16:10:00+00:00,391.648,32.775
2026-03-05T16:15:00+00:00,397.275,32.749
2026-03-05T16:20:00+00:00,404.806,32.761
2026-03-05T16:25:00+00:00,407.511,32.826
2026-03-05T16:30:00+00:00,405.788,32.853
2026-03-05T16:35:00+00:00,414.07,32.811
2026-03-05T16:40:00+00:00,418.829,32.834
2026-03-05T16:45:00+00:00,425.855,32.808
2026-03-05T16:50:00+00:00,435.536,32.8
2026-03-05T16:55:00+00:00,446.63,32.769
2026-03-05T17:00:00+00:00,457.038,32.694
2026-03-05T17:05:00+00:00,465.416,32.63
2026-03-05T17:10:00+00:00,467.336,32.632
2026-03-05T17:15:00+00:00,471.616,32.606
2026-03-05T17:20:00+00:00,471.125,32.618
2026-03-05T17:25:00+00:00,476.071,32.579
2026-03-05T17:30:00+00:00,479.436,32.779
2026-03-05T17:35:00+00:00,482.32,32.805
2026-03-05T17:40:00+00:00,486.41,32.859
2026-03-05T17:45:00+00:00,487.946,32.918
2026-03-05T17:50:00+00:00,490.88,32.888
2026-03-05T17:55:00+00:00,493.948,32.916
2026-03-05T18:00:00+00:00,498.213,32.968
2026-03-05T18:05:00+00:00,501.54,32.852
2026-03-05T18:10:00+00:00,499.306,32.823
2026-03-05T18:15:00+00:00,502.944,32.828
2026-03-05T18:20:00+00:00,502.018,32.8
2026-03-05T18:25:00+00:00,503.874,32.82
2026-03-05T18:30:00+00:00,500.516,32.8
2026-03-05T18:35:00+00:00,496.174,32.849
2026-03-05T18:40:00+00:00,492.5,32.939
2026-03-05T18:45:00+00:00,489.767,32.981
2026-03-05T18:50:00+00:00,485.206,32.982
2026-03-05T18:55:00+00:00,482.536,32.973
2026-03-05T19:00:00+00:00,482.001,32.909
2026-03-05T19:05:00+00:00,485.428,32.836
2026-03-05T19:10:00+00:00,484.408,32.863
2026-03-05T19:15:00+00:00,482.406,32.95
2026-03-05T19:20:00+00:00,480.037,33.001
2026-03-05T19:25:00+00:00,479.154,33.058
2026-03-05T19:30:00+00:00,476.14,33.153
2026-03-05T19:35:00+00:00,475.282,33.112
2026-03-05T19:40:00+00:00,468.405,33.186
2026-03-05T19:45:00+00:00,462.1,33.21
2026-03-05T19:50:00+00:00,457.643,33.283
2026-03-05T19:55:00+00:00,452.051,33.349
2026-03-05T20:00:00+00:00,449.96,33.374
2026-03-05T20:05:00+00:00,444.846,33.374
2026-03-05T20:10:00+00:00,438.926,33.4
2026-03-05T20:15:00+00:00,435.592,33.414
2026-03-05T20:20:00+00:00,432.524,33.422
2026-03-05T20:25:00+00:00,429.708,33.42
2026-03-05T20:30:00+00:00,428.375,33.218
2026-03-05T20:35:00+00:00,428.15,32.831
2026-03-05T20:40:00+00:00,425.357,32.624
2026-03-05T20:45:00+00:00,424.062,32.626
2026-03-05T20:50:00+00:00,415.726,32.658
2026-03-05T20:55:00+00:00,410.696,32.75
2026-03-05T21:00:00+00:00,406.898,32.794
2026-03-05T21:05:00+00:00,404.556,32.848
2026-03-05T21:10:00+00:00,403.558,32.805
2026-03-05T21:15:00+00:00,401.526,32.79
2026-03-05T21:20:00+00:00,400.302,32.816
2026-03-05T21:25:00+00:00,393.306,32.866
2026-03-05T21:30:00+00:00,387.932,32.922
2026-03-05T21:35:00+00:00,391.592,32.91
2026-03-05T21:40:00+00:00,384.282,32.982
2026-03-05T21:45:00+00:00,379.094,33.013
2026-03-05T21:50:00+00:00,373.195,33.028
2026-03-05T21:55:00+00:00,367.507,33.0
2026-03-05T22:00:00+00:00,364.835,33.004
2026-03-05T22:05:00+00:00,360.554,32.912
2026-03-05T22:10:00+00:00,355.821,32.834
2026-03-05T22:15:00+00:00,353.258,32.921
2026-03-05T22:20:00+00:00,348.543,32.99
2026-03-05T22:25:00+00:00,343.764,33.027
2026-03-05T22:30:00+00:00,339.803,32.963
2026-03-05T22:35:00+00:00,337.198,32.826
2026-03-05T22:40:00+00:00,337.216,32.82
2026-03-05T22:45:00+00:00,332.528,32.828
2026-03-05T22:50:00+00:00,331.03,32.837
2026-03-05T22:55:00+00:00,324.556,32.924
2026-03-05T23:00:00+00:00,322.12,32.993
2026-03-05T23:05:00+00:00,317.776,33.028
2026-03-05T23:10:00+00:00,312.932,33.112
2026-03-05T23:15:00+00:00,308.986,33.06
2026-03-05T23:20:00+00:00,304.249,33.021
2026-03-05T23:25:00+00:00,300.937,33.085
2026-03-05T23:30:00+00:00,297.347,33.156
2026-03-05T23:35:00+00:00,306.692,33.088
2026-03-05T23:40:00+00:00,306.911,33.055
2026-03-05T23:45:00+00:00,308.21,33.13
2026-03-05T23:50:00+00:00,306.236,33.146
2026-03-05T23:55:00+00:00,305.929,33.164
2026-03-06T00:00:00+00:00,304.95,33.2
