ValueDate,Amps,MVA,MVAr,Volts
2025-11-06T00:05:00+00:00,17.0,1.0,1.0,33.901
2025-11-06T00:10:00+00:00,17.0,1.0,1.0,33.878
2025-11-06T00:15:00+00:00,17.0,1.0,1.0,33.898
2025-11-06T00:20:00+00:00,17.0,1.0,1.0,33.889
2025-11-06T00:25:00+00:00,17.0,1.0,1.0,33.88
2025-11-06T00:30:00+00:00,17.0,1.0,1.0,33.924
2025-11-06T00:35:00+00:00,17.0,1.0,1.0,33.886
2025-11-06T00:40:00+00:00,17.0,1.0,1.0,33.8
2025-11-06T00:45:00+00:00,17.0,1.0,1.0,33.8
2025-11-06T00:50:00+00:00,17.0,1.0,1.0,33.86
2025-11-06T00:55:00+00:00,17.0,1.0,1.0,33.9
2025-11-06T01:00:00+00:00,17.0,1.0,1.0,33.9
2025-11-06T01:05:00+00:00,17.0,1.0,1.0,33.904
2025-11-06T01:10:00+00:00,17.0,1.0,1.0,33.974
2025-11-06T01:15:00+00:00,17.0,1.0,1.0,34.0
2025-11-06T01:20:00+00:00,17.0,1.0,1.0,34.002
2025-11-06T01:25:00+00:00,17.0,1.0,1.0,34.048
2025-11-06T01:30:00+00:00,17.0,1.0,1.0,34.08
2025-11-06T01:35:00+00:00,17.0,1.0,1.0,34.032
2025-11-06T01:40:00+00:00,17.0,1.0,1.0,34.046
2025-11-06T01:45:00+00:00,17.0,1.0,1.0,34.1
2025-11-06T01:50:00+00:00,17.0,1.0,1.0,34.085
2025-11-06T01:55:00+00:00,17.0,1.0,1.0,34.1
2025-11-06T02:00:00+00:00,17.0,1.0,1.0,34.125
2025-11-06T02:05:00+00:00,17.0,1.0,1.0,34.098
2025-11-06T02:10:00+00:00,17.0,1.0,1.0,34.19
2025-11-06T02:15:00+00:00,17.0,1.0,1.0,34.205
2025-11-06T02:20:00+00:00,17.0,1.0,1.0,34.238
2025-11-06T02:25:00+00:00,17.0,1.0,1.0,34.275
2025-11-06T02:30:00+00:00,17.0,1.0,1.0,34.252
2025-11-06T02:35:00+00:00,17.0,1.0,1.0,33.7
2025-11-06T02:40:00+00:00,17.0,1.0,1.0,33.721
2025-11-06T02:45:00+00:00,17.0,1.0,1.0,33.785
2025-11-06T02:50:00+00:00,17.0,1.0,1.0,33.8
2025-11-06T02:55:00+00:00,17.0,1.0,1.0,33.8
2025-11-06T03:00:00+00:00,17.0,1.0,1.0,33.8
2025-11-06T03:05:00+00:00,17.0,1.0,1.0,33.8
2025-11-06T03:10:00+00:00,17.0,1.0,1.0,33.71
2025-11-06T03:15:00+00:00,17.0,1.0,1.0,33.677
2025-11-06T03:20:00+00:00,17.0,1.0,1.0,33.698
2025-11-06T03:25:00+00:00,17.0,1.0,1.0,33.7
2025-11-06T03:30:00+00:00,17.0,1.0,1.0,33.704
2025-11-06T03:35:00+00:00,17.0,1.0,1.0,33.763
2025-11-06T03:40:00+00:00,17.0,1.0,1.0,33.79
2025-11-06T03:45:00+00:00,17.0,1.0,1.0,33.812
2025-11-06T03:50:00+00:00,17.0,1.0,1.0,33.846
2025-11-06T03:55:00+00:00,17.0,1.0,1.0,33.706
2025-11-06T04:00:00+00:00,17.0,1.0,1.0,33.7
2025-11-06T04:05:00+00:00,17.0,1.0,1.0,33.493
2025-11-06T04:10:00+00:00,17.0,1.0,1.0,33.71
2025-11-06T04:15:00+00:00,17.0,1.0,1.0,33.647
2025-11-06T04:20:00+00:00,17.0,1.0,1.0,33.649
2025-11-06T04:25:00+00:00,17.0,1.0,1.0,33.7
2025-11-06T04:30:00+00:00,17.0,1.0,1.0,33.7
2025-11-06T04:35:00+00:00,17.0,1.0,1.0,33.7
2025-11-06T04:40:00+00:00,17.0,1.0,1.0,33.7
2025-11-06T04:45:00+00:00,17.0,1.0,1.0,33.7
2025-11-06T04:50:00+00:00,17.0,1.0,1.0,33.695
2025-11-06T04:55:00+00:00,17.0,1.0,1.0,33.604
2025-11-06T05:00:00+00:00,17.0,1.0,1.0,33.647
2025-11-06T05:05:00+00:00,17.0,1.0,1.0,33.605
2025-11-06T05:10:00+00:00,17.0,1.0,1.0,33.611
2025-11-06T05:15:00+00:00,17.0,1.0,1.0,33.791
2025-11-06T05:20:00+00:00,17.0,1.0,1.0,33.8
2025-11-06T05:25:00+00:00,17.0,1.0,1.0,33.8
2025-11-06T05:30:00+00:00,17.0,1.0,1.0,33.8
2025-11-06T05:35:00+00:00,17.0,1.0,1.0,33.669
2025-11-06T05:40:00+00:00,17.0,1.0,1.0,33.6
2025-11-06T05:45:00+00:00,17.0,1.0,1.0,33.569
2025-11-06T05:50:00+00:00,17.0,1.0,1.0,33.643
2025-11-06T05:55:00+00:00,17.0,1.0,1.0,33.6
2025-11-06T06:00:00+00:00,17.0,1.0,1.0,33.619
2025-11-06T06:05:00+00:00,17.0,1.0,1.0,33.589
2025-11-06T06:10:00+00:00,17.0,1.0,1.0,33.442
2025-11-06T06:15:00+00:00,17.0,1.0,1.0,33.358
2025-11-06T06:20:00+00:00,17.0,1.0,1.0,33.361
2025-11-06T06:25:00+00:00,17.0,1.0,1.0,33.369
2025-11-06T06:30:00+00:00,17.0,1.0,1.0,33.304
2025-11-06T06:35:00+00:00,17.0,1.0,1.0,33.751
2025-11-06T06:40:00+00:00,17.0,1.0,1.0,33.664
2025-11-06T06:45:00+00:00,17.0,1.0,1.0,33.816
2025-11-06T06:50:00+00:00,17.0,1.0,1.0,34.0
2025-11-06T06:55:00+00:00,17.0,1.0,1.0,34.0
2025-11-06T07:00:00+00:00,17.0,1.0,1.0,33.999
2025-11-06T07:05:00+00:00,17.0,1.0,1.0,33.865
2025-11-06T07:10:00+00:00,17.0,1.0,1.0,33.756
2025-11-06T07:15:00+00:00,17.0,1.0,1.0,33.7
2025-11-06T07:20:00+00:00,17.0,1.0,1.0,33.803
2025-11-06T07:25:00+00:00,17.0,1.0,1.0,33.777
2025-11-06T07:30:00+00:00,17.0,1.0,1.0,33.8
2025-11-06T07:35:00+00:00,17.0,1.0,1.0,33.819
2025-11-06T07:40:00+00:00,17.0,1.0,1.0,33.8
2025-11-06T07:45:00+00:00,17.0,1.0,1.0,33.784
2025-11-06T07:50:00+00:00,17.0,1.0,1.0,33.729
2025-11-06T07:55:00+00:00,17.0,1.0,1.0,33.7
2025-11-06T08:00:00+00:00,17.0,1.0,1.0,33.696
2025-11-06T08:05:00+00:00,17.0,1.0,1.0,33.562
2025-11-06T08:10:00+00:00,17.0,1.0,1.0,33.395
2025-11-06T08:15:00+00:00,17.0,1.0,1.0,33.356
2025-11-06T08:20:00+00:00,17.0,1.0,1.0,33.344
2025-11-06T08:25:00+00:00,17.0,1.0,1.0,33.336
2025-11-06T08:30:00+00:00,17.0,1.0,1.0,33.644
2025-11-06T08:35:00+00:00,17.0,1.0,1.0,34.209
2025-11-06T08:40:00+00:00,17.0,1.0,1.0,33.959
2025-11-06T08:45:00+00:00,17.0,1.0,1.0,33.968
2025-11-06T08:50:00+00:00,17.0,1.0,1.0,33.994
2025-11-06T08:55:00+00:00,17.0,1.0,1.0,33.936
2025-11-06T09:00:00+00:00,17.0,1.0,1.0,33.913
2025-11-06T09:05:00+00:00,17.0,1.0,1.0,33.863
2025-11-06T09:10:00+00:00,17.0,1.0,1.0,33.832
2025-11-06T09:15:00+00:00,17.0,1.0,1.0,33.8
2025-11-06T09:20:00+00:00,17.0,1.0,1.0,33.801
2025-11-06T09:25:00+00:00,17.0,1.0,1.0,33.896
2025-11-06T09:30:00+00:00,17.0,1.0,1.0,33.901
2025-11-06T09:35:00+00:00,17.0,1.0,1.0,33.999
2025-11-06T09:40:00+00:00,17.0,1.0,1.0,34.0
2025-11-06T09:45:00+00:00,17.0,1.0,1.0,33.994
2025-11-06T09:50:00+00:00,17.0,1.0,1.0,33.931
2025-11-06T09:55:00+00:00,17.0,1.0,1.0,33.905
2025-11-06T10:00:00+00:00,17.0,1.0,1.0,33.98
2025-11-06T10:05:00+00:00,17.0,1.0,1.0,33.977
2025-11-06T10:10:00+00:00,17.0,1.0,1.0,33.917
2025-11-06T10:15:00+00:00,17.0,1.0,1.0,33.935
2025-11-06T10:20:00+00:00,17.0,1.0,1.0,33.932
2025-11-06T10:25:00+00:00,17.0,1.0,1.0,33.954
2025-11-06T10:30:00+00:00,17.0,1.0,1.0,33.957
2025-11-06T10:35:00+00:00,17.0,1.0,1.0,33.997
2025-11-06T10:40:00+00:00,17.0,1.0,1.0,33.951
2025-11-06T10:45:00+00:00,17.0,1.0,1.0,33.946
2025-11-06T10:50:00+00:00,17.0,1.0,1.0,33.942
2025-11-06T10:55:00+00:00,17.0,1.0,1.0,33.953
2025-11-06T11:00:00+00:00,17.0,1.0,1.0,33.944
2025-11-06T11:05:00+00:00,17.0,1.0,1.0,34.016
2025-11-06T11:10:00+00:00,17.0,1.0,1.0,33.968
2025-11-06T11:15:00+00:00,17.0,1.0,1.0,33.954
2025-11-06T11:20:00+00:00,17.0,1.0,1.0,33.918
2025-11-06T11:25:00+00:00,17.0,1.0,1.0,33.917
2025-11-06T11:30:00+00:00,17.0,1.0,1.0,33.933
2025-11-06T11:35:00+00:00,17.0,1.0,1.0,33.91
2025-11-06T11:40:00+00:00,17.0,1.0,1.0,33.883
2025-11-06T11:45:00+00:00,17.0,1.0,1.0,33.857
2025-11-06T11:50:00+00:00,17.0,1.0,1.0,33.88
2025-11-06T11:55:00+00:00,17.0,1.0,1.0,33.84
2025-11-06T12:00:00+00:00,17.0,1.0,1.0,33.897
2025-11-06T12:05:00+00:00,17.0,1.0,1.0,33.984
2025-11-06T12:10:00+00:00,17.0,1.0,1.0,33.966
2025-11-06T12:15:00+00:00,17.0,1.0,1.0,33.937
2025-11-06T12:20:00+00:00,17.0,1.0,1.0,33.883
2025-11-06T12:25:00+00:00,17.0,1.0,1.0,33.9
2025-11-06T12:30:00+00:00,17.0,1.0,1.0,33.9
2025-11-06T12:35:00+00:00,17.0,1.0,1.0,33.9
2025-11-06T12:40:00+00:00,17.0,1.0,1.0,33.9
2025-11-06T12:45:00+00:00,17.0,1.0,1.0,33.901
2025-11-06T12:50:00+00:00,17.0,1.0,1.0,33.967
2025-11-06T12:55:00+00:00,17.0,1.0,1.0,34.028
2025-11-06T13:00:00+00:00,17.0,1.0,1.0,34.067
2025-11-06T13:05:00+00:00,17.0,1.0,1.0,34.073
2025-11-06T13:10:00+00:00,17.0,1.0,1.0,34.122
2025-11-06T13:15:00+00:00,17.0,1.0,1.0,34.153
2025-11-06T13:20:00+00:00,17.0,1.0,1.0,34.151
2025-11-06T13:25:00+00:00,17.0,1.0,1.0,34.211
2025-11-06T13:30:00+00:00,17.0,1.0,1.0,33.989
2025-11-06T13:35:00+00:00,17.0,1.0,1.0,33.674
2025-11-06T13:40:00+00:00,17.0,1.0,1.0,33.661
2025-11-06T13:45:00+00:00,17.0,1.0,1.0,33.67
2025-11-06T13:50:00+00:00,17.0,1.0,1.0,33.664
2025-11-06T13:55:00+00:00,17.0,1.0,1.0,33.681
2025-11-06T14:00:00+00:00,17.0,1.0,1.0,33.7
2025-11-06T14:05:00+00:00,17.0,1.0,1.0,33.7
2025-11-06T14:10:00+00:00,17.0,1.0,1.0,33.7
2025-11-06T14:15:00+00:00,17.0,1.0,1.0,33.7
2025-11-06T14:20:00+00:00,17.0,1.0,1.0,33.7
2025-11-06T14:25:00+00:00,17.0,1.0,1.0,33.782
2025-11-06T14:30:00+00:00,17.0,1.0,1.0,33.704
2025-11-06T14:35:00+00:00,17.0,1.0,1.0,33.643
2025-11-06T14:40:00+00:00,17.0,1.0,1.0,33.6
2025-11-06T14:45:00+00:00,17.0,1.0,1.0,33.652
2025-11-06T14:50:00+00:00,17.0,1.0,1.0,33.634
2025-11-06T14:55:00+00:00,17.0,1.0,1.0,33.687
2025-11-06T15:00:00+00:00,17.0,1.0,1.0,33.71
2025-11-06T15:05:00+00:00,17.0,1.0,1.0,33.727
2025-11-06T15:10:00+00:00,17.0,1.0,1.0,33.756
2025-11-06T15:15:00+00:00,17.0,1.0,1.0,33.782
2025-11-06T15:20:00+00:00,17.0,1.0,1.0,33.739
2025-11-06T15:25:00+00:00,17.0,1.0,1.0,33.762
2025-11-06T15:30:00+00:00,17.0,1.0,1.0,33.73
2025-11-06T15:35:00+00:00,17.0,1.0,1.0,33.688
2025-11-06T15:40:00+00:00,17.0,1.0,1.0,33.689
2025-11-06T15:45:00+00:00,17.0,1.0,1.0,33.613
2025-11-06T15:50:00+00:00,17.0,1.0,1.0,33.6
2025-11-06T15:55:00+00:00,17.0,1.0,1.0,33.6
2025-11-06T16:00:00+00:00,17.0,1.0,1.0,33.598
2025-11-06T16:05:00+00:00,17.0,1.0,1.0,33.615
2025-11-06T16:10:00+00:00,17.0,1.0,1.0,33.698
2025-11-06T16:15:00+00:00,17.0,1.0,1.0,33.644
2025-11-06T16:20:00+00:00,17.0,1.0,1.0,33.619
2025-11-06T16:25:00+00:00,17.0,1.0,1.0,33.605
2025-11-06T16:30:00+00:00,17.0,1.0,1.0,33.636
2025-11-06T16:35:00+00:00,17.0,1.0,1.0,33.572
2025-11-06T16:40:00+00:00,17.0,1.0,1.0,33.503
2025-11-06T16:45:00+00:00,17.0,1.0,1.0,33.457
2025-11-06T16:50:00+00:00,17.0,1.0,1.0,33.432
2025-11-06T16:55:00+00:00,17.0,1.0,1.0,33.387
2025-11-06T17:00:00+00:00,17.0,1.0,1.0,33.386
2025-11-06T17:05:00+00:00,17.0,1.0,1.0,33.429
2025-11-06T17:10:00+00:00,17.0,1.0,1.0,33.401
2025-11-06T17:15:00+00:00,17.0,1.0,1.0,33.426
2025-11-06T17:20:00+00:00,17.0,1.0,1.0,33.4
2025-11-06T17:25:00+00:00,17.0,1.0,1.0,33.4
2025-11-06T17:30:00+00:00,17.0,1.0,1.0,33.4
2025-11-06T17:35:00+00:00,17.0,1.0,1.0,33.333
2025-11-06T17:40:00+00:00,17.0,1.0,1.0,33.306
2025-11-06T17:45:00+00:00,17.0,1.0,1.0,33.3
2025-11-06T17:50:00+00:00,17.0,1.0,1.0,33.393
2025-11-06T17:55:00+00:00,17.0,1.0,1.0,33.4
2025-11-06T18:00:00+00:00,17.0,1.0,1.0,33.4
2025-11-06T18:05:00+00:00,17.0,1.0,1.0,33.36
2025-11-06T18:10:00+00:00,17.0,1.0,1.0,33.382
2025-11-06T18:15:00+00:00,17.0,1.0,1.0,33.373
2025-11-06T18:20:00+00:00,17.0,1.0,1.0,33.4
2025-11-06T18:25:00+00:00,17.0,1.0,1.0,33.393
2025-11-06T18:30:00+00:00,17.0,1.0,1.0,33.474
2025-11-06T18:35:00+00:00,17.0,1.0,1.0,33.594
2025-11-06T18:40:00+00:00,17.0,1.0,1.0,33.6
2025-11-06T18:45:00+00:00,17.0,1.0,1.0,33.608
2025-11-06T18:50:00+00:00,17.0,1.0,1.0,33.672
2025-11-06T18:55:00+00:00,17.0,1.0,1.0,33.697
2025-11-06T19:00:00+00:00,17.0,1.0,1.0,33.679
2025-11-06T19:05:00+00:00,17.0,1.0,1.0,33.683
2025-11-06T19:10:00+00:00,17.0,1.0,1.0,33.66
2025-11-06T19:15:00+00:00,17.0,1.0,1.0,33.687
2025-11-06T19:20:00+00:00,17.0,1.0,1.0,33.669
2025-11-06T19:25:00+00:00,17.0,1.0,1.0,33.518
2025-11-06T19:30:00+00:00,17.0,1.0,1.0,33.499
2025-11-06T19:35:00+00:00,17.0,1.0,1.0,33.571
2025-11-06T19:40:00+00:00,17.0,1.0,1.0,33.505
2025-11-06T19:45:00+00:00,17.0,1.0,1.0,33.5
2025-11-06T19:50:00+00:00,17.0,1.0,1.0,33.48
2025-11-06T19:55:00+00:00,17.0,1.0,1.0,33.8
2025-11-06T20:00:00+00:00,17.0,1.0,1.0,33.78
2025-11-06T20:05:00+00:00,17.0,1.0,1.0,33.8
2025-11-06T20:10:00+00:00,17.0,1.0,1.0,33.835
2025-11-06T20:15:00+00:00,17.0,1.0,1.0,33.844
2025-11-06T20:20:00+00:00,17.0,1.0,1.0,33.864
2025-11-06T20:25:00+00:00,17.0,1.0,1.0,33.885
2025-11-06T20:30:00+00:00,17.0,1.0,1.0,33.901
2025-11-06T20:35:00+00:00,17.0,1.0,1.0,33.937
2025-11-06T20:40:00+00:00,17.0,1.0,1.0,33.912
2025-11-06T20:45:00+00:00,17.0,1.0,1.0,33.965
2025-11-06T20:50:00+00:00,17.0,1.0,1.0,34.028
2025-11-06T20:55:00+00:00,17.0,1.0,1.0,34.078
2025-11-06T21:00:00+00:00,17.0,1.0,1.0,34.092
2025-11-06T21:05:00+00:00,17.0,1.0,1.0,34.098
2025-11-06T21:10:00+00:00,17.0,1.0,1.0,34.138
2025-11-06T21:15:00+00:00,17.0,1.0,1.0,34.207
2025-11-06T21:20:00+00:00,17.0,1.0,1.0,34.139
2025-11-06T21:25:00+00:00,17.0,1.0,1.0,33.796
2025-11-06T21:30:00+00:00,17.0,1.0,1.0,33.787
2025-11-06T21:35:00+00:00,17.0,1.0,1.0,33.577
2025-11-06T21:40:00+00:00,17.0,1.0,1.0,33.498
2025-11-06T21:45:00+00:00,17.0,1.0,1.0,33.5
2025-11-06T21:50:00+00:00,17.0,1.0,1.0,33.507
2025-11-06T21:55:00+00:00,17.0,1.0,1.0,33.542
2025-11-06T22:00:00+00:00,17.0,1.0,1.0,33.591
2025-11-06T22:05:00+00:00,17.0,1.0,1.0,33.628
2025-11-06T22:10:00+00:00,17.0,1.0,1.0,33.682
2025-11-06T22:15:00+00:00,17.0,1.0,1.0,33.7
2025-11-06T22:20:00+00:00,17.0,1.0,1.0,33.742
2025-11-06T22:25:00+00:00,17.0,1.0,1.0,33.814
2025-11-06T22:30:00+00:00,17.0,1.0,1.0,33.844
2025-11-06T22:35:00+00:00,17.0,1.0,1.0,33.854
2025-11-06T22:40:00+00:00,17.0,1.0,1.0,33.9
2025-11-06T22:45:00+00:00,17.0,1.0,1.0,33.878
2025-11-06T22:50:00+00:00,17.0,1.0,1.0,33.8
2025-11-06T22:55:00+00:00,17.0,1.0,1.0,33.867
2025-11-06T23:00:00+00:00,17.0,1.0,1.0,33.91
2025-11-06T23:05:00+00:00,17.0,1.0,1.0,33.945
2025-11-06T23:10:00+00:00,17.0,1.0,1.0,34.0
2025-11-06T23:15:00+00:00,17.0,1.0,1.0,34.056
2025-11-06T23:20:00+00:00,17.0,1.0,1.0,34.142
2025-11-06T23:25:00+00:00,17.0,1.0,1.0,34.216
2025-11-06T23:30:00+00:00,17.0,1.0,1.0,34.017
2025-11-06T23:35:00+00:00,17.0,1.0,1.0,33.7
2025-11-06T23:40:00+00:00,17.0,1.0,1.0,33.7
2025-11-06T23:45:00+00:00,17.0,1.0,1.0,33.7
2025-11-06T23:50:00+00:00,17.0,1.0,1.0,33.7
2025-11-06T23:55:00+00:00,17.0,1.0,1.0,33.681
2025-11-07T00:00:00+00:00,17.0,1.0,1.0,33.678
2025-11-07T00:05:00+00:00,17.0,1.0,1.0,33.7
2025-11-07T00:10:00+00:00,17.0,1.0,1.0,33.721
2025-11-07T00:15:00+00:00,17.0,1.0,1.0,33.749
2025-11-07T00:20:00+00:00,17.0,1.0,1.0,33.8
2025-11-07T00:25:00+00:00,17.0,1.0,1.0,33.706
2025-11-07T00:30:00+00:00,17.0,1.0,1.0,33.5
2025-11-07T00:35:00+00:00,17.0,1.0,1.0,33.442
2025-11-07T00:40:00+00:00,17.0,1.0,1.0,33.341
2025-11-07T00:45:00+00:00,17.0,1.0,1.0,33.346
2025-11-07T00:50:00+00:00,17.0,1.0,1.0,33.894
2025-11-07T00:55:00+00:00,17.0,1.0,1.0,33.888
2025-11-07T01:00:00+00:00,17.0,1.0,1.0,33.882
2025-11-07T01:05:00+00:00,17.0,1.0,1.0,33.877
2025-11-07T01:10:00+00:00,17.0,1.0,1.0,33.9
2025-11-07T01:15:00+00:00,17.0,1.0,1.0,33.908
2025-11-07T01:20:00+00:00,17.0,1.0,1.0,33.939
2025-11-07T01:25:00+00:00,17.0,1.0,1.0,33.972
2025-11-07T01:30:00+00:00,17.0,1.0,1.0,33.951
2025-11-07T01:35:00+00:00,17.0,1.0,1.0,33.932
2025-11-07T01:40:00+00:00,17.0,1.0,1.0,33.979
2025-11-07T01:45:00+00:00,17.0,1.0,1.0,33.973
2025-11-07T01:50:00+00:00,17.0,1.0,1.0,33.9
2025-11-07T01:55:00+00:00,17.0,1.0,1.0,33.865
2025-11-07T02:00:00+00:00,17.0,1.0,1.0,33.884
2025-11-07T02:05:00+00:00,17.0,1.0,1.0,33.901
2025-11-07T02:10:00+00:00,17.0,1.0,1.0,33.967
2025-11-07T02:15:00+00:00,17.0,1.0,1.0,34.0
2025-11-07T02:20:00+00:00,17.0,1.0,1.0,33.968
2025-11-07T02:25:00+00:00,17.0,1.0,1.0,33.958
2025-11-07T02:30:00+00:00,17.0,1.0,1.0,33.939
2025-11-07T02:35:00+00:00,17.0,1.0,1.0,33.9
2025-11-07T02:40:00+00:00,17.0,1.0,1.0,33.936
2025-11-07T02:45:00+00:00,17.0,1.0,1.0,33.992
2025-11-07T02:50:00+00:00,17.0,1.0,1.0,34.01
2025-11-07T02:55:00+00:00,17.0,1.0,1.0,34.066
2025-11-07T03:00:00+00:00,17.0,1.0,1.0,34.064
2025-11-07T03:05:00+00:00,17.0,1.0,1.0,34.013
2025-11-07T03:10:00+00:00,17.0,1.0,1.0,34.044
2025-11-07T03:15:00+00:00,17.0,1.0,1.0,34.081
2025-11-07T03:20:00+00:00,17.0,1.0,1.0,34.054
2025-11-07T03:25:00+00:00,17.0,1.0,1.0,34.035
2025-11-07T03:30:00+00:00,17.0,1.0,1.0,34.063
2025-11-07T03:35:00+00:00,17.0,1.0,1.0,34.007
2025-11-07T03:40:00+00:00,17.0,1.0,1.0,34.024
2025-11-07T03:45:00+00:00,17.0,1.0,1.0,34.063
2025-11-07T03:50:00+00:00,17.0,1.0,1.0,34.001
2025-11-07T03:55:00+00:00,17.0,1.0,1.0,34.0
2025-11-07T04:00:00+00:00,17.0,1.0,1.0,34.025
2025-11-07T04:05:00+00:00,17.0,1.0,1.0,34.011
2025-11-07T04:10:00+00:00,17.0,1.0,1.0,34.0
2025-11-07T04:15:00+00:00,17.0,1.0,1.0,33.995
2025-11-07T04:20:00+00:00,17.0,1.0,1.0,33.974
2025-11-07T04:25:00+00:00,17.0,1.0,1.0,34.036
2025-11-07T04:30:00+00:00,17.0,1.0,1.0,34.09
2025-11-07T04:35:00+00:00,17.0,1.0,1.0,34.074
2025-11-07T04:40:00+00:00,17.0,1.0,1.0,34.076
2025-11-07T04:45:00+00:00,17.0,1.0,1.0,34.056
2025-11-07T04:50:00+00:00,17.0,1.0,1.0,34.036
2025-11-07T04:55:00+00:00,17.0,1.0,1.0,34.016
2025-11-07T05:00:00+00:00,17.0,1.0,1.0,34.001
2025-11-07T05:05:00+00:00,17.0,1.0,1.0,33.926
2025-11-07T05:10:00+00:00,17.0,1.0,1.0,33.942
2025-11-07T05:15:00+00:00,17.0,1.0,1.0,33.948
2025-11-07T05:20:00+00:00,17.0,1.0,1.0,33.902
2025-11-07T05:25:00+00:00,17.0,1.0,1.0,33.9
2025-11-07T05:30:00+00:00,17.0,1.0,1.0,33.914
2025-11-07T05:35:00+00:00,17.0,1.0,1.0,33.9
2025-11-07T05:40:00+00:00,17.0,1.0,1.0,33.9
2025-11-07T05:45:00+00:00,17.0,1.0,1.0,33.9
2025-11-07T05:50:00+00:00,17.0,1.0,1.0,33.9
2025-11-07T05:55:00+00:00,17.0,1.0,1.0,33.9
2025-11-07T06:00:00+00:00,17.0,1.0,1.0,33.9
2025-11-07T06:05:00+00:00,17.0,1.0,1.0,33.832
2025-11-07T06:10:00+00:00,17.0,1.0,1.0,33.681
2025-11-07T06:15:00+00:00,17.0,1.0,1.0,33.602
2025-11-07T06:20:00+00:00,17.0,1.0,1.0,33.505
2025-11-07T06:25:00+00:00,17.0,1.0,1.0,33.658
2025-11-07T06:30:00+00:00,17.0,1.0,1.0,33.786
2025-11-07T06:35:00+00:00,17.0,1.0,1.0,33.702
2025-11-07T06:40:00+00:00,17.0,1.0,1.0,33.617
2025-11-07T06:45:00+00:00,17.0,1.0,1.0,33.6
2025-11-07T06:50:00+00:00,17.0,1.0,1.0,33.549
2025-11-07T06:55:00+00:00,17.0,1.0,1.0,33.507
2025-11-07T07:00:00+00:00,17.0,1.0,1.0,33.457
2025-11-07T07:05:00+00:00,17.0,1.0,1.0,33.349
2025-11-07T07:10:00+00:00,17.0,1.0,1.0,33.74
2025-11-07T07:15:00+00:00,17.0,1.0,1.0,33.769
2025-11-07T07:20:00+00:00,17.0,1.0,1.0,33.685
2025-11-07T07:25:00+00:00,17.0,1.0,1.0,33.607
2025-11-07T07:30:00+00:00,17.0,1.0,1.0,33.614
2025-11-07T07:35:00+00:00,17.0,1.0,1.0,33.771
2025-11-07T07:40:00+00:00,17.0,1.0,1.0,33.7
2025-11-07T07:45:00+00:00,17.0,1.0,1.0,33.7
2025-11-07T07:50:00+00:00,17.0,1.0,1.0,33.679
2025-11-07T07:55:00+00:00,17.0,1.0,1.0,33.611
2025-11-07T08:00:00+00:00,17.0,1.0,1.0,33.65
2025-11-07T08:05:00+00:00,17.0,1.0,1.0,33.602
2025-11-07T08:10:00+00:00,17.0,1.0,1.0,33.6
2025-11-07T08:15:00+00:00,17.0,1.0,1.0,33.594
2025-11-07T08:20:00+00:00,17.0,1.0,1.0,33.565
2025-11-07T08:25:00+00:00,17.0,1.0,1.0,33.555
2025-11-07T08:30:00+00:00,17.0,1.0,1.0,33.491
2025-11-07T08:35:00+00:00,17.0,1.0,1.0,33.442
2025-11-07T08:40:00+00:00,17.0,1.0,1.0,33.416
2025-11-07T08:45:00+00:00,17.0,1.0,1.0,33.391
2025-11-07T08:50:00+00:00,17.0,1.0,1.0,33.357
2025-11-07T08:55:00+00:00,17.0,1.0,1.0,33.336
2025-11-07T09:00:00+00:00,17.0,1.0,1.0,33.306
2025-11-07T09:05:00+00:00,17.0,1.0,1.0,33.328
2025-11-07T09:10:00+00:00,17.0,1.0,1.0,33.364
2025-11-07T09:15:00+00:00,17.0,1.0,1.0,33.823
2025-11-07T09:20:00+00:00,17.0,1.0,1.0,34.0
2025-11-07T09:25:00+00:00,17.0,1.0,1.0,33.996
2025-11-07T09:30:00+00:00,17.0,1.0,1.0,33.992
2025-11-07T09:35:00+00:00,17.0,1.0,1.0,34.051
2025-11-07T09:40:00+00:00,17.0,1.0,1.0,34.008
2025-11-07T09:45:00+00:00,17.0,1.0,1.0,34.061
2025-11-07T09:50:00+00:00,17.0,1.0,1.0,34.073
2025-11-07T09:55:00+00:00,17.0,1.0,1.0,34.096
2025-11-07T10:00:00+00:00,17.0,1.0,1.0,34.109
2025-11-07T10:05:00+00:00,17.0,1.0,1.0,34.109
2025-11-07T10:10:00+00:00,17.0,1.0,1.0,34.1
2025-11-07T10:15:00+00:00,17.0,1.0,1.0,34.1
2025-11-07T10:20:00+00:00,17.0,1.0,1.0,34.1
2025-11-07T10:25:00+00:00,17.0,1.0,1.0,34.1
2025-11-07T10:30:00+00:00,17.0,1.0,1.0,34.1
2025-11-07T10:35:00+00:00,17.0,1.0,1.0,34.088
2025-11-07T10:40:00+00:00,17.0,1.0,1.0,34.009
2025-11-07T10:45:00+00:00,17.0,1.0,1.0,34.0
2025-11-07T10:50:00+00:00,17.0,1.0,1.0,34.0
2025-11-07T10:55:00+00:00,17.0,1.0,1.0,34.0
2025-11-07T11:00:00+00:00,17.0,1.0,1.0,33.989
2025-11-07T11:05:00+00:00,17.0,1.0,1.0,34.078
2025-11-07T11:10:00+00:00,17.0,1.0,1.0,34.131
2025-11-07T11:15:00+00:00,17.0,1.0,1.0,34.108
2025-11-07T11:20:00+00:00,17.0,1.0,1.0,34.1
2025-11-07T11:25:00+00:00,17.0,1.0,1.0,34.1
2025-11-07T11:30:00+00:00,17.0,1.0,1.0,34.1
2025-11-07T11:35:00+00:00,17.0,1.0,1.0,34.02
2025-11-07T11:40:00+00:00,17.0,1.0,1.0,34.066
2025-11-07T11:45:00+00:00,17.0,1.0,1.0,34.032
2025-11-07T11:50:00+00:00,17.0,1.0,1.0,34.0
2025-11-07T11:55:00+00:00,17.0,1.0,1.0,34.017
2025-11-07T12:00:00+00:00,17.0,1.0,1.0,34.047
2025-11-07T12:05:00+00:00,17.0,1.0,1.0,34.109
2025-11-07T12:10:00+00:00,17.0,1.0,1.0,34.117
2025-11-07T12:15:00+00:00,17.0,1.0,1.0,34.149
2025-11-07T12:20:00+00:00,17.0,1.0,1.0,34.186
2025-11-07T12:25:00+00:00,17.0,1.0,1.0,34.2
2025-11-07T12:30:00+00:00,17.0,1.0,1.0,34.2
2025-11-07T12:35:00+00:00,17.0,1.0,1.0,34.143
2025-11-07T12:40:00+00:00,17.0,1.0,1.0,34.153
2025-11-07T12:45:00+00:00,17.0,1.0,1.0,34.171
2025-11-07T12:50:00+00:00,17.0,1.0,1.0,34.177
2025-11-07T12:55:00+00:00,17.0,1.0,1.0,34.2
2025-11-07T13:00:00+00:00,17.0,1.0,1.0,33.898
2025-11-07T13:05:00+00:00,17.0,1.0,1.0,33.689
2025-11-07T13:10:00+00:00,17.0,1.0,1.0,33.691
2025-11-07T13:15:00+00:00,17.0,1.0,1.0,33.777
2025-11-07T13:20:00+00:00,17.0,1.0,1.0,33.8
2025-11-07T13:25:00+00:00,17.0,1.0,1.0,33.86
2025-11-07T13:30:00+00:00,17.0,1.0,1.0,33.895
2025-11-07T13:35:00+00:00,17.0,1.0,1.0,33.768
2025-11-07T13:40:00+00:00,17.0,1.0,1.0,33.703
2025-11-07T13:45:00+00:00,17.0,1.0,1.0,33.7
2025-11-07T13:50:00+00:00,17.0,1.0,1.0,33.7
2025-11-07T13:55:00+00:00,17.0,1.0,1.0,33.705
2025-11-07T14:00:00+00:00,17.0,1.0,1.0,33.687
2025-11-07T14:05:00+00:00,17.0,1.0,1.0,33.707
2025-11-07T14:10:00+00:00,17.0,1.0,1.0,33.7
2025-11-07T14:15:00+00:00,17.0,1.0,1.0,33.7
2025-11-07T14:20:00+00:00,17.0,1.0,1.0,33.7
2025-11-07T14:25:00+00:00,17.0,1.0,1.0,33.731
2025-11-07T14:30:00+00:00,17.0,1.0,1.0,33.752
2025-11-07T14:35:00+00:00,17.0,1.0,1.0,33.8
2025-11-07T14:40:00+00:00,17.0,1.0,1.0,33.753
2025-11-07T14:45:00+00:00,17.0,1.0,1.0,33.8
2025-11-07T14:50:00+00:00,17.0,1.0,1.0,33.792
2025-11-07T14:55:00+00:00,17.0,1.0,1.0,33.8
2025-11-07T15:00:00+00:00,17.0,1.0,1.0,33.8
2025-11-07T15:05:00+00:00,17.0,1.0,1.0,33.763
2025-11-07T15:10:00+00:00,17.0,1.0,1.0,33.759
2025-11-07T15:15:00+00:00,17.0,1.0,1.0,33.792
2025-11-07T15:20:00+00:00,17.0,1.0,1.0,33.8
2025-11-07T15:25:00+00:00,17.0,1.0,1.0,33.8
2025-11-07T15:30:00+00:00,17.0,1.0,1.0,33.75
2025-11-07T15:35:00+00:00,17.0,1.0,1.0,33.693
2025-11-07T15:40:00+00:00,17.0,1.0,1.0,33.647
2025-11-07T15:45:00+00:00,17.0,1.0,1.0,33.6
2025-11-07T15:50:00+00:00,17.0,1.0,1.0,33.588
2025-11-07T15:55:00+00:00,17.0,1.0,1.0,33.599
2025-11-07T16:00:00+00:00,17.0,1.0,1.0,33.545
2025-11-07T16:05:00+00:00,17.0,1.0,1.0,33.595
2025-11-07T16:10:00+00:00,17.0,1.0,1.0,33.538
2025-11-07T16:15:00+00:00,17.0,1.0,1.0,33.533
2025-11-07T16:20:00+00:00,17.0,1.0,1.0,33.459
2025-11-07T16:25:00+00:00,17.0,1.0,1.0,33.532
2025-11-07T16:30:00+00:00,17.0,1.0,1.0,33.463
2025-11-07T16:35:00+00:00,17.0,1.0,1.0,33.416
2025-11-07T16:40:00+00:00,17.0,1.0,1.0,33.228
2025-11-07T16:45:00+00:00,17.0,1.0,1.0,33.293
2025-11-07T16:50:00+00:00,17.0,1.0,1.0,33.277
2025-11-07T16:55:00+00:00,17.0,1.0,1.0,33.268
2025-11-07T17:00:00+00:00,17.0,1.0,1.0,33.284
2025-11-07T17:05:00+00:00,17.0,1.0,1.0,33.296
2025-11-07T17:10:00+00:00,17.0,1.0,1.0,33.317
2025-11-07T17:15:00+00:00,17.0,1.0,1.0,33.3
2025-11-07T17:20:00+00:00,17.0,1.0,1.0,33.3
2025-11-07T17:25:00+00:00,17.0,1.0,1.0,33.285
2025-11-07T17:30:00+00:00,17.0,1.0,1.0,33.296
2025-11-07T17:35:00+00:00,17.0,1.0,1.0,33.29
2025-11-07T17:40:00+00:00,17.0,1.0,1.0,33.286
2025-11-07T17:45:00+00:00,17.0,1.0,1.0,33.547
2025-11-07T17:50:00+00:00,17.0,1.0,1.0,33.927
2025-11-07T17:55:00+00:00,17.0,1.0,1.0,34.009
2025-11-07T18:00:00+00:00,17.0,1.0,1.0,34.076
2025-11-07T18:05:00+00:00,17.0,1.0,1.0,34.033
2025-11-07T18:10:00+00:00,17.0,1.0,1.0,33.955
2025-11-07T18:15:00+00:00,17.0,1.0,1.0,34.002
2025-11-07T18:20:00+00:00,17.0,1.0,1.0,33.988
2025-11-07T18:25:00+00:00,17.0,1.0,1.0,34.01
2025-11-07T18:30:00+00:00,17.0,1.0,1.0,34.011
2025-11-07T18:35:00+00:00,17.0,1.0,1.0,34.017
2025-11-07T18:40:00+00:00,17.0,1.0,1.0,34.035
2025-11-07T18:45:00+00:00,17.0,1.0,1.0,34.128
2025-11-07T18:50:00+00:00,17.0,1.0,1.0,34.2
2025-11-07T18:55:00+00:00,17.0,1.0,1.0,33.885
2025-11-07T19:00:00+00:00,17.0,1.0,1.0,33.698
2025-11-07T19:05:00+00:00,17.0,1.0,1.0,33.77
2025-11-07T19:10:00+00:00,17.0,1.0,1.0,33.813
2025-11-07T19:15:00+00:00,17.0,1.0,1.0,33.837
2025-11-07T19:20:00+00:00,17.0,1.0,1.0,33.899
2025-11-07T19:25:00+00:00,17.0,1.0,1.0,33.938
2025-11-07T19:30:00+00:00,17.0,1.0,1.0,33.947
2025-11-07T19:35:00+00:00,17.0,1.0,1.0,33.988
2025-11-07T19:40:00+00:00,17.0,1.0,1.0,33.971
2025-11-07T19:45:00+00:00,17.0,1.0,1.0,34.014
2025-11-07T19:50:00+00:00,17.0,1.0,1.0,34.1
2025-11-07T19:55:00+00:00,17.0,1.0,1.0,34.1
2025-11-07T20:00:00+00:00,17.0,1.0,1.0,34.106
2025-11-07T20:05:00+00:00,17.0,1.0,1.0,34.086
2025-11-07T20:10:00+00:00,17.0,1.0,1.0,33.833
2025-11-07T20:15:00+00:00,17.0,1.0,1.0,33.831
2025-11-07T20:20:00+00:00,17.0,1.0,1.0,33.794
2025-11-07T20:25:00+00:00,17.0,1.0,1.0,33.785
2025-11-07T20:30:00+00:00,17.0,1.0,1.0,33.751
2025-11-07T20:35:00+00:00,17.0,1.0,1.0,33.731
2025-11-07T20:40:00+00:00,17.0,1.0,1.0,33.738
2025-11-07T20:45:00+00:00,17.0,1.0,1.0,33.693
2025-11-07T20:50:00+00:00,17.0,1.0,1.0,33.693
2025-11-07T20:55:00+00:00,17.0,1.0,1.0,33.714
2025-11-07T21:00:00+00:00,17.0,1.0,1.0,33.727
2025-11-07T21:05:00+00:00,17.0,1.0,1.0,33.79
2025-11-07T21:10:00+00:00,17.0,1.0,1.0,33.844
2025-11-07T21:15:00+00:00,17.0,1.0,1.0,33.731
2025-11-07T21:20:00+00:00,17.0,1.0,1.0,33.748
2025-11-07T21:25:00+00:00,17.0,1.0,1.0,33.781
2025-11-07T21:30:00+00:00,17.0,1.0,1.0,33.871
2025-11-07T21:35:00+00:00,17.0,1.0,1.0,33.88
2025-11-07T21:40:00+00:00,17.0,1.0,1.0,33.892
2025-11-07T21:45:00+00:00,17.0,1.0,1.0,33.872
2025-11-07T21:50:00+00:00,17.0,1.0,1.0,33.9
2025-11-07T21:55:00+00:00,17.0,1.0,1.0,33.861
2025-11-07T22:00:00+00:00,17.0,1.0,1.0,33.869
2025-11-07T22:05:00+00:00,17.0,1.0,1.0,33.943
2025-11-07T22:10:00+00:00,17.0,1.0,1.0,33.95
2025-11-07T22:15:00+00:00,17.0,1.0,1.0,33.911
2025-11-07T22:20:00+00:00,17.0,1.0,1.0,33.947
2025-11-07T22:25:00+00:00,17.0,1.0,1.0,33.961
2025-11-07T22:30:00+00:00,17.0,1.0,1.0,33.964
2025-11-07T22:35:00+00:00,17.0,1.0,1.0,33.986
2025-11-07T22:40:00+00:00,17.0,1.0,1.0,34.082
2025-11-07T22:45:00+00:00,17.0,1.0,1.0,33.975
2025-11-07T22:50:00+00:00,17.0,1.0,1.0,34.005
2025-11-07T22:55:00+00:00,17.0,1.0,1.0,33.97
2025-11-07T23:00:00+00:00,17.0,1.0,1.0,33.942
2025-11-07T23:05:00+00:00,17.0,1.0,1.0,33.542
2025-11-07T23:10:00+00:00,17.0,1.0,1.0,33.551
2025-11-07T23:15:00+00:00,17.0,1.0,1.0,33.48
2025-11-07T23:20:00+00:00,17.0,1.0,1.0,33.658
2025-11-07T23:25:00+00:00,17.0,1.0,1.0,33.7
2025-11-07T23:30:00+00:00,17.0,1.0,1.0,33.717
2025-11-07T23:35:00+00:00,17.0,1.0,1.0,33.794
2025-11-07T23:40:00+00:00,17.0,1.0,1.0,33.803
2025-11-07T23:45:00+00:00,17.0,1.0,1.0,33.844
2025-11-07T23:50:00+00:00,17.0,1.0,1.0,33.8
2025-11-07T23:55:00+00:00,17.0,1.0,1.0,33.334
2025-11-08T00:00:00+00:00,17.0,1.0,1.0,33.339
2025-11-08T00:05:00+00:00,17.0,1.0,1.0,33.282
2025-11-08T00:10:00+00:00,17.0,1.0,1.0,33.739
2025-11-08T00:15:00+00:00,17.0,1.0,1.0,33.701
2025-11-08T00:20:00+00:00,17.0,1.0,1.0,33.81
2025-11-08T00:25:00+00:00,17.0,1.0,1.0,33.901
2025-11-08T00:30:00+00:00,17.0,1.0,1.0,33.975
2025-11-08T00:35:00+00:00,17.0,1.0,1.0,33.907
2025-11-08T00:40:00+00:00,17.0,1.0,1.0,33.9
2025-11-08T00:45:00+00:00,17.0,1.0,1.0,33.9
2025-11-08T00:50:00+00:00,17.0,1.0,1.0,33.859
2025-11-08T00:55:00+00:00,17.0,1.0,1.0,33.9
2025-11-08T01:00:00+00:00,17.0,1.0,1.0,33.9
2025-11-08T01:05:00+00:00,17.0,1.0,1.0,33.9
2025-11-08T01:10:00+00:00,17.0,1.0,1.0,33.913
2025-11-08T01:15:00+00:00,17.0,1.0,1.0,33.956
2025-11-08T01:20:00+00:00,17.0,1.0,1.0,33.978
2025-11-08T01:25:00+00:00,17.0,1.0,1.0,33.914
2025-11-08T01:30:00+00:00,17.0,1.0,1.0,33.983
2025-11-08T01:35:00+00:00,17.0,1.0,1.0,33.941
2025-11-08T01:40:00+00:00,17.0,1.0,1.0,33.992
2025-11-08T01:45:00+00:00,17.0,1.0,1.0,34.0
2025-11-08T01:50:00+00:00,17.0,1.0,1.0,34.0
2025-11-08T01:55:00+00:00,17.0,1.0,1.0,34.0
2025-11-08T02:00:00+00:00,17.0,1.0,1.0,34.027
2025-11-08T02:05:00+00:00,17.0,1.0,1.0,34.039
2025-11-08T02:10:00+00:00,17.0,1.0,1.0,34.04
2025-11-08T02:15:00+00:00,17.0,1.0,1.0,34.0
2025-11-08T02:20:00+00:00,17.0,1.0,1.0,34.077
2025-11-08T02:25:00+00:00,17.0,1.0,1.0,34.103
2025-11-08T02:30:00+00:00,17.0,1.0,1.0,34.163
2025-11-08T02:35:00+00:00,17.0,1.0,1.0,34.116
2025-11-08T02:40:00+00:00,17.0,1.0,1.0,34.1
2025-11-08T02:45:00+00:00,17.0,1.0,1.0,34.128
2025-11-08T02:50:00+00:00,17.0,1.0,1.0,34.196
2025-11-08T02:55:00+00:00,17.0,1.0,1.0,34.2
2025-11-08T03:00:00+00:00,17.0,1.0,1.0,34.19
2025-11-08T03:05:00+00:00,17.0,1.0,1.0,34.09
2025-11-08T03:10:00+00:00,17.0,1.0,1.0,34.01
2025-11-08T03:15:00+00:00,17.0,1.0,1.0,34.064
2025-11-08T03:20:00+00:00,17.0,1.0,1.0,34.1
2025-11-08T03:25:00+00:00,17.0,1.0,1.0,34.1
2025-11-08T03:30:00+00:00,17.0,1.0,1.0,34.138
2025-11-08T03:35:00+00:00,17.0,1.0,1.0,34.2
2025-11-08T03:40:00+00:00,17.0,1.0,1.0,34.2
2025-11-08T03:45:00+00:00,17.0,1.0,1.0,34.2
2025-11-08T03:50:00+00:00,17.0,1.0,1.0,34.083
2025-11-08T03:55:00+00:00,17.0,1.0,1.0,33.701
2025-11-08T04:00:00+00:00,17.0,1.0,1.0,33.723
2025-11-08T04:05:00+00:00,17.0,1.0,1.0,33.766
2025-11-08T04:10:00+00:00,17.0,1.0,1.0,33.763
2025-11-08T04:15:00+00:00,17.0,1.0,1.0,33.7
2025-11-08T04:20:00+00:00,17.0,1.0,1.0,33.7
2025-11-08T04:25:00+00:00,17.0,1.0,1.0,33.7
2025-11-08T04:30:00+00:00,17.0,1.0,1.0,33.7
2025-11-08T04:35:00+00:00,17.0,1.0,1.0,33.7
2025-11-08T04:40:00+00:00,17.0,1.0,1.0,33.7
2025-11-08T04:45:00+00:00,17.0,1.0,1.0,33.7
2025-11-08T04:50:00+00:00,17.0,1.0,1.0,33.7
2025-11-08T04:55:00+00:00,17.0,1.0,1.0,33.7
2025-11-08T05:00:00+00:00,17.0,1.0,1.0,33.7
2025-11-08T05:05:00+00:00,17.0,1.0,1.0,33.646
2025-11-08T05:10:00+00:00,17.0,1.0,1.0,33.651
2025-11-08T05:15:00+00:00,17.0,1.0,1.0,33.668
2025-11-08T05:20:00+00:00,17.0,1.0,1.0,33.63
2025-11-08T05:25:00+00:00,17.0,1.0,1.0,33.647
2025-11-08T05:30:00+00:00,17.0,1.0,1.0,33.6
2025-11-08T05:35:00+00:00,17.0,1.0,1.0,33.6
2025-11-08T05:40:00+00:00,17.0,1.0,1.0,33.6
2025-11-08T05:45:00+00:00,17.0,1.0,1.0,33.6
2025-11-08T05:50:00+00:00,17.0,1.0,1.0,33.6
2025-11-08T05:55:00+00:00,17.0,1.0,1.0,33.596
2025-11-08T06:00:00+00:00,17.0,1.0,1.0,33.529
2025-11-08T06:05:00+00:00,17.0,1.0,1.0,33.5
2025-11-08T06:10:00+00:00,17.0,1.0,1.0,33.5
2025-11-08T06:15:00+00:00,17.0,1.0,1.0,33.5
2025-11-08T06:20:00+00:00,17.0,1.0,1.0,33.5
2025-11-08T06:25:00+00:00,17.0,1.0,1.0,33.495
2025-11-08T06:30:00+00:00,17.0,1.0,1.0,33.415
2025-11-08T06:35:00+00:00,17.0,1.0,1.0,33.394
2025-11-08T06:40:00+00:00,17.0,1.0,1.0,33.4
2025-11-08T06:45:00+00:00,17.0,1.0,1.0,33.4
2025-11-08T06:50:00+00:00,17.0,1.0,1.0,33.4
2025-11-08T06:55:00+00:00,17.0,1.0,1.0,33.4
2025-11-08T07:00:00+00:00,17.0,1.0,1.0,33.395
2025-11-08T07:05:00+00:00,17.0,1.0,1.0,33.3
2025-11-08T07:10:00+00:00,17.0,1.0,1.0,33.663
2025-11-08T07:15:00+00:00,17.0,1.0,1.0,33.751
2025-11-08T07:20:00+00:00,17.0,1.0,1.0,33.7
2025-11-08T07:25:00+00:00,17.0,1.0,1.0,33.698
2025-11-08T07:30:00+00:00,17.0,1.0,1.0,33.63
2025-11-08T07:35:00+00:00,17.0,1.0,1.0,33.597
2025-11-08T07:40:00+00:00,17.0,1.0,1.0,33.506
2025-11-08T07:45:00+00:00,17.0,1.0,1.0,33.5
2025-11-08T07:50:00+00:00,17.0,1.0,1.0,33.421
2025-11-08T07:55:00+00:00,17.0,1.0,1.0,33.433
2025-11-08T08:00:00+00:00,17.0,1.0,1.0,33.499
2025-11-08T08:05:00+00:00,17.0,1.0,1.0,33.449
2025-11-08T08:10:00+00:00,17.0,1.0,1.0,33.386
2025-11-08T08:15:00+00:00,17.0,1.0,1.0,33.395
2025-11-08T08:20:00+00:00,17.0,1.0,1.0,33.303
2025-11-08T08:25:00+00:00,17.0,1.0,1.0,33.334
2025-11-08T08:30:00+00:00,17.0,1.0,1.0,33.799
2025-11-08T08:35:00+00:00,17.0,1.0,1.0,34.052
2025-11-08T08:40:00+00:00,17.0,1.0,1.0,34.1
2025-11-08T08:45:00+00:00,17.0,1.0,1.0,34.1
2025-11-08T08:50:00+00:00,17.0,1.0,1.0,34.1
2025-11-08T08:55:00+00:00,17.0,1.0,1.0,34.1
2025-11-08T09:00:00+00:00,17.0,1.0,1.0,34.089
2025-11-08T09:05:00+00:00,17.0,1.0,1.0,34.067
2025-11-08T09:10:00+00:00,17.0,1.0,1.0,34.1
2025-11-08T09:15:00+00:00,17.0,1.0,1.0,34.082
2025-11-08T09:20:00+00:00,17.0,1.0,1.0,34.032
2025-11-08T09:25:00+00:00,17.0,1.0,1.0,34.04
2025-11-08T09:30:00+00:00,17.0,1.0,1.0,34.062
2025-11-08T09:35:00+00:00,17.0,1.0,1.0,34.1
2025-11-08T09:40:00+00:00,17.0,1.0,1.0,34.1
2025-11-08T09:45:00+00:00,17.0,1.0,1.0,34.1
2025-11-08T09:50:00+00:00,17.0,1.0,1.0,34.107
2025-11-08T09:55:00+00:00,17.0,1.0,1.0,34.1
2025-11-08T10:00:00+00:00,17.0,1.0,1.0,34.088
2025-11-08T10:05:00+00:00,17.0,1.0,1.0,34.1
2025-11-08T10:10:00+00:00,17.0,1.0,1.0,34.1
2025-11-08T10:15:00+00:00,17.0,1.0,1.0,34.084
2025-11-08T10:20:00+00:00,17.0,1.0,1.0,34.0
2025-11-08T10:25:00+00:00,17.0,1.0,1.0,34.045
2025-11-08T10:30:00+00:00,17.0,1.0,1.0,34.1
2025-11-08T10:35:00+00:00,17.0,1.0,1.0,34.1
2025-11-08T10:40:00+00:00,17.0,1.0,1.0,34.088
2025-11-08T10:45:00+00:00,17.0,1.0,1.0,34.1
2025-11-08T10:50:00+00:00,17.0,1.0,1.0,34.086
2025-11-08T10:55:00+00:00,17.0,1.0,1.0,34.09
2025-11-08T11:00:00+00:00,17.0,1.0,1.0,34.094
2025-11-08T11:05:00+00:00,17.0,1.0,1.0,34.0
2025-11-08T11:10:00+00:00,17.0,1.0,1.0,34.01
2025-11-08T11:15:00+00:00,17.0,1.0,1.0,34.042
2025-11-08T11:20:00+00:00,17.0,1.0,1.0,34.0
2025-11-08T11:25:00+00:00,17.0,1.0,1.0,34.0
2025-11-08T11:30:00+00:00,17.0,1.0,1.0,34.018
2025-11-08T11:35:00+00:00,17.0,1.0,1.0,34.064
2025-11-08T11:40:00+00:00,17.0,1.0,1.0,34.006
2025-11-08T11:45:00+00:00,17.0,1.0,1.0,34.032
2025-11-08T11:50:00+00:00,17.0,1.0,1.0,34.0
2025-11-08T11:55:00+00:00,17.0,1.0,1.0,34.0
2025-11-08T12:00:00+00:00,17.0,1.0,1.0,34.0
2025-11-08T12:05:00+00:00,17.0,1.0,1.0,33.986
2025-11-08T12:10:00+00:00,17.0,1.0,1.0,33.978
2025-11-08T12:15:00+00:00,17.0,1.0,1.0,33.94
2025-11-08T12:20:00+00:00,17.0,1.0,1.0,33.984
2025-11-08T12:25:00+00:00,17.0,1.0,1.0,33.962
2025-11-08T12:30:00+00:00,17.0,1.0,1.0,33.955
2025-11-08T12:35:00+00:00,17.0,1.0,1.0,33.948
2025-11-08T12:40:00+00:00,17.0,1.0,1.0,33.974
2025-11-08T12:45:00+00:00,17.0,1.0,1.0,33.984
2025-11-08T12:50:00+00:00,17.0,1.0,1.0,34.0
2025-11-08T12:55:00+00:00,17.0,1.0,1.0,34.0
2025-11-08T13:00:00+00:00,17.0,1.0,1.0,34.004
2025-11-08T13:05:00+00:00,17.0,1.0,1.0,34.072
2025-11-08T13:10:00+00:00,17.0,1.0,1.0,34.048
2025-11-08T13:15:00+00:00,17.0,1.0,1.0,34.091
2025-11-08T13:20:00+00:00,17.0,1.0,1.0,34.096
2025-11-08T13:25:00+00:00,17.0,1.0,1.0,34.059
2025-11-08T13:30:00+00:00,17.0,1.0,1.0,34.088
2025-11-08T13:35:00+00:00,17.0,1.0,1.0,34.099
2025-11-08T13:40:00+00:00,17.0,1.0,1.0,34.059
2025-11-08T13:45:00+00:00,17.0,1.0,1.0,34.098
2025-11-08T13:50:00+00:00,17.0,1.0,1.0,34.047
2025-11-08T13:55:00+00:00,17.0,1.0,1.0,34.105
2025-11-08T14:00:00+00:00,17.0,1.0,1.0,34.128
2025-11-08T14:05:00+00:00,17.0,1.0,1.0,34.072
2025-11-08T14:10:00+00:00,17.0,1.0,1.0,34.1
2025-11-08T14:15:00+00:00,17.0,1.0,1.0,34.086
2025-11-08T14:20:00+00:00,17.0,1.0,1.0,34.022
2025-11-08T14:25:00+00:00,17.0,1.0,1.0,34.044
2025-11-08T14:30:00+00:00,17.0,1.0,1.0,34.02
2025-11-08T14:35:00+00:00,17.0,1.0,1.0,34.014
2025-11-08T14:40:00+00:00,17.0,1.0,1.0,34.029
2025-11-08T14:45:00+00:00,17.0,1.0,1.0,34.079
2025-11-08T14:50:00+00:00,17.0,1.0,1.0,34.0
2025-11-08T14:55:00+00:00,17.0,1.0,1.0,34.042
2025-11-08T15:00:00+00:00,17.0,1.0,1.0,34.003
2025-11-08T15:05:00+00:00,17.0,1.0,1.0,33.969
2025-11-08T15:10:00+00:00,17.0,1.0,1.0,33.954
2025-11-08T15:15:00+00:00,17.0,1.0,1.0,33.985
2025-11-08T15:20:00+00:00,17.0,1.0,1.0,33.998
2025-11-08T15:25:00+00:00,17.0,1.0,1.0,34.0
2025-11-08T15:30:00+00:00,17.0,1.0,1.0,34.0
2025-11-08T15:35:00+00:00,17.0,1.0,1.0,34.073
2025-11-08T15:40:00+00:00,17.0,1.0,1.0,34.13
2025-11-08T15:45:00+00:00,17.0,1.0,1.0,34.1
2025-11-08T15:50:00+00:00,17.0,1.0,1.0,34.015
2025-11-08T15:55:00+00:00,17.0,1.0,1.0,34.0
2025-11-08T16:00:00+00:00,17.0,1.0,1.0,33.973
2025-11-08T16:05:00+00:00,17.0,1.0,1.0,33.994
2025-11-08T16:10:00+00:00,17.0,1.0,1.0,33.936
2025-11-08T16:15:00+00:00,17.0,1.0,1.0,33.94
2025-11-08T16:20:00+00:00,17.0,1.0,1.0,33.889
2025-11-08T16:25:00+00:00,17.0,1.0,1.0,33.81
2025-11-08T16:30:00+00:00,17.0,1.0,1.0,33.809
2025-11-08T16:35:00+00:00,17.0,1.0,1.0,33.839
2025-11-08T16:40:00+00:00,17.0,1.0,1.0,33.743
2025-11-08T16:45:00+00:00,17.0,1.0,1.0,33.666
2025-11-08T16:50:00+00:00,17.0,1.0,1.0,33.805
2025-11-08T16:55:00+00:00,17.0,1.0,1.0,33.962
2025-11-08T17:00:00+00:00,17.0,1.0,1.0,34.051
2025-11-08T17:05:00+00:00,17.0,1.0,1.0,34.076
2025-11-08T17:10:00+00:00,17.0,1.0,1.0,34.055
2025-11-08T17:15:00+00:00,17.0,1.0,1.0,34.023
2025-11-08T17:20:00+00:00,17.0,1.0,1.0,34.0
2025-11-08T17:25:00+00:00,17.0,1.0,1.0,33.993
2025-11-08T17:30:00+00:00,17.0,1.0,1.0,33.93
2025-11-08T17:35:00+00:00,17.0,1.0,1.0,33.9
2025-11-08T17:40:00+00:00,17.0,1.0,1.0,33.931
2025-11-08T17:45:00+00:00,17.0,1.0,1.0,33.9
2025-11-08T17:50:00+00:00,17.0,1.0,1.0,33.951
2025-11-08T17:55:00+00:00,17.0,1.0,1.0,33.976
2025-11-08T18:00:00+00:00,17.0,1.0,1.0,34.014
2025-11-08T18:05:00+00:00,17.0,1.0,1.0,34.003
2025-11-08T18:10:00+00:00,17.0,1.0,1.0,34.095
2025-11-08T18:15:00+00:00,17.0,1.0,1.0,34.1
2025-11-08T18:20:00+00:00,17.0,1.0,1.0,34.035
2025-11-08T18:25:00+00:00,17.0,1.0,1.0,34.0
2025-11-08T18:30:00+00:00,17.0,1.0,1.0,34.006
2025-11-08T18:35:00+00:00,17.0,1.0,1.0,34.04
2025-11-08T18:40:00+00:00,17.0,1.0,1.0,34.099
2025-11-08T18:45:00+00:00,17.0,1.0,1.0,34.041
2025-11-08T18:50:00+00:00,17.0,1.0,1.0,34.005
2025-11-08T18:55:00+00:00,17.0,1.0,1.0,34.097
2025-11-08T19:00:00+00:00,17.0,1.0,1.0,34.1
2025-11-08T19:05:00+00:00,17.0,1.0,1.0,34.096
2025-11-08T19:10:00+00:00,17.0,1.0,1.0,34.029
2025-11-08T19:15:00+00:00,17.0,1.0,1.0,34.12
2025-11-08T19:20:00+00:00,17.0,1.0,1.0,34.061
2025-11-08T19:25:00+00:00,17.0,1.0,1.0,34.07
2025-11-08T19:30:00+00:00,17.0,1.0,1.0,34.181
2025-11-08T19:35:00+00:00,17.0,1.0,1.0,34.267
2025-11-08T19:40:00+00:00,17.0,1.0,1.0,34.2
2025-11-08T19:45:00+00:00,17.0,1.0,1.0,34.252
2025-11-08T19:50:00+00:00,17.0,1.0,1.0,34.261
2025-11-08T19:55:00+00:00,17.0,1.0,1.0,34.074
2025-11-08T20:00:00+00:00,17.0,1.0,1.0,33.842
2025-11-08T20:05:00+00:00,17.0,1.0,1.0,33.83
2025-11-08T20:10:00+00:00,17.0,1.0,1.0,33.803
2025-11-08T20:15:00+00:00,17.0,1.0,1.0,33.778
2025-11-08T20:20:00+00:00,17.0,1.0,1.0,33.8
2025-11-08T20:25:00+00:00,17.0,1.0,1.0,33.808
2025-11-08T20:30:00+00:00,17.0,1.0,1.0,33.835
2025-11-08T20:35:00+00:00,17.0,1.0,1.0,33.801
2025-11-08T20:40:00+00:00,17.0,1.0,1.0,33.891
2025-11-08T20:45:00+00:00,17.0,1.0,1.0,33.8
2025-11-08T20:50:00+00:00,17.0,1.0,1.0,33.751
2025-11-08T20:55:00+00:00,17.0,1.0,1.0,33.8
2025-11-08T21:00:00+00:00,17.0,1.0,1.0,33.868
2025-11-08T21:05:00+00:00,17.0,1.0,1.0,33.868
2025-11-08T21:10:00+00:00,17.0,1.0,1.0,33.929
2025-11-08T21:15:00+00:00,17.0,1.0,1.0,33.959
2025-11-08T21:20:00+00:00,17.0,1.0,1.0,34.02
2025-11-08T21:25:00+00:00,17.0,1.0,1.0,34.04
2025-11-08T21:30:00+00:00,17.0,1.0,1.0,34.052
2025-11-08T21:35:00+00:00,17.0,1.0,1.0,33.983
2025-11-08T21:40:00+00:00,17.0,1.0,1.0,33.956
2025-11-08T21:45:00+00:00,17.0,1.0,1.0,34.0
2025-11-08T21:50:00+00:00,17.0,1.0,1.0,34.0
2025-11-08T21:55:00+00:00,17.0,1.0,1.0,34.039
2025-11-08T22:00:00+00:00,17.0,1.0,1.0,33.998
2025-11-08T22:05:00+00:00,17.0,1.0,1.0,33.94
2025-11-08T22:10:00+00:00,17.0,1.0,1.0,33.9
2025-11-08T22:15:00+00:00,17.0,1.0,1.0,33.94
2025-11-08T22:20:00+00:00,17.0,1.0,1.0,34.038
2025-11-08T22:25:00+00:00,17.0,1.0,1.0,34.0
2025-11-08T22:30:00+00:00,17.0,1.0,1.0,34.019
2025-11-08T22:35:00+00:00,17.0,1.0,1.0,34.0
2025-11-08T22:40:00+00:00,17.0,1.0,1.0,34.0
2025-11-08T22:45:00+00:00,17.0,1.0,1.0,34.131
2025-11-08T22:50:00+00:00,17.0,1.0,1.0,33.962
2025-11-08T22:55:00+00:00,17.0,1.0,1.0,33.587
2025-11-08T23:00:00+00:00,17.0,1.0,1.0,33.519
2025-11-08T23:05:00+00:00,17.0,1.0,1.0,33.41
2025-11-08T23:10:00+00:00,17.0,1.0,1.0,33.4
2025-11-08T23:15:00+00:00,17.0,1.0,1.0,33.428
2025-11-08T23:20:00+00:00,17.0,1.0,1.0,33.496
2025-11-08T23:25:00+00:00,17.0,1.0,1.0,33.502
2025-11-08T23:30:00+00:00,17.0,1.0,1.0,33.598
2025-11-08T23:35:00+00:00,17.0,1.0,1.0,33.647
2025-11-08T23:40:00+00:00,17.0,1.0,1.0,33.665
2025-11-08T23:45:00+00:00,17.0,1.0,1.0,33.7
2025-11-08T23:50:00+00:00,17.0,1.0,1.0,33.7
2025-11-08T23:55:00+00:00,17.0,1.0,1.0,33.7
2025-11-09T00:00:00+00:00,17.0,1.0,1.0,33.7
2025-11-09T00:05:00+00:00,17.0,1.0,1.0,33.621
2025-11-09T00:10:00+00:00,17.0,1.0,1.0,33.6
2025-11-09T00:15:00+00:00,17.0,1.0,1.0,33.6
2025-11-09T00:20:00+00:00,17.0,1.0,1.0,33.631
2025-11-09T00:25:00+00:00,17.0,1.0,1.0,33.7
2025-11-09T00:30:00+00:00,17.0,1.0,1.0,33.7
2025-11-09T00:35:00+00:00,17.0,1.0,1.0,33.624
2025-11-09T00:40:00+00:00,17.0,1.0,1.0,33.517
2025-11-09T00:45:00+00:00,17.0,1.0,1.0,33.503
2025-11-09T00:50:00+00:00,17.0,1.0,1.0,33.596
2025-11-09T00:55:00+00:00,17.0,1.0,1.0,33.6
2025-11-09T01:00:00+00:00,17.0,1.0,1.0,33.6
2025-11-09T01:05:00+00:00,17.0,1.0,1.0,33.6
2025-11-09T01:10:00+00:00,17.0,1.0,1.0,33.6
2025-11-09T01:15:00+00:00,17.0,1.0,1.0,33.609
2025-11-09T01:20:00+00:00,17.0,1.0,1.0,33.673
2025-11-09T01:25:00+00:00,17.0,1.0,1.0,33.7
2025-11-09T01:30:00+00:00,17.0,1.0,1.0,33.7
2025-11-09T01:35:00+00:00,17.0,1.0,1.0,33.7
2025-11-09T01:40:00+00:00,17.0,1.0,1.0,33.7
2025-11-09T01:45:00+00:00,17.0,1.0,1.0,33.7
2025-11-09T01:50:00+00:00,17.0,1.0,1.0,33.701
2025-11-09T01:55:00+00:00,17.0,1.0,1.0,33.745
2025-11-09T02:00:00+00:00,17.0,1.0,1.0,33.775
2025-11-09T02:05:00+00:00,17.0,1.0,1.0,33.747
2025-11-09T02:10:00+00:00,17.0,1.0,1.0,33.8
2025-11-09T02:15:00+00:00,17.0,1.0,1.0,33.814
2025-11-09T02:20:00+00:00,17.0,1.0,1.0,33.89
2025-11-09T02:25:00+00:00,17.0,1.0,1.0,33.574
2025-11-09T02:30:00+00:00,17.0,1.0,1.0,33.4
2025-11-09T02:35:00+00:00,17.0,1.0,1.0,33.4
2025-11-09T02:40:00+00:00,17.0,1.0,1.0,33.473
2025-11-09T02:45:00+00:00,17.0,1.0,1.0,33.9
2025-11-09T02:50:00+00:00,17.0,1.0,1.0,33.9
2025-11-09T02:55:00+00:00,17.0,1.0,1.0,33.897
2025-11-09T03:00:00+00:00,17.0,1.0,1.0,33.824
2025-11-09T03:05:00+00:00,17.0,1.0,1.0,33.849
2025-11-09T03:10:00+00:00,17.0,1.0,1.0,33.893
2025-11-09T03:15:00+00:00,17.0,1.0,1.0,33.9
2025-11-09T03:20:00+00:00,17.0,1.0,1.0,33.9
2025-11-09T03:25:00+00:00,17.0,1.0,1.0,33.9
2025-11-09T03:30:00+00:00,17.0,1.0,1.0,33.9
2025-11-09T03:35:00+00:00,17.0,1.0,1.0,33.872
2025-11-09T03:40:00+00:00,17.0,1.0,1.0,33.845
2025-11-09T03:45:00+00:00,17.0,1.0,1.0,33.814
2025-11-09T03:50:00+00:00,17.0,1.0,1.0,33.844
2025-11-09T03:55:00+00:00,17.0,1.0,1.0,33.876
2025-11-09T04:00:00+00:00,17.0,1.0,1.0,33.865
2025-11-09T04:05:00+00:00,17.0,1.0,1.0,33.8
2025-11-09T04:10:00+00:00,17.0,1.0,1.0,33.8
2025-11-09T04:15:00+00:00,17.0,1.0,1.0,33.8
2025-11-09T04:20:00+00:00,17.0,1.0,1.0,33.8
2025-11-09T04:25:00+00:00,17.0,1.0,1.0,33.8
2025-11-09T04:30:00+00:00,17.0,1.0,1.0,33.747
2025-11-09T04:35:00+00:00,17.0,1.0,1.0,33.7
2025-11-09T04:40:00+00:00,17.0,1.0,1.0,33.7
2025-11-09T04:45:00+00:00,17.0,1.0,1.0,33.759
2025-11-09T04:50:00+00:00,17.0,1.0,1.0,33.76
2025-11-09T04:55:00+00:00,17.0,1.0,1.0,33.717
2025-11-09T05:00:00+00:00,17.0,1.0,1.0,33.703
2025-11-09T05:05:00+00:00,17.0,1.0,1.0,33.72
2025-11-09T05:10:00+00:00,17.0,1.0,1.0,33.7
2025-11-09T05:15:00+00:00,17.0,1.0,1.0,33.7
2025-11-09T05:20:00+00:00,17.0,1.0,1.0,33.648
2025-11-09T05:25:00+00:00,17.0,1.0,1.0,33.6
2025-11-09T05:30:00+00:00,17.0,1.0,1.0,33.6
2025-11-09T05:35:00+00:00,17.0,1.0,1.0,33.516
2025-11-09T05:40:00+00:00,17.0,1.0,1.0,33.5
2025-11-09T05:45:00+00:00,17.0,1.0,1.0,33.494
2025-11-09T05:50:00+00:00,17.0,1.0,1.0,33.417
2025-11-09T05:55:00+00:00,17.0,1.0,1.0,33.4
2025-11-09T06:00:00+00:00,17.0,1.0,1.0,33.4
2025-11-09T06:05:00+00:00,17.0,1.0,1.0,33.4
2025-11-09T06:10:00+00:00,17.0,1.0,1.0,33.4
2025-11-09T06:15:00+00:00,17.0,1.0,1.0,33.4
2025-11-09T06:20:00+00:00,17.0,1.0,1.0,33.418
2025-11-09T06:25:00+00:00,17.0,1.0,1.0,33.952
2025-11-09T06:30:00+00:00,17.0,1.0,1.0,34.0
2025-11-09T06:35:00+00:00,17.0,1.0,1.0,34.0
2025-11-09T06:40:00+00:00,17.0,1.0,1.0,34.0
2025-11-09T06:45:00+00:00,17.0,1.0,1.0,34.0
2025-11-09T06:50:00+00:00,17.0,1.0,1.0,33.907
2025-11-09T06:55:00+00:00,17.0,1.0,1.0,33.813
2025-11-09T07:00:00+00:00,17.0,1.0,1.0,33.8
2025-11-09T07:05:00+00:00,17.0,1.0,1.0,33.757
2025-11-09T07:10:00+00:00,17.0,1.0,1.0,33.635
2025-11-09T07:15:00+00:00,17.0,1.0,1.0,33.885
2025-11-09T07:20:00+00:00,17.0,1.0,1.0,33.902
2025-11-09T07:25:00+00:00,17.0,1.0,1.0,34.0
2025-11-09T07:30:00+00:00,17.0,1.0,1.0,34.0
2025-11-09T07:35:00+00:00,17.0,1.0,1.0,34.08
2025-11-09T07:40:00+00:00,17.0,1.0,1.0,34.191
2025-11-09T07:45:00+00:00,17.0,1.0,1.0,34.2
2025-11-09T07:50:00+00:00,17.0,1.0,1.0,34.2
2025-11-09T07:55:00+00:00,17.0,1.0,1.0,34.141
2025-11-09T08:00:00+00:00,17.0,1.0,1.0,34.1
2025-11-09T08:05:00+00:00,17.0,1.0,1.0,34.091
2025-11-09T08:10:00+00:00,17.0,1.0,1.0,34.021
2025-11-09T08:15:00+00:00,17.0,1.0,1.0,33.921
2025-11-09T08:20:00+00:00,17.0,1.0,1.0,33.9
2025-11-09T08:25:00+00:00,17.0,1.0,1.0,33.821
2025-11-09T08:30:00+00:00,17.0,1.0,1.0,33.778
2025-11-09T08:35:00+00:00,17.0,1.0,1.0,33.764
2025-11-09T08:40:00+00:00,17.0,1.0,1.0,33.8
2025-11-09T08:45:00+00:00,17.0,1.0,1.0,33.722
2025-11-09T08:50:00+00:00,17.0,1.0,1.0,33.812
2025-11-09T08:55:00+00:00,17.0,1.0,1.0,33.971
2025-11-09T09:00:00+00:00,17.0,1.0,1.0,33.872
2025-11-09T09:05:00+00:00,17.0,1.0,1.0,33.958
2025-11-09T09:10:00+00:00,17.0,1.0,1.0,33.925
2025-11-09T09:15:00+00:00,17.0,1.0,1.0,33.9
2025-11-09T09:20:00+00:00,17.0,1.0,1.0,33.89
2025-11-09T09:25:00+00:00,17.0,1.0,1.0,33.806
2025-11-09T09:30:00+00:00,17.0,1.0,1.0,33.8
2025-11-09T09:35:00+00:00,17.0,1.0,1.0,33.746
2025-11-09T09:40:00+00:00,17.0,1.0,1.0,33.798
2025-11-09T09:45:00+00:00,17.0,1.0,1.0,34.093
2025-11-09T09:50:00+00:00,17.0,1.0,1.0,34.172
2025-11-09T09:55:00+00:00,17.0,1.0,1.0,34.2
2025-11-09T10:00:00+00:00,17.0,1.0,1.0,34.225
2025-11-09T10:05:00+00:00,17.0,1.0,1.0,33.988
2025-11-09T10:10:00+00:00,17.0,1.0,1.0,33.7
2025-11-09T10:15:00+00:00,17.0,1.0,1.0,33.723
2025-11-09T10:20:00+00:00,17.0,1.0,1.0,33.8
2025-11-09T10:25:00+00:00,17.0,1.0,1.0,33.814
2025-11-09T10:30:00+00:00,17.0,1.0,1.0,33.8
2025-11-09T10:35:00+00:00,17.0,1.0,1.0,33.8
2025-11-09T10:40:00+00:00,17.0,1.0,1.0,33.842
2025-11-09T10:45:00+00:00,17.0,1.0,1.0,33.754
2025-11-09T10:50:00+00:00,17.0,1.0,1.0,33.733
2025-11-09T10:55:00+00:00,17.0,1.0,1.0,33.776
2025-11-09T11:00:00+00:00,17.0,1.0,1.0,33.816
2025-11-09T11:05:00+00:00,17.0,1.0,1.0,33.804
2025-11-09T11:10:00+00:00,17.0,1.0,1.0,33.683
2025-11-09T11:15:00+00:00,17.0,1.0,1.0,33.61
2025-11-09T11:20:00+00:00,17.0,1.0,1.0,33.6
2025-11-09T11:25:00+00:00,17.0,1.0,1.0,33.57
2025-11-09T11:30:00+00:00,17.0,1.0,1.0,33.573
2025-11-09T11:35:00+00:00,17.0,1.0,1.0,33.535
2025-11-09T11:40:00+00:00,17.0,1.0,1.0,33.554
2025-11-09T11:45:00+00:00,17.0,1.0,1.0,33.514
2025-11-09T11:50:00+00:00,17.0,1.0,1.0,33.539
2025-11-09T11:55:00+00:00,17.0,1.0,1.0,33.519
2025-11-09T12:00:00+00:00,17.0,1.0,1.0,33.558
2025-11-09T12:05:00+00:00,17.0,1.0,1.0,33.689
2025-11-09T12:10:00+00:00,17.0,1.0,1.0,33.7
2025-11-09T12:15:00+00:00,17.0,1.0,1.0,33.7
2025-11-09T12:20:00+00:00,17.0,1.0,1.0,33.635
2025-11-09T12:25:00+00:00,17.0,1.0,1.0,33.649
2025-11-09T12:30:00+00:00,17.0,1.0,1.0,33.699
2025-11-09T12:35:00+00:00,17.0,1.0,1.0,33.745
2025-11-09T12:40:00+00:00,17.0,1.0,1.0,33.724
2025-11-09T12:45:00+00:00,17.0,1.0,1.0,33.675
2025-11-09T12:50:00+00:00,17.0,1.0,1.0,33.668
2025-11-09T12:55:00+00:00,17.0,1.0,1.0,33.629
2025-11-09T13:00:00+00:00,17.0,1.0,1.0,33.582
2025-11-09T13:05:00+00:00,17.0,1.0,1.0,33.55
2025-11-09T13:10:00+00:00,17.0,1.0,1.0,33.588
2025-11-09T13:15:00+00:00,17.0,1.0,1.0,33.6
2025-11-09T13:20:00+00:00,17.0,1.0,1.0,33.695
2025-11-09T13:25:00+00:00,17.0,1.0,1.0,33.7
2025-11-09T13:30:00+00:00,17.0,1.0,1.0,33.7
2025-11-09T13:35:00+00:00,17.0,1.0,1.0,33.71
2025-11-09T13:40:00+00:00,17.0,1.0,1.0,33.761
2025-11-09T13:45:00+00:00,17.0,1.0,1.0,33.743
2025-11-09T13:50:00+00:00,17.0,1.0,1.0,33.608
2025-11-09T13:55:00+00:00,17.0,1.0,1.0,33.417
2025-11-09T14:00:00+00:00,17.0,1.0,1.0,33.385
2025-11-09T14:05:00+00:00,17.0,1.0,1.0,33.416
2025-11-09T14:10:00+00:00,17.0,1.0,1.0,33.402
2025-11-09T14:15:00+00:00,17.0,1.0,1.0,33.462
2025-11-09T14:20:00+00:00,17.0,1.0,1.0,33.5
2025-11-09T14:25:00+00:00,17.0,1.0,1.0,33.502
2025-11-09T14:30:00+00:00,17.0,1.0,1.0,33.591
2025-11-09T14:35:00+00:00,17.0,1.0,1.0,33.583
2025-11-09T14:40:00+00:00,17.0,1.0,1.0,33.501
2025-11-09T14:45:00+00:00,17.0,1.0,1.0,33.5
2025-11-09T14:50:00+00:00,17.0,1.0,1.0,33.499
2025-11-09T14:55:00+00:00,17.0,1.0,1.0,33.477
2025-11-09T15:00:00+00:00,17.0,1.0,1.0,33.532
2025-11-09T15:05:00+00:00,17.0,1.0,1.0,33.492
2025-11-09T15:10:00+00:00,17.0,1.0,1.0,33.5
2025-11-09T15:15:00+00:00,17.0,1.0,1.0,33.5
2025-11-09T15:20:00+00:00,17.0,1.0,1.0,33.5
2025-11-09T15:25:00+00:00,17.0,1.0,1.0,33.492
2025-11-09T15:30:00+00:00,17.0,1.0,1.0,33.5
2025-11-09T15:35:00+00:00,17.0,1.0,1.0,33.5
2025-11-09T15:40:00+00:00,17.0,1.0,1.0,33.5
2025-11-09T15:45:00+00:00,17.0,1.0,1.0,33.5
2025-11-09T15:50:00+00:00,17.0,1.0,1.0,33.48
2025-11-09T15:55:00+00:00,17.0,1.0,1.0,33.401
2025-11-09T16:00:00+00:00,17.0,1.0,1.0,33.381
2025-11-09T16:05:00+00:00,17.0,1.0,1.0,33.4
2025-11-09T16:10:00+00:00,17.0,1.0,1.0,33.35
2025-11-09T16:15:00+00:00,17.0,1.0,1.0,33.729
2025-11-09T16:20:00+00:00,17.0,1.0,1.0,33.743
2025-11-09T16:25:00+00:00,17.0,1.0,1.0,33.692
2025-11-09T16:30:00+00:00,17.0,1.0,1.0,33.772
2025-11-09T16:35:00+00:00,17.0,1.0,1.0,33.943
2025-11-09T16:40:00+00:00,17.0,1.0,1.0,33.897
2025-11-09T16:45:00+00:00,17.0,1.0,1.0,33.847
2025-11-09T16:50:00+00:00,17.0,1.0,1.0,33.745
2025-11-09T16:55:00+00:00,17.0,1.0,1.0,33.84
2025-11-09T17:00:00+00:00,17.0,1.0,1.0,33.977
2025-11-09T17:05:00+00:00,17.0,1.0,1.0,34.0
2025-11-09T17:10:00+00:00,17.0,1.0,1.0,34.0
2025-11-09T17:15:00+00:00,17.0,1.0,1.0,34.057
2025-11-09T17:20:00+00:00,17.0,1.0,1.0,34.015
2025-11-09T17:25:00+00:00,17.0,1.0,1.0,33.997
2025-11-09T17:30:00+00:00,17.0,1.0,1.0,33.934
2025-11-09T17:35:00+00:00,17.0,1.0,1.0,33.869
2025-11-09T17:40:00+00:00,17.0,1.0,1.0,33.863
2025-11-09T17:45:00+00:00,17.0,1.0,1.0,33.8
2025-11-09T17:50:00+00:00,17.0,1.0,1.0,33.859
2025-11-09T17:55:00+00:00,17.0,1.0,1.0,33.901
2025-11-09T18:00:00+00:00,17.0,1.0,1.0,33.942
2025-11-09T18:05:00+00:00,17.0,1.0,1.0,33.9
2025-11-09T18:10:00+00:00,17.0,1.0,1.0,33.939
2025-11-09T18:15:00+00:00,17.0,1.0,1.0,34.023
2025-11-09T18:20:00+00:00,17.0,1.0,1.0,33.99
2025-11-09T18:25:00+00:00,17.0,1.0,1.0,33.935
2025-11-09T18:30:00+00:00,17.0,1.0,1.0,33.933
2025-11-09T18:35:00+00:00,17.0,1.0,1.0,33.809
2025-11-09T18:40:00+00:00,17.0,1.0,1.0,33.77
2025-11-09T18:45:00+00:00,17.0,1.0,1.0,33.815
2025-11-09T18:50:00+00:00,17.0,1.0,1.0,33.9
2025-11-09T18:55:00+00:00,17.0,1.0,1.0,33.811
2025-11-09T19:00:00+00:00,17.0,1.0,1.0,33.8
2025-11-09T19:05:00+00:00,17.0,1.0,1.0,33.713
2025-11-09T19:10:00+00:00,17.0,1.0,1.0,33.7
2025-11-09T19:15:00+00:00,17.0,1.0,1.0,33.794
2025-11-09T19:20:00+00:00,17.0,1.0,1.0,33.854
2025-11-09T19:25:00+00:00,17.0,1.0,1.0,33.864
2025-11-09T19:30:00+00:00,17.0,1.0,1.0,33.9
2025-11-09T19:35:00+00:00,17.0,1.0,1.0,33.9
2025-11-09T19:40:00+00:00,17.0,1.0,1.0,33.9
2025-11-09T19:45:00+00:00,17.0,1.0,1.0,33.961
2025-11-09T19:50:00+00:00,17.0,1.0,1.0,34.053
2025-11-09T19:55:00+00:00,17.0,1.0,1.0,34.093
2025-11-09T20:00:00+00:00,17.0,1.0,1.0,34.145
2025-11-09T20:05:00+00:00,17.0,1.0,1.0,34.007
2025-11-09T20:10:00+00:00,17.0,1.0,1.0,34.008
2025-11-09T20:15:00+00:00,17.0,1.0,1.0,34.084
2025-11-09T20:20:00+00:00,17.0,1.0,1.0,34.1
2025-11-09T20:25:00+00:00,17.0,1.0,1.0,34.149
2025-11-09T20:30:00+00:00,17.0,1.0,1.0,34.114
2025-11-09T20:35:00+00:00,17.0,1.0,1.0,34.114
2025-11-09T20:40:00+00:00,17.0,1.0,1.0,34.108
2025-11-09T20:45:00+00:00,17.0,1.0,1.0,34.162
2025-11-09T20:50:00+00:00,17.0,1.0,1.0,34.2
2025-11-09T20:55:00+00:00,17.0,1.0,1.0,34.295
2025-11-09T21:00:00+00:00,17.0,1.0,1.0,33.941
2025-11-09T21:05:00+00:00,17.0,1.0,1.0,33.85
2025-11-09T21:10:00+00:00,17.0,1.0,1.0,33.9
2025-11-09T21:15:00+00:00,17.0,1.0,1.0,33.9
2025-11-09T21:20:00+00:00,17.0,1.0,1.0,33.943
2025-11-09T21:25:00+00:00,17.0,1.0,1.0,33.969
2025-11-09T21:30:00+00:00,17.0,1.0,1.0,33.991
2025-11-09T21:35:00+00:00,17.0,1.0,1.0,33.941
2025-11-09T21:40:00+00:00,17.0,1.0,1.0,33.967
2025-11-09T21:45:00+00:00,17.0,1.0,1.0,34.058
2025-11-09T21:50:00+00:00,17.0,1.0,1.0,34.1
2025-11-09T21:55:00+00:00,17.0,1.0,1.0,34.117
2025-11-09T22:00:00+00:00,17.0,1.0,1.0,34.178
2025-11-09T22:05:00+00:00,17.0,1.0,1.0,34.1
2025-11-09T22:10:00+00:00,17.0,1.0,1.0,34.106
2025-11-09T22:15:00+00:00,17.0,1.0,1.0,34.142
2025-11-09T22:20:00+00:00,17.0,1.0,1.0,34.236
2025-11-09T22:25:00+00:00,17.0,1.0,1.0,34.064
2025-11-09T22:30:00+00:00,17.0,1.0,1.0,33.792
2025-11-09T22:35:00+00:00,17.0,1.0,1.0,33.883
2025-11-09T22:40:00+00:00,17.0,1.0,1.0,33.754
2025-11-09T22:45:00+00:00,17.0,1.0,1.0,33.679
2025-11-09T22:50:00+00:00,17.0,1.0,1.0,33.634
2025-11-09T22:55:00+00:00,17.0,1.0,1.0,33.7
2025-11-09T23:00:00+00:00,17.0,1.0,1.0,33.728
2025-11-09T23:05:00+00:00,17.0,1.0,1.0,33.742
2025-11-09T23:10:00+00:00,17.0,1.0,1.0,33.744
2025-11-09T23:15:00+00:00,17.0,1.0,1.0,33.7
2025-11-09T23:20:00+00:00,17.0,1.0,1.0,33.743
2025-11-09T23:25:00+00:00,17.0,1.0,1.0,33.732
2025-11-09T23:30:00+00:00,17.0,1.0,1.0,33.77
2025-11-09T23:35:00+00:00,17.0,1.0,1.0,33.8
2025-11-09T23:40:00+00:00,17.0,1.0,1.0,33.8
2025-11-09T23:45:00+00:00,17.0,1.0,1.0,33.8
2025-11-09T23:50:00+00:00,17.0,1.0,1.0,33.8
2025-11-09T23:55:00+00:00,17.0,1.0,1.0,33.8
2025-11-10T00:00:00+00:00,17.0,1.0,1.0,33.8
2025-11-10T00:05:00+00:00,17.0,1.0,1.0,33.777
2025-11-10T00:10:00+00:00,17.0,1.0,1.0,33.77
2025-11-10T00:15:00+00:00,17.0,1.0,1.0,33.756
2025-11-10T00:20:00+00:00,17.0,1.0,1.0,33.772
2025-11-10T00:25:00+00:00,17.0,1.0,1.0,33.8
2025-11-10T00:30:00+00:00,17.0,1.0,1.0,33.8
2025-11-10T00:35:00+00:00,17.0,1.0,1.0,33.714
2025-11-10T00:40:00+00:00,17.0,1.0,1.0,33.7
2025-11-10T00:45:00+00:00,17.0,1.0,1.0,33.7
2025-11-10T00:50:00+00:00,17.0,1.0,1.0,33.7
2025-11-10T00:55:00+00:00,17.0,1.0,1.0,33.7
2025-11-10T01:00:00+00:00,17.0,1.0,1.0,33.7
2025-11-10T01:05:00+00:00,17.0,1.0,1.0,33.684
2025-11-10T01:10:00+00:00,17.0,1.0,1.0,33.638
2025-11-10T01:15:00+00:00,17.0,1.0,1.0,33.653
2025-11-10T01:20:00+00:00,17.0,1.0,1.0,33.7
2025-11-10T01:25:00+00:00,17.0,1.0,1.0,33.7
2025-11-10T01:30:00+00:00,17.0,1.0,1.0,33.738
2025-11-10T01:35:00+00:00,17.0,1.0,1.0,33.73
2025-11-10T01:40:00+00:00,17.0,1.0,1.0,33.766
2025-11-10T01:45:00+00:00,17.0,1.0,1.0,33.744
2025-11-10T01:50:00+00:00,17.0,1.0,1.0,33.705
2025-11-10T01:55:00+00:00,17.0,1.0,1.0,33.72
2025-11-10T02:00:00+00:00,17.0,1.0,1.0,33.743
2025-11-10T02:05:00+00:00,17.0,1.0,1.0,33.613
2025-11-10T02:10:00+00:00,17.0,1.0,1.0,33.606
2025-11-10T02:15:00+00:00,17.0,1.0,1.0,33.664
2025-11-10T02:20:00+00:00,17.0,1.0,1.0,33.7
2025-11-10T02:25:00+00:00,17.0,1.0,1.0,33.7
2025-11-10T02:30:00+00:00,17.0,1.0,1.0,33.749
2025-11-10T02:35:00+00:00,17.0,1.0,1.0,33.73
2025-11-10T02:40:00+00:00,17.0,1.0,1.0,33.783
2025-11-10T02:45:00+00:00,17.0,1.0,1.0,33.8
2025-11-10T02:50:00+00:00,17.0,1.0,1.0,33.857
2025-11-10T02:55:00+00:00,17.0,1.0,1.0,33.9
2025-11-10T03:00:00+00:00,17.0,1.0,1.0,33.9
2025-11-10T03:05:00+00:00,17.0,1.0,1.0,33.849
2025-11-10T03:10:00+00:00,17.0,1.0,1.0,33.87
2025-11-10T03:15:00+00:00,17.0,1.0,1.0,33.84
2025-11-10T03:20:00+00:00,17.0,1.0,1.0,33.898
2025-11-10T03:25:00+00:00,17.0,1.0,1.0,33.884
2025-11-10T03:30:00+00:00,17.0,1.0,1.0,33.828
2025-11-10T03:35:00+00:00,17.0,1.0,1.0,33.617
2025-11-10T03:40:00+00:00,17.0,1.0,1.0,33.6
2025-11-10T03:45:00+00:00,17.0,1.0,1.0,33.6
2025-11-10T03:50:00+00:00,17.0,1.0,1.0,33.6
2025-11-10T03:55:00+00:00,17.0,1.0,1.0,33.6
2025-11-10T04:00:00+00:00,17.0,1.0,1.0,33.6
2025-11-10T04:05:00+00:00,17.0,1.0,1.0,33.528
2025-11-10T04:10:00+00:00,17.0,1.0,1.0,33.5
2025-11-10T04:15:00+00:00,17.0,1.0,1.0,33.5
2025-11-10T04:20:00+00:00,17.0,1.0,1.0,33.5
2025-11-10T04:25:00+00:00,17.0,1.0,1.0,33.523
2025-11-10T04:30:00+00:00,17.0,1.0,1.0,33.573
2025-11-10T04:35:00+00:00,17.0,1.0,1.0,33.549
2025-11-10T04:40:00+00:00,17.0,1.0,1.0,33.582
2025-11-10T04:45:00+00:00,17.0,1.0,1.0,33.543
2025-11-10T04:50:00+00:00,17.0,1.0,1.0,33.541
2025-11-10T04:55:00+00:00,17.0,1.0,1.0,33.543
2025-11-10T05:00:00+00:00,17.0,1.0,1.0,33.498
2025-11-10T05:05:00+00:00,17.0,1.0,1.0,33.376
2025-11-10T05:10:00+00:00,17.0,1.0,1.0,33.806
2025-11-10T05:15:00+00:00,17.0,1.0,1.0,33.919
2025-11-10T05:20:00+00:00,17.0,1.0,1.0,33.916
2025-11-10T05:25:00+00:00,17.0,1.0,1.0,33.874
2025-11-10T05:30:00+00:00,17.0,1.0,1.0,33.851
2025-11-10T05:35:00+00:00,17.0,1.0,1.0,33.786
2025-11-10T05:40:00+00:00,17.0,1.0,1.0,33.7
2025-11-10T05:45:00+00:00,17.0,1.0,1.0,33.7
2025-11-10T05:50:00+00:00,17.0,1.0,1.0,33.7
2025-11-10T05:55:00+00:00,17.0,1.0,1.0,33.7
2025-11-10T06:00:00+00:00,17.0,1.0,1.0,33.606
2025-11-10T06:05:00+00:00,17.0,1.0,1.0,33.504
2025-11-10T06:10:00+00:00,17.0,1.0,1.0,33.395
2025-11-10T06:15:00+00:00,17.0,1.0,1.0,33.759
2025-11-10T06:20:00+00:00,17.0,1.0,1.0,33.931
2025-11-10T06:25:00+00:00,17.0,1.0,1.0,34.155
2025-11-10T06:30:00+00:00,17.0,1.0,1.0,34.2
2025-11-10T06:35:00+00:00,17.0,1.0,1.0,34.136
2025-11-10T06:40:00+00:00,17.0,1.0,1.0,34.1
2025-11-10T06:45:00+00:00,17.0,1.0,1.0,34.041
2025-11-10T06:50:00+00:00,17.0,1.0,1.0,33.926
2025-11-10T06:55:00+00:00,17.0,1.0,1.0,33.877
2025-11-10T07:00:00+00:00,17.0,1.0,1.0,33.831
2025-11-10T07:05:00+00:00,17.0,1.0,1.0,33.702
2025-11-10T07:10:00+00:00,17.0,1.0,1.0,33.578
2025-11-10T07:15:00+00:00,17.0,1.0,1.0,33.468
2025-11-10T07:20:00+00:00,17.0,1.0,1.0,33.336
2025-11-10T07:25:00+00:00,17.0,1.0,1.0,33.802
2025-11-10T07:30:00+00:00,17.0,1.0,1.0,34.015
2025-11-10T07:35:00+00:00,17.0,1.0,1.0,33.908
2025-11-10T07:40:00+00:00,17.0,1.0,1.0,33.893
2025-11-10T07:45:00+00:00,17.0,1.0,1.0,34.002
2025-11-10T07:50:00+00:00,17.0,1.0,1.0,34.081
2025-11-10T07:55:00+00:00,17.0,1.0,1.0,34.117
2025-11-10T08:00:00+00:00,17.0,1.0,1.0,34.132
2025-11-10T08:05:00+00:00,17.0,1.0,1.0,34.117
2025-11-10T08:10:00+00:00,17.0,1.0,1.0,34.2
2025-11-10T08:15:00+00:00,17.0,1.0,1.0,34.188
2025-11-10T08:20:00+00:00,17.0,1.0,1.0,34.134
2025-11-10T08:25:00+00:00,17.0,1.0,1.0,34.167
2025-11-10T08:30:00+00:00,17.0,1.0,1.0,34.18
2025-11-10T08:35:00+00:00,17.0,1.0,1.0,34.252
2025-11-10T08:40:00+00:00,17.0,1.0,1.0,34.218
2025-11-10T08:45:00+00:00,17.0,1.0,1.0,34.191
2025-11-10T08:50:00+00:00,17.0,1.0,1.0,34.127
2025-11-10T08:55:00+00:00,17.0,1.0,1.0,34.139
2025-11-10T09:00:00+00:00,17.0,1.0,1.0,33.729
2025-11-10T09:05:00+00:00,17.0,1.0,1.0,33.7
2025-11-10T09:10:00+00:00,17.0,1.0,1.0,33.7
2025-11-10T09:15:00+00:00,17.0,1.0,1.0,33.7
2025-11-10T09:20:00+00:00,17.0,1.0,1.0,33.68
2025-11-10T09:25:00+00:00,17.0,1.0,1.0,33.736
2025-11-10T09:30:00+00:00,17.0,1.0,1.0,33.805
2025-11-10T09:35:00+00:00,17.0,1.0,1.0,33.858
2025-11-10T09:40:00+00:00,17.0,1.0,1.0,33.783
2025-11-10T09:45:00+00:00,17.0,1.0,1.0,33.799
2025-11-10T09:50:00+00:00,17.0,1.0,1.0,33.79
2025-11-10T09:55:00+00:00,17.0,1.0,1.0,33.73
2025-11-10T10:00:00+00:00,17.0,1.0,1.0,33.902
2025-11-10T10:05:00+00:00,17.0,1.0,1.0,34.024
2025-11-10T10:10:00+00:00,17.0,1.0,1.0,34.134
2025-11-10T10:15:00+00:00,17.0,1.0,1.0,34.2
2025-11-10T10:20:00+00:00,17.0,1.0,1.0,34.188
2025-11-10T10:25:00+00:00,17.0,1.0,1.0,34.14
2025-11-10T10:30:00+00:00,17.0,1.0,1.0,34.12
2025-11-10T10:35:00+00:00,17.0,1.0,1.0,34.09
2025-11-10T10:40:00+00:00,17.0,1.0,1.0,34.039
2025-11-10T10:45:00+00:00,17.0,1.0,1.0,34.064
2025-11-10T10:50:00+00:00,17.0,1.0,1.0,34.0
2025-11-10T10:55:00+00:00,17.0,1.0,1.0,34.046
2025-11-10T11:00:00+00:00,17.0,1.0,1.0,34.018
2025-11-10T11:05:00+00:00,17.0,1.0,1.0,33.981
2025-11-10T11:10:00+00:00,17.0,1.0,1.0,33.995
2025-11-10T11:15:00+00:00,17.0,1.0,1.0,34.0
2025-11-10T11:20:00+00:00,17.0,1.0,1.0,34.0
2025-11-10T11:25:00+00:00,17.0,1.0,1.0,34.014
2025-11-10T11:30:00+00:00,17.0,1.0,1.0,34.054
2025-11-10T11:35:00+00:00,17.0,1.0,1.0,34.095
2025-11-10T11:40:00+00:00,17.0,1.0,1.0,34.136
2025-11-10T11:45:00+00:00,17.0,1.0,1.0,34.093
2025-11-10T11:50:00+00:00,17.0,1.0,1.0,34.009
2025-11-10T11:55:00+00:00,17.0,1.0,1.0,34.055
2025-11-10T12:00:00+00:00,17.0,1.0,1.0,34.0
2025-11-10T12:05:00+00:00,17.0,1.0,1.0,34.051
2025-11-10T12:10:00+00:00,17.0,1.0,1.0,34.092
2025-11-10T12:15:00+00:00,17.0,1.0,1.0,34.1
2025-11-10T12:20:00+00:00,17.0,1.0,1.0,34.1
2025-11-10T12:25:00+00:00,17.0,1.0,1.0,34.11
2025-11-10T12:30:00+00:00,17.0,1.0,1.0,34.1
2025-11-10T12:35:00+00:00,17.0,1.0,1.0,34.147
2025-11-10T12:40:00+00:00,17.0,1.0,1.0,34.144
2025-11-10T12:45:00+00:00,17.0,1.0,1.0,34.159
2025-11-10T12:50:00+00:00,17.0,1.0,1.0,34.225
2025-11-10T12:55:00+00:00,17.0,1.0,1.0,34.201
2025-11-10T13:00:00+00:00,17.0,1.0,1.0,34.027
2025-11-10T13:05:00+00:00,17.0,1.0,1.0,33.5
2025-11-10T13:10:00+00:00,17.0,1.0,1.0,33.678
2025-11-10T13:15:00+00:00,17.0,1.0,1.0,33.759
2025-11-10T13:20:00+00:00,17.0,1.0,1.0,33.8
2025-11-10T13:25:00+00:00,17.0,1.0,1.0,33.764
2025-11-10T13:30:00+00:00,17.0,1.0,1.0,33.641
2025-11-10T13:35:00+00:00,17.0,1.0,1.0,33.6
2025-11-10T13:40:00+00:00,17.0,1.0,1.0,33.601
2025-11-10T13:45:00+00:00,17.0,1.0,1.0,33.68
2025-11-10T13:50:00+00:00,17.0,1.0,1.0,33.7
2025-11-10T13:55:00+00:00,17.0,1.0,1.0,33.708
2025-11-10T14:00:00+00:00,17.0,1.0,1.0,33.7
2025-11-10T14:05:00+00:00,17.0,1.0,1.0,33.7
2025-11-10T14:10:00+00:00,17.0,1.0,1.0,33.641
2025-11-10T14:15:00+00:00,17.0,1.0,1.0,33.587
2025-11-10T14:20:00+00:00,17.0,1.0,1.0,33.582
2025-11-10T14:25:00+00:00,17.0,1.0,1.0,33.6
2025-11-10T14:30:00+00:00,17.0,1.0,1.0,33.599
2025-11-10T14:35:00+00:00,17.0,1.0,1.0,33.509
2025-11-10T14:40:00+00:00,17.0,1.0,1.0,33.736
2025-11-10T14:45:00+00:00,17.0,1.0,1.0,33.9
2025-11-10T14:50:00+00:00,17.0,1.0,1.0,33.851
2025-11-10T14:55:00+00:00,17.0,1.0,1.0,33.892
2025-11-10T15:00:00+00:00,17.0,1.0,1.0,33.9
2025-11-10T15:05:00+00:00,17.0,1.0,1.0,33.837
2025-11-10T15:10:00+00:00,17.0,1.0,1.0,33.8
2025-11-10T15:15:00+00:00,17.0,1.0,1.0,33.854
2025-11-10T15:20:00+00:00,17.0,1.0,1.0,33.82
2025-11-10T15:25:00+00:00,17.0,1.0,1.0,33.8
2025-11-10T15:30:00+00:00,17.0,1.0,1.0,33.802
2025-11-10T15:35:00+00:00,17.0,1.0,1.0,33.84
2025-11-10T15:40:00+00:00,17.0,1.0,1.0,33.8
2025-11-10T15:45:00+00:00,17.0,1.0,1.0,33.786
2025-11-10T15:50:00+00:00,17.0,1.0,1.0,33.99
2025-11-10T15:55:00+00:00,17.0,1.0,1.0,33.998
2025-11-10T16:00:00+00:00,17.0,1.0,1.0,33.97
2025-11-10T16:05:00+00:00,17.0,1.0,1.0,33.99
2025-11-10T16:10:00+00:00,17.0,1.0,1.0,34.064
2025-11-10T16:15:00+00:00,17.0,1.0,1.0,34.037
2025-11-10T16:20:00+00:00,17.0,1.0,1.0,34.012
2025-11-10T16:25:00+00:00,17.0,1.0,1.0,34.06
2025-11-10T16:30:00+00:00,17.0,1.0,1.0,34.022
2025-11-10T16:35:00+00:00,17.0,1.0,1.0,34.0
2025-11-10T16:40:00+00:00,17.0,1.0,1.0,34.0
2025-11-10T16:45:00+00:00,17.0,1.0,1.0,33.951
2025-11-10T16:50:00+00:00,17.0,1.0,1.0,33.9
2025-11-10T16:55:00+00:00,17.0,1.0,1.0,33.818
2025-11-10T17:00:00+00:00,17.0,1.0,1.0,33.781
2025-11-10T17:05:00+00:00,17.0,1.0,1.0,33.768
2025-11-10T17:10:00+00:00,17.0,1.0,1.0,33.8
2025-11-10T17:15:00+00:00,17.0,1.0,1.0,33.797
2025-11-10T17:20:00+00:00,17.0,1.0,1.0,33.707
2025-11-10T17:25:00+00:00,17.0,1.0,1.0,33.7
2025-11-10T17:30:00+00:00,17.0,1.0,1.0,33.687
2025-11-10T17:35:00+00:00,17.0,1.0,1.0,33.661
2025-11-10T17:40:00+00:00,17.0,1.0,1.0,33.69
2025-11-10T17:45:00+00:00,17.0,1.0,1.0,33.697
2025-11-10T17:50:00+00:00,17.0,1.0,1.0,33.732
2025-11-10T17:55:00+00:00,17.0,1.0,1.0,33.787
2025-11-10T18:00:00+00:00,17.0,1.0,1.0,33.813
2025-11-10T18:05:00+00:00,17.0,1.0,1.0,33.8
2025-11-10T18:10:00+00:00,17.0,1.0,1.0,33.845
2025-11-10T18:15:00+00:00,17.0,1.0,1.0,33.897
2025-11-10T18:20:00+00:00,17.0,1.0,1.0,33.919
2025-11-10T18:25:00+00:00,17.0,1.0,1.0,33.927
2025-11-10T18:30:00+00:00,17.0,1.0,1.0,33.813
2025-11-10T18:35:00+00:00,17.0,1.0,1.0,33.709
2025-11-10T18:40:00+00:00,17.0,1.0,1.0,33.684
2025-11-10T18:45:00+00:00,17.0,1.0,1.0,33.7
2025-11-10T18:50:00+00:00,17.0,1.0,1.0,33.746
2025-11-10T18:55:00+00:00,17.0,1.0,1.0,33.772
2025-11-10T19:00:00+00:00,17.0,1.0,1.0,33.704
2025-11-10T19:05:00+00:00,17.0,1.0,1.0,33.646
2025-11-10T19:10:00+00:00,17.0,1.0,1.0,33.469
2025-11-10T19:15:00+00:00,17.0,1.0,1.0,33.522
2025-11-10T19:20:00+00:00,17.0,1.0,1.0,33.566
2025-11-10T19:25:00+00:00,17.0,1.0,1.0,33.623
2025-11-10T19:30:00+00:00,17.0,1.0,1.0,33.7
2025-11-10T19:35:00+00:00,17.0,1.0,1.0,33.774
2025-11-10T19:40:00+00:00,17.0,1.0,1.0,33.8
2025-11-10T19:45:00+00:00,17.0,1.0,1.0,33.79
2025-11-10T19:50:00+00:00,17.0,1.0,1.0,33.758
2025-11-10T19:55:00+00:00,17.0,1.0,1.0,33.8
2025-11-10T20:00:00+00:00,17.0,1.0,1.0,33.8
2025-11-10T20:05:00+00:00,17.0,1.0,1.0,33.838
2025-11-10T20:10:00+00:00,17.0,1.0,1.0,33.872
2025-11-10T20:15:00+00:00,17.0,1.0,1.0,33.943
2025-11-10T20:20:00+00:00,17.0,1.0,1.0,33.966
2025-11-10T20:25:00+00:00,17.0,1.0,1.0,33.9
2025-11-10T20:30:00+00:00,17.0,1.0,1.0,33.921
2025-11-10T20:35:00+00:00,17.0,1.0,1.0,33.895
2025-11-10T20:40:00+00:00,17.0,1.0,1.0,33.892
2025-11-10T20:45:00+00:00,17.0,1.0,1.0,33.932
2025-11-10T20:50:00+00:00,17.0,1.0,1.0,33.918
2025-11-10T20:55:00+00:00,17.0,1.0,1.0,33.799
2025-11-10T21:00:00+00:00,17.0,1.0,1.0,33.74
2025-11-10T21:05:00+00:00,17.0,1.0,1.0,33.751
2025-11-10T21:10:00+00:00,17.0,1.0,1.0,33.843
2025-11-10T21:15:00+00:00,17.0,1.0,1.0,33.9
2025-11-10T21:20:00+00:00,17.0,1.0,1.0,33.917
2025-11-10T21:25:00+00:00,17.0,1.0,1.0,34.006
2025-11-10T21:30:00+00:00,17.0,1.0,1.0,34.104
2025-11-10T21:35:00+00:00,17.0,1.0,1.0,34.24
2025-11-10T21:40:00+00:00,17.0,1.0,1.0,33.635
2025-11-10T21:45:00+00:00,17.0,1.0,1.0,33.341
2025-11-10T21:50:00+00:00,17.0,1.0,1.0,33.396
2025-11-10T21:55:00+00:00,17.0,1.0,1.0,33.327
2025-11-10T22:00:00+00:00,17.0,1.0,1.0,33.414
2025-11-10T22:05:00+00:00,17.0,1.0,1.0,33.5
2025-11-10T22:10:00+00:00,17.0,1.0,1.0,33.516
2025-11-10T22:15:00+00:00,17.0,1.0,1.0,33.582
2025-11-10T22:20:00+00:00,17.0,1.0,1.0,33.687
2025-11-10T22:25:00+00:00,17.0,1.0,1.0,33.73
2025-11-10T22:30:00+00:00,17.0,1.0,1.0,33.796
2025-11-10T22:35:00+00:00,17.0,1.0,1.0,33.894
2025-11-10T22:40:00+00:00,17.0,1.0,1.0,33.901
2025-11-10T22:45:00+00:00,17.0,1.0,1.0,33.967
2025-11-10T22:50:00+00:00,17.0,1.0,1.0,33.974
2025-11-10T22:55:00+00:00,17.0,1.0,1.0,34.0
2025-11-10T23:00:00+00:00,17.0,1.0,1.0,34.0
2025-11-10T23:05:00+00:00,17.0,1.0,1.0,33.981
2025-11-10T23:10:00+00:00,17.0,1.0,1.0,34.078
2025-11-10T23:15:00+00:00,17.0,1.0,1.0,34.104
2025-11-10T23:20:00+00:00,17.0,1.0,1.0,34.101
2025-11-10T23:25:00+00:00,17.0,1.0,1.0,34.189
2025-11-10T23:30:00+00:00,17.0,1.0,1.0,34.221
2025-11-10T23:35:00+00:00,17.0,1.0,1.0,34.242
2025-11-10T23:40:00+00:00,17.0,1.0,1.0,33.974
2025-11-10T23:45:00+00:00,17.0,1.0,1.0,33.7
2025-11-10T23:50:00+00:00,17.0,1.0,1.0,33.631
2025-11-10T23:55:00+00:00,17.0,1.0,1.0,33.65
2025-11-11T00:00:00+00:00,17.0,1.0,1.0,33.7
2025-11-11T00:05:00+00:00,17.0,1.0,1.0,33.52
2025-11-11T00:10:00+00:00,17.0,1.0,1.0,33.5
2025-11-11T00:15:00+00:00,17.0,1.0,1.0,33.5
2025-11-11T00:20:00+00:00,17.0,1.0,1.0,33.5
2025-11-11T00:25:00+00:00,17.0,1.0,1.0,33.55
2025-11-11T00:30:00+00:00,17.0,1.0,1.0,33.692
2025-11-11T00:35:00+00:00,17.0,1.0,1.0,33.616
2025-11-11T00:40:00+00:00,17.0,1.0,1.0,33.504
2025-11-11T00:45:00+00:00,17.0,1.0,1.0,33.5
2025-11-11T00:50:00+00:00,17.0,1.0,1.0,33.5
2025-11-11T00:55:00+00:00,17.0,1.0,1.0,33.5
2025-11-11T01:00:00+00:00,17.0,1.0,1.0,33.508
2025-11-11T01:05:00+00:00,17.0,1.0,1.0,33.538
2025-11-11T01:10:00+00:00,17.0,1.0,1.0,33.546
2025-11-11T01:15:00+00:00,17.0,1.0,1.0,33.5
2025-11-11T01:20:00+00:00,17.0,1.0,1.0,33.5
2025-11-11T01:25:00+00:00,17.0,1.0,1.0,33.587
2025-11-11T01:30:00+00:00,17.0,1.0,1.0,33.6
2025-11-11T01:35:00+00:00,17.0,1.0,1.0,33.6
2025-11-11T01:40:00+00:00,17.0,1.0,1.0,33.6
2025-11-11T01:45:00+00:00,17.0,1.0,1.0,33.6
2025-11-11T01:50:00+00:00,17.0,1.0,1.0,33.6
2025-11-11T01:55:00+00:00,17.0,1.0,1.0,33.6
2025-11-11T02:00:00+00:00,17.0,1.0,1.0,33.6
2025-11-11T02:05:00+00:00,17.0,1.0,1.0,33.592
2025-11-11T02:10:00+00:00,17.0,1.0,1.0,33.519
2025-11-11T02:15:00+00:00,17.0,1.0,1.0,33.584
2025-11-11T02:20:00+00:00,17.0,1.0,1.0,33.6
2025-11-11T02:25:00+00:00,17.0,1.0,1.0,33.634
2025-11-11T02:30:00+00:00,17.0,1.0,1.0,33.668
2025-11-11T02:35:00+00:00,17.0,1.0,1.0,33.58
2025-11-11T02:40:00+00:00,17.0,1.0,1.0,33.647
2025-11-11T02:45:00+00:00,17.0,1.0,1.0,33.672
2025-11-11T02:50:00+00:00,17.0,1.0,1.0,33.643
2025-11-11T02:55:00+00:00,17.0,1.0,1.0,33.751
2025-11-11T03:00:00+00:00,17.0,1.0,1.0,33.765
2025-11-11T03:05:00+00:00,17.0,1.0,1.0,33.8
2025-11-11T03:10:00+00:00,17.0,1.0,1.0,33.8
2025-11-11T03:15:00+00:00,17.0,1.0,1.0,33.8
2025-11-11T03:20:00+00:00,17.0,1.0,1.0,33.8
2025-11-11T03:25:00+00:00,17.0,1.0,1.0,33.802
2025-11-11T03:30:00+00:00,17.0,1.0,1.0,33.849
2025-11-11T03:35:00+00:00,17.0,1.0,1.0,33.608
2025-11-11T03:40:00+00:00,17.0,1.0,1.0,33.5
2025-11-11T03:45:00+00:00,17.0,1.0,1.0,33.5
2025-11-11T03:50:00+00:00,17.0,1.0,1.0,33.5
2025-11-11T03:55:00+00:00,17.0,1.0,1.0,33.576
2025-11-11T04:00:00+00:00,17.0,1.0,1.0,33.599
2025-11-11T04:05:00+00:00,17.0,1.0,1.0,33.503
2025-11-11T04:10:00+00:00,17.0,1.0,1.0,33.5
2025-11-11T04:15:00+00:00,17.0,1.0,1.0,33.5
2025-11-11T04:20:00+00:00,17.0,1.0,1.0,33.5
2025-11-11T04:25:00+00:00,17.0,1.0,1.0,33.518
2025-11-11T04:30:00+00:00,17.0,1.0,1.0,33.589
2025-11-11T04:35:00+00:00,17.0,1.0,1.0,33.6
2025-11-11T04:40:00+00:00,17.0,1.0,1.0,33.6
2025-11-11T04:45:00+00:00,17.0,1.0,1.0,33.6
2025-11-11T04:50:00+00:00,17.0,1.0,1.0,33.592
2025-11-11T04:55:00+00:00,17.0,1.0,1.0,33.547
2025-11-11T05:00:00+00:00,17.0,1.0,1.0,33.505
2025-11-11T05:05:00+00:00,17.0,1.0,1.0,33.499
2025-11-11T05:10:00+00:00,17.0,1.0,1.0,33.401
2025-11-11T05:15:00+00:00,17.0,1.0,1.0,33.4
2025-11-11T05:20:00+00:00,17.0,1.0,1.0,33.4
2025-11-11T05:25:00+00:00,17.0,1.0,1.0,33.37
2025-11-11T05:30:00+00:00,17.0,1.0,1.0,33.4
2025-11-11T05:35:00+00:00,17.0,1.0,1.0,33.353
2025-11-11T05:40:00+00:00,17.0,1.0,1.0,33.603
2025-11-11T05:45:00+00:00,17.0,1.0,1.0,33.852
2025-11-11T05:50:00+00:00,17.0,1.0,1.0,33.875
2025-11-11T05:55:00+00:00,17.0,1.0,1.0,33.89
2025-11-11T06:00:00+00:00,17.0,1.0,1.0,33.848
2025-11-11T06:05:00+00:00,17.0,1.0,1.0,33.723
2025-11-11T06:10:00+00:00,17.0,1.0,1.0,33.7
2025-11-11T06:15:00+00:00,17.0,1.0,1.0,33.695
2025-11-11T06:20:00+00:00,17.0,1.0,1.0,33.608
2025-11-11T06:25:00+00:00,17.0,1.0,1.0,33.683
2025-11-11T06:30:00+00:00,17.0,1.0,1.0,33.7
2025-11-11T06:35:00+00:00,17.0,1.0,1.0,33.682
2025-11-11T06:40:00+00:00,17.0,1.0,1.0,33.589
2025-11-11T06:45:00+00:00,17.0,1.0,1.0,33.492
2025-11-11T06:50:00+00:00,17.0,1.0,1.0,33.465
2025-11-11T06:55:00+00:00,17.0,1.0,1.0,33.4
2025-11-11T07:00:00+00:00,17.0,1.0,1.0,33.381
2025-11-11T07:05:00+00:00,17.0,1.0,1.0,33.369
2025-11-11T07:10:00+00:00,17.0,1.0,1.0,33.758
2025-11-11T07:15:00+00:00,17.0,1.0,1.0,33.822
2025-11-11T07:20:00+00:00,17.0,1.0,1.0,33.78
2025-11-11T07:25:00+00:00,17.0,1.0,1.0,33.712
2025-11-11T07:30:00+00:00,17.0,1.0,1.0,33.7
2025-11-11T07:35:00+00:00,17.0,1.0,1.0,33.563
2025-11-11T07:40:00+00:00,17.0,1.0,1.0,33.604
2025-11-11T07:45:00+00:00,17.0,1.0,1.0,33.61
2025-11-11T07:50:00+00:00,17.0,1.0,1.0,33.701
2025-11-11T07:55:00+00:00,17.0,1.0,1.0,33.715
2025-11-11T08:00:00+00:00,17.0,1.0,1.0,33.683
2025-11-11T08:05:00+00:00,17.0,1.0,1.0,33.562
2025-11-11T08:10:00+00:00,17.0,1.0,1.0,33.462
2025-11-11T08:15:00+00:00,17.0,1.0,1.0,33.411
2025-11-11T08:20:00+00:00,17.0,1.0,1.0,33.323
2025-11-11T08:25:00+00:00,17.0,1.0,1.0,33.434
2025-11-11T08:30:00+00:00,17.0,1.0,1.0,33.715
2025-11-11T08:35:00+00:00,17.0,1.0,1.0,33.8
2025-11-11T08:40:00+00:00,17.0,1.0,1.0,33.744
2025-11-11T08:45:00+00:00,17.0,1.0,1.0,33.7
2025-11-11T08:50:00+00:00,17.0,1.0,1.0,33.701
2025-11-11T08:55:00+00:00,17.0,1.0,1.0,33.694
2025-11-11T09:00:00+00:00,17.0,1.0,1.0,33.7
2025-11-11T09:05:00+00:00,17.0,1.0,1.0,33.696
2025-11-11T09:10:00+00:00,17.0,1.0,1.0,33.684
2025-11-11T09:15:00+00:00,17.0,1.0,1.0,33.622
2025-11-11T09:20:00+00:00,17.0,1.0,1.0,33.59
2025-11-11T09:25:00+00:00,17.0,1.0,1.0,33.868
2025-11-11T09:30:00+00:00,17.0,1.0,1.0,34.165
2025-11-11T09:35:00+00:00,17.0,1.0,1.0,34.161
2025-11-11T09:40:00+00:00,17.0,1.0,1.0,34.095
2025-11-11T09:45:00+00:00,17.0,1.0,1.0,34.09
2025-11-11T09:50:00+00:00,17.0,1.0,1.0,34.128
2025-11-11T09:55:00+00:00,17.0,1.0,1.0,34.116
2025-11-11T10:00:00+00:00,17.0,1.0,1.0,34.134
2025-11-11T10:05:00+00:00,17.0,1.0,1.0,34.164
2025-11-11T10:10:00+00:00,17.0,1.0,1.0,34.2
2025-11-11T10:15:00+00:00,17.0,1.0,1.0,34.2
2025-11-11T10:20:00+00:00,17.0,1.0,1.0,34.192
2025-11-11T10:25:00+00:00,17.0,1.0,1.0,34.181
2025-11-11T10:30:00+00:00,17.0,1.0,1.0,34.1
2025-11-11T10:35:00+00:00,17.0,1.0,1.0,34.079
2025-11-11T10:40:00+00:00,17.0,1.0,1.0,33.977
2025-11-11T10:45:00+00:00,17.0,1.0,1.0,34.064
2025-11-11T10:50:00+00:00,17.0,1.0,1.0,34.098
2025-11-11T10:55:00+00:00,17.0,1.0,1.0,34.198
2025-11-11T11:00:00+00:00,17.0,1.0,1.0,34.223
2025-11-11T11:05:00+00:00,17.0,1.0,1.0,33.907
2025-11-11T11:10:00+00:00,17.0,1.0,1.0,33.804
2025-11-11T11:15:00+00:00,17.0,1.0,1.0,33.81
2025-11-11T11:20:00+00:00,17.0,1.0,1.0,33.826
2025-11-11T11:25:00+00:00,17.0,1.0,1.0,33.8
2025-11-11T11:30:00+00:00,17.0,1.0,1.0,33.82
2025-11-11T11:35:00+00:00,17.0,1.0,1.0,33.8
2025-11-11T11:40:00+00:00,17.0,1.0,1.0,33.786
2025-11-11T11:45:00+00:00,17.0,1.0,1.0,33.7
2025-11-11T11:50:00+00:00,17.0,1.0,1.0,33.737
2025-11-11T11:55:00+00:00,17.0,1.0,1.0,33.735
2025-11-11T12:00:00+00:00,17.0,1.0,1.0,33.737
2025-11-11T12:05:00+00:00,17.0,1.0,1.0,33.765
2025-11-11T12:10:00+00:00,17.0,1.0,1.0,33.8
2025-11-11T12:15:00+00:00,17.0,1.0,1.0,33.774
2025-11-11T12:20:00+00:00,17.0,1.0,1.0,33.7
2025-11-11T12:25:00+00:00,17.0,1.0,1.0,33.69
2025-11-11T12:30:00+00:00,17.0,1.0,1.0,33.674
2025-11-11T12:35:00+00:00,17.0,1.0,1.0,33.7
2025-11-11T12:40:00+00:00,17.0,1.0,1.0,33.694
2025-11-11T12:45:00+00:00,17.0,1.0,1.0,33.659
2025-11-11T12:50:00+00:00,17.0,1.0,1.0,33.684
2025-11-11T12:55:00+00:00,17.0,1.0,1.0,33.686
2025-11-11T13:00:00+00:00,17.0,1.0,1.0,33.728
2025-11-11T13:05:00+00:00,17.0,1.0,1.0,33.746
2025-11-11T13:10:00+00:00,17.0,1.0,1.0,33.7
2025-11-11T13:15:00+00:00,17.0,1.0,1.0,33.757
2025-11-11T13:20:00+00:00,17.0,1.0,1.0,33.737
2025-11-11T13:25:00+00:00,17.0,1.0,1.0,33.739
2025-11-11T13:30:00+00:00,17.0,1.0,1.0,33.75
2025-11-11T13:35:00+00:00,17.0,1.0,1.0,33.707
2025-11-11T13:40:00+00:00,17.0,1.0,1.0,33.613
2025-11-11T13:45:00+00:00,17.0,1.0,1.0,33.588
2025-11-11T13:50:00+00:00,17.0,1.0,1.0,33.6
2025-11-11T13:55:00+00:00,17.0,1.0,1.0,33.593
2025-11-11T14:00:00+00:00,17.0,1.0,1.0,33.548
2025-11-11T14:05:00+00:00,17.0,1.0,1.0,33.553
2025-11-11T14:10:00+00:00,17.0,1.0,1.0,33.571
2025-11-11T14:15:00+00:00,17.0,1.0,1.0,33.557
2025-11-11T14:20:00+00:00,17.0,1.0,1.0,33.6
2025-11-11T14:25:00+00:00,17.0,1.0,1.0,33.67
2025-11-11T14:30:00+00:00,17.0,1.0,1.0,33.691
2025-11-11T14:35:00+00:00,17.0,1.0,1.0,33.645
2025-11-11T14:40:00+00:00,17.0,1.0,1.0,33.622
2025-11-11T14:45:00+00:00,17.0,1.0,1.0,33.6
2025-11-11T14:50:00+00:00,17.0,1.0,1.0,33.6
2025-11-11T14:55:00+00:00,17.0,1.0,1.0,33.61
2025-11-11T15:00:00+00:00,17.0,1.0,1.0,33.606
2025-11-11T15:05:00+00:00,17.0,1.0,1.0,33.54
2025-11-11T15:10:00+00:00,17.0,1.0,1.0,33.713
2025-11-11T15:15:00+00:00,17.0,1.0,1.0,33.76
2025-11-11T15:20:00+00:00,17.0,1.0,1.0,33.712
2025-11-11T15:25:00+00:00,17.0,1.0,1.0,33.643
2025-11-11T15:30:00+00:00,17.0,1.0,1.0,33.552
2025-11-11T15:35:00+00:00,17.0,1.0,1.0,33.489
2025-11-11T15:40:00+00:00,17.0,1.0,1.0,33.505
2025-11-11T15:45:00+00:00,17.0,1.0,1.0,33.519
2025-11-11T15:50:00+00:00,17.0,1.0,1.0,33.466
2025-11-11T15:55:00+00:00,17.0,1.0,1.0,33.453
2025-11-11T16:00:00+00:00,17.0,1.0,1.0,33.52
2025-11-11T16:05:00+00:00,17.0,1.0,1.0,33.722
2025-11-11T16:10:00+00:00,17.0,1.0,1.0,33.7
2025-11-11T16:15:00+00:00,17.0,1.0,1.0,33.652
2025-11-11T16:20:00+00:00,17.0,1.0,1.0,33.6
2025-11-11T16:25:00+00:00,17.0,1.0,1.0,33.585
2025-11-11T16:30:00+00:00,17.0,1.0,1.0,33.516
2025-11-11T16:35:00+00:00,17.0,1.0,1.0,33.494
2025-11-11T16:40:00+00:00,17.0,1.0,1.0,33.395
2025-11-11T16:45:00+00:00,17.0,1.0,1.0,33.444
2025-11-11T16:50:00+00:00,17.0,1.0,1.0,33.4
2025-11-11T16:55:00+00:00,17.0,1.0,1.0,33.418
2025-11-11T17:00:00+00:00,17.0,1.0,1.0,33.406
2025-11-11T17:05:00+00:00,17.0,1.0,1.0,33.384
2025-11-11T17:10:00+00:00,17.0,1.0,1.0,33.559
2025-11-11T17:15:00+00:00,17.0,1.0,1.0,34.048
2025-11-11T17:20:00+00:00,17.0,1.0,1.0,33.991
2025-11-11T17:25:00+00:00,17.0,1.0,1.0,34.104
2025-11-11T17:30:00+00:00,17.0,1.0,1.0,33.952
2025-11-11T17:35:00+00:00,17.0,1.0,1.0,33.924
2025-11-11T17:40:00+00:00,17.0,1.0,1.0,33.949
2025-11-11T17:45:00+00:00,17.0,1.0,1.0,33.966
2025-11-11T17:50:00+00:00,17.0,1.0,1.0,33.871
2025-11-11T17:55:00+00:00,17.0,1.0,1.0,33.837
2025-11-11T18:00:00+00:00,17.0,1.0,1.0,33.8
2025-11-11T18:05:00+00:00,17.0,1.0,1.0,33.81
2025-11-11T18:10:00+00:00,17.0,1.0,1.0,33.861
2025-11-11T18:15:00+00:00,17.0,1.0,1.0,33.968
2025-11-11T18:20:00+00:00,17.0,1.0,1.0,33.998
2025-11-11T18:25:00+00:00,17.0,1.0,1.0,34.0
2025-11-11T18:30:00+00:00,17.0,1.0,1.0,34.0
2025-11-11T18:35:00+00:00,17.0,1.0,1.0,34.037
2025-11-11T18:40:00+00:00,17.0,1.0,1.0,34.022
2025-11-11T18:45:00+00:00,17.0,1.0,1.0,34.014
2025-11-11T18:50:00+00:00,17.0,1.0,1.0,34.057
2025-11-11T18:55:00+00:00,17.0,1.0,1.0,33.971
2025-11-11T19:00:00+00:00,17.0,1.0,1.0,33.8
2025-11-11T19:05:00+00:00,17.0,1.0,1.0,33.768
2025-11-11T19:10:00+00:00,17.0,1.0,1.0,33.682
2025-11-11T19:15:00+00:00,17.0,1.0,1.0,33.758
2025-11-11T19:20:00+00:00,17.0,1.0,1.0,33.773
2025-11-11T19:25:00+00:00,17.0,1.0,1.0,33.758
2025-11-11T19:30:00+00:00,17.0,1.0,1.0,33.869
2025-11-11T19:35:00+00:00,17.0,1.0,1.0,33.793
2025-11-11T19:40:00+00:00,17.0,1.0,1.0,33.7
2025-11-11T19:45:00+00:00,17.0,1.0,1.0,33.636
2025-11-11T19:50:00+00:00,17.0,1.0,1.0,33.574
2025-11-11T19:55:00+00:00,17.0,1.0,1.0,33.609
2025-11-11T20:00:00+00:00,17.0,1.0,1.0,33.709
2025-11-11T20:05:00+00:00,17.0,1.0,1.0,33.877
2025-11-11T20:10:00+00:00,17.0,1.0,1.0,33.818
2025-11-11T20:15:00+00:00,17.0,1.0,1.0,33.706
2025-11-11T20:20:00+00:00,17.0,1.0,1.0,33.775
2025-11-11T20:25:00+00:00,17.0,1.0,1.0,33.854
2025-11-11T20:30:00+00:00,17.0,1.0,1.0,33.939
2025-11-11T20:35:00+00:00,17.0,1.0,1.0,33.861
2025-11-11T20:40:00+00:00,17.0,1.0,1.0,33.828
2025-11-11T20:45:00+00:00,17.0,1.0,1.0,33.9
2025-11-11T20:50:00+00:00,17.0,1.0,1.0,33.917
2025-11-11T20:55:00+00:00,17.0,1.0,1.0,33.97
2025-11-11T21:00:00+00:00,17.0,1.0,1.0,34.034
2025-11-11T21:05:00+00:00,17.0,1.0,1.0,34.006
2025-11-11T21:10:00+00:00,17.0,1.0,1.0,33.978
2025-11-11T21:15:00+00:00,17.0,1.0,1.0,34.0
2025-11-11T21:20:00+00:00,17.0,1.0,1.0,34.06
2025-11-11T21:25:00+00:00,17.0,1.0,1.0,34.125
2025-11-11T21:30:00+00:00,17.0,1.0,1.0,34.187
2025-11-11T21:35:00+00:00,17.0,1.0,1.0,34.075
2025-11-11T21:40:00+00:00,17.0,1.0,1.0,34.117
2025-11-11T21:45:00+00:00,17.0,1.0,1.0,34.188
2025-11-11T21:50:00+00:00,17.0,1.0,1.0,34.106
2025-11-11T21:55:00+00:00,17.0,1.0,1.0,34.112
2025-11-11T22:00:00+00:00,17.0,1.0,1.0,34.097
2025-11-11T22:05:00+00:00,17.0,1.0,1.0,33.984
2025-11-11T22:10:00+00:00,17.0,1.0,1.0,33.939
2025-11-11T22:15:00+00:00,17.0,1.0,1.0,33.993
2025-11-11T22:20:00+00:00,17.0,1.0,1.0,34.0
2025-11-11T22:25:00+00:00,17.0,1.0,1.0,34.062
2025-11-11T22:30:00+00:00,17.0,1.0,1.0,34.204
2025-11-11T22:35:00+00:00,17.0,1.0,1.0,33.854
2025-11-11T22:40:00+00:00,17.0,1.0,1.0,33.859
2025-11-11T22:45:00+00:00,17.0,1.0,1.0,33.85
2025-11-11T22:50:00+00:00,17.0,1.0,1.0,33.907
2025-11-11T22:55:00+00:00,17.0,1.0,1.0,33.76
2025-11-11T23:00:00+00:00,17.0,1.0,1.0,33.826
2025-11-11T23:05:00+00:00,17.0,1.0,1.0,33.758
2025-11-11T23:10:00+00:00,17.0,1.0,1.0,33.8
2025-11-11T23:15:00+00:00,17.0,1.0,1.0,33.8
2025-11-11T23:20:00+00:00,17.0,1.0,1.0,33.8
2025-11-11T23:25:00+00:00,17.0,1.0,1.0,33.793
2025-11-11T23:30:00+00:00,17.0,1.0,1.0,33.9
2025-11-11T23:35:00+00:00,17.0,1.0,1.0,33.736
2025-11-11T23:40:00+00:00,17.0,1.0,1.0,33.633
2025-11-11T23:45:00+00:00,17.0,1.0,1.0,33.625
2025-11-11T23:50:00+00:00,17.0,1.0,1.0,33.632
2025-11-11T23:55:00+00:00,17.0,1.0,1.0,33.6
2025-11-12T00:00:00+00:00,17.0,1.0,1.0,33.726
2025-11-12T00:05:00+00:00,17.0,1.0,1.0,33.691
2025-11-12T00:10:00+00:00,17.0,1.0,1.0,33.61
2025-11-12T00:15:00+00:00,17.0,1.0,1.0,33.664
2025-11-12T00:20:00+00:00,17.0,1.0,1.0,33.681
2025-11-12T00:25:00+00:00,17.0,1.0,1.0,33.7
2025-11-12T00:30:00+00:00,17.0,1.0,1.0,33.7
2025-11-12T00:35:00+00:00,17.0,1.0,1.0,33.569
2025-11-12T00:40:00+00:00,17.0,1.0,1.0,33.5
2025-11-12T00:45:00+00:00,17.0,1.0,1.0,33.45
2025-11-12T00:50:00+00:00,17.0,1.0,1.0,33.5
2025-11-12T00:55:00+00:00,17.0,1.0,1.0,33.513
2025-11-12T01:00:00+00:00,17.0,1.0,1.0,33.6
2025-11-12T01:05:00+00:00,17.0,1.0,1.0,33.505
2025-11-12T01:10:00+00:00,17.0,1.0,1.0,33.5
2025-11-12T01:15:00+00:00,17.0,1.0,1.0,33.529
2025-11-12T01:20:00+00:00,17.0,1.0,1.0,33.6
2025-11-12T01:25:00+00:00,17.0,1.0,1.0,33.6
2025-11-12T01:30:00+00:00,17.0,1.0,1.0,33.6
2025-11-12T01:35:00+00:00,17.0,1.0,1.0,33.6
2025-11-12T01:40:00+00:00,17.0,1.0,1.0,33.6
2025-11-12T01:45:00+00:00,17.0,1.0,1.0,33.584
2025-11-12T01:50:00+00:00,17.0,1.0,1.0,33.578
2025-11-12T01:55:00+00:00,17.0,1.0,1.0,33.666
2025-11-12T02:00:00+00:00,17.0,1.0,1.0,33.723
2025-11-12T02:05:00+00:00,17.0,1.0,1.0,33.715
2025-11-12T02:10:00+00:00,17.0,1.0,1.0,33.766
2025-11-12T02:15:00+00:00,17.0,1.0,1.0,33.744
2025-11-12T02:20:00+00:00,17.0,1.0,1.0,33.8
2025-11-12T02:25:00+00:00,17.0,1.0,1.0,33.801
2025-11-12T02:30:00+00:00,17.0,1.0,1.0,33.887
2025-11-12T02:35:00+00:00,17.0,1.0,1.0,33.9
2025-11-12T02:40:00+00:00,17.0,1.0,1.0,33.9
2025-11-12T02:45:00+00:00,17.0,1.0,1.0,33.924
2025-11-12T02:50:00+00:00,17.0,1.0,1.0,33.931
2025-11-12T02:55:00+00:00,17.0,1.0,1.0,34.0
2025-11-12T03:00:00+00:00,17.0,1.0,1.0,34.022
2025-11-12T03:05:00+00:00,17.0,1.0,1.0,33.931
2025-11-12T03:10:00+00:00,17.0,1.0,1.0,33.901
2025-11-12T03:15:00+00:00,17.0,1.0,1.0,33.973
2025-11-12T03:20:00+00:00,17.0,1.0,1.0,34.0
2025-11-12T03:25:00+00:00,17.0,1.0,1.0,34.012
2025-11-12T03:30:00+00:00,17.0,1.0,1.0,34.103
2025-11-12T03:35:00+00:00,17.0,1.0,1.0,34.172
2025-11-12T03:40:00+00:00,17.0,1.0,1.0,34.2
2025-11-12T03:45:00+00:00,17.0,1.0,1.0,34.2
2025-11-12T03:50:00+00:00,17.0,1.0,1.0,34.2
2025-11-12T03:55:00+00:00,17.0,1.0,1.0,34.2
2025-11-12T04:00:00+00:00,17.0,1.0,1.0,34.188
2025-11-12T04:05:00+00:00,17.0,1.0,1.0,34.073
2025-11-12T04:10:00+00:00,17.0,1.0,1.0,34.096
2025-11-12T04:15:00+00:00,17.0,1.0,1.0,34.049
2025-11-12T04:20:00+00:00,17.0,1.0,1.0,34.0
2025-11-12T04:25:00+00:00,17.0,1.0,1.0,33.992
2025-11-12T04:30:00+00:00,17.0,1.0,1.0,33.982
2025-11-12T04:35:00+00:00,17.0,1.0,1.0,34.01
2025-11-12T04:40:00+00:00,17.0,1.0,1.0,34.051
2025-11-12T04:45:00+00:00,17.0,1.0,1.0,34.071
2025-11-12T04:50:00+00:00,17.0,1.0,1.0,34.037
2025-11-12T04:55:00+00:00,17.0,1.0,1.0,34.04
2025-11-12T05:00:00+00:00,17.0,1.0,1.0,34.096
2025-11-12T05:05:00+00:00,17.0,1.0,1.0,34.014
2025-11-12T05:10:00+00:00,17.0,1.0,1.0,33.978
2025-11-12T05:15:00+00:00,17.0,1.0,1.0,33.954
2025-11-12T05:20:00+00:00,17.0,1.0,1.0,34.0
2025-11-12T05:25:00+00:00,17.0,1.0,1.0,34.012
2025-11-12T05:30:00+00:00,17.0,1.0,1.0,34.049
2025-11-12T05:35:00+00:00,17.0,1.0,1.0,34.092
2025-11-12T05:40:00+00:00,17.0,1.0,1.0,33.99
2025-11-12T05:45:00+00:00,17.0,1.0,1.0,33.906
2025-11-12T05:50:00+00:00,17.0,1.0,1.0,33.983
2025-11-12T05:55:00+00:00,17.0,1.0,1.0,33.957
2025-11-12T06:00:00+00:00,17.0,1.0,1.0,33.9
2025-11-12T06:05:00+00:00,17.0,1.0,1.0,33.769
2025-11-12T06:10:00+00:00,17.0,1.0,1.0,33.624
2025-11-12T06:15:00+00:00,17.0,1.0,1.0,33.701
2025-11-12T06:20:00+00:00,17.0,1.0,1.0,33.884
2025-11-12T06:25:00+00:00,17.0,1.0,1.0,33.996
2025-11-12T06:30:00+00:00,17.0,1.0,1.0,33.903
2025-11-12T06:35:00+00:00,17.0,1.0,1.0,33.905
2025-11-12T06:40:00+00:00,17.0,1.0,1.0,33.766
2025-11-12T06:45:00+00:00,17.0,1.0,1.0,33.663
2025-11-12T06:50:00+00:00,17.0,1.0,1.0,33.507
2025-11-12T06:55:00+00:00,17.0,1.0,1.0,33.527
2025-11-12T07:00:00+00:00,17.0,1.0,1.0,33.542
2025-11-12T07:05:00+00:00,17.0,1.0,1.0,33.706
2025-11-12T07:10:00+00:00,17.0,1.0,1.0,33.836
2025-11-12T07:15:00+00:00,17.0,1.0,1.0,33.79
2025-11-12T07:20:00+00:00,17.0,1.0,1.0,33.733
2025-11-12T07:25:00+00:00,17.0,1.0,1.0,33.84
2025-11-12T07:30:00+00:00,17.0,1.0,1.0,33.868
2025-11-12T07:35:00+00:00,17.0,1.0,1.0,33.72
2025-11-12T07:40:00+00:00,17.0,1.0,1.0,33.731
2025-11-12T07:45:00+00:00,17.0,1.0,1.0,33.797
2025-11-12T07:50:00+00:00,17.0,1.0,1.0,33.754
2025-11-12T07:55:00+00:00,17.0,1.0,1.0,33.786
2025-11-12T08:00:00+00:00,17.0,1.0,1.0,33.927
2025-11-12T08:05:00+00:00,17.0,1.0,1.0,33.958
2025-11-12T08:10:00+00:00,17.0,1.0,1.0,33.999
2025-11-12T08:15:00+00:00,17.0,1.0,1.0,34.0
2025-11-12T08:20:00+00:00,17.0,1.0,1.0,33.959
2025-11-12T08:25:00+00:00,17.0,1.0,1.0,33.9
2025-11-12T08:30:00+00:00,17.0,1.0,1.0,33.9
2025-11-12T08:35:00+00:00,17.0,1.0,1.0,33.9
2025-11-12T08:40:00+00:00,17.0,1.0,1.0,33.9
2025-11-12T08:45:00+00:00,17.0,1.0,1.0,33.9
2025-11-12T08:50:00+00:00,17.0,1.0,1.0,33.821
2025-11-12T08:55:00+00:00,17.0,1.0,1.0,33.803
2025-11-12T09:00:00+00:00,17.0,1.0,1.0,33.833
2025-11-12T09:05:00+00:00,17.0,1.0,1.0,33.896
2025-11-12T09:10:00+00:00,17.0,1.0,1.0,33.91
2025-11-12T09:15:00+00:00,17.0,1.0,1.0,33.941
2025-11-12T09:20:00+00:00,17.0,1.0,1.0,33.968
2025-11-12T09:25:00+00:00,17.0,1.0,1.0,33.915
2025-11-12T09:30:00+00:00,17.0,1.0,1.0,33.937
2025-11-12T09:35:00+00:00,17.0,1.0,1.0,33.819
2025-11-12T09:40:00+00:00,17.0,1.0,1.0,33.7
2025-11-12T09:45:00+00:00,17.0,1.0,1.0,33.657
2025-11-12T09:50:00+00:00,17.0,1.0,1.0,33.56
2025-11-12T09:55:00+00:00,17.0,1.0,1.0,33.536
2025-11-12T10:00:00+00:00,17.0,1.0,1.0,33.579
2025-11-12T10:05:00+00:00,17.0,1.0,1.0,33.603
2025-11-12T10:10:00+00:00,17.0,1.0,1.0,33.672
2025-11-12T10:15:00+00:00,17.0,1.0,1.0,33.7
2025-11-12T10:20:00+00:00,17.0,1.0,1.0,33.644
2025-11-12T10:25:00+00:00,17.0,1.0,1.0,33.602
2025-11-12T10:30:00+00:00,17.0,1.0,1.0,33.658
2025-11-12T10:35:00+00:00,17.0,1.0,1.0,33.657
2025-11-12T10:40:00+00:00,17.0,1.0,1.0,33.61
2025-11-12T10:45:00+00:00,17.0,1.0,1.0,33.624
2025-11-12T10:50:00+00:00,17.0,1.0,1.0,33.606
2025-11-12T10:55:00+00:00,17.0,1.0,1.0,33.601
2025-11-12T11:00:00+00:00,17.0,1.0,1.0,33.604
2025-11-12T11:05:00+00:00,17.0,1.0,1.0,33.533
2025-11-12T11:10:00+00:00,17.0,1.0,1.0,33.6
2025-11-12T11:15:00+00:00,17.0,1.0,1.0,33.583
2025-11-12T11:20:00+00:00,17.0,1.0,1.0,33.573
2025-11-12T11:25:00+00:00,17.0,1.0,1.0,33.539
2025-11-12T11:30:00+00:00,17.0,1.0,1.0,33.638
2025-11-12T11:35:00+00:00,17.0,1.0,1.0,33.732
2025-11-12T11:40:00+00:00,17.0,1.0,1.0,33.834
2025-11-12T11:45:00+00:00,17.0,1.0,1.0,33.874
2025-11-12T11:50:00+00:00,17.0,1.0,1.0,33.86
2025-11-12T11:55:00+00:00,17.0,1.0,1.0,33.777
2025-11-12T12:00:00+00:00,17.0,1.0,1.0,33.797
2025-11-12T12:05:00+00:00,17.0,1.0,1.0,33.732
2025-11-12T12:10:00+00:00,17.0,1.0,1.0,33.747
2025-11-12T12:15:00+00:00,17.0,1.0,1.0,33.732
2025-11-12T12:20:00+00:00,17.0,1.0,1.0,33.7
2025-11-12T12:25:00+00:00,17.0,1.0,1.0,33.701
2025-11-12T12:30:00+00:00,17.0,1.0,1.0,33.784
2025-11-12T12:35:00+00:00,17.0,1.0,1.0,33.8
2025-11-12T12:40:00+00:00,17.0,1.0,1.0,33.8
2025-11-12T12:45:00+00:00,17.0,1.0,1.0,33.815
2025-11-12T12:50:00+00:00,17.0,1.0,1.0,33.869
2025-11-12T12:55:00+00:00,17.0,1.0,1.0,33.9
2025-11-12T13:00:00+00:00,17.0,1.0,1.0,33.913
2025-11-12T13:05:00+00:00,17.0,1.0,1.0,33.859
2025-11-12T13:10:00+00:00,17.0,1.0,1.0,33.824
2025-11-12T13:15:00+00:00,17.0,1.0,1.0,33.86
2025-11-12T13:20:00+00:00,17.0,1.0,1.0,33.9
2025-11-12T13:25:00+00:00,17.0,1.0,1.0,33.9
2025-11-12T13:30:00+00:00,17.0,1.0,1.0,33.98
2025-11-12T13:35:00+00:00,17.0,1.0,1.0,34.011
2025-11-12T13:40:00+00:00,17.0,1.0,1.0,33.965
2025-11-12T13:45:00+00:00,17.0,1.0,1.0,33.966
2025-11-12T13:50:00+00:00,17.0,1.0,1.0,33.96
2025-11-12T13:55:00+00:00,17.0,1.0,1.0,34.0
2025-11-12T14:00:00+00:00,17.0,1.0,1.0,34.001
2025-11-12T14:05:00+00:00,17.0,1.0,1.0,34.013
2025-11-12T14:10:00+00:00,17.0,1.0,1.0,34.057
2025-11-12T14:15:00+00:00,17.0,1.0,1.0,34.082
2025-11-12T14:20:00+00:00,17.0,1.0,1.0,34.053
2025-11-12T14:25:00+00:00,17.0,1.0,1.0,34.021
2025-11-12T14:30:00+00:00,17.0,1.0,1.0,34.067
2025-11-12T14:35:00+00:00,17.0,1.0,1.0,34.1
2025-11-12T14:40:00+00:00,17.0,1.0,1.0,34.1
2025-11-12T14:45:00+00:00,17.0,1.0,1.0,34.086
2025-11-12T14:50:00+00:00,17.0,1.0,1.0,34.131
2025-11-12T14:55:00+00:00,17.0,1.0,1.0,34.133
2025-11-12T15:00:00+00:00,17.0,1.0,1.0,34.124
2025-11-12T15:05:00+00:00,17.0,1.0,1.0,34.084
2025-11-12T15:10:00+00:00,17.0,1.0,1.0,34.171
2025-11-12T15:15:00+00:00,17.0,1.0,1.0,34.2
2025-11-12T15:20:00+00:00,17.0,1.0,1.0,34.211
2025-11-12T15:25:00+00:00,17.0,1.0,1.0,34.251
2025-11-12T15:30:00+00:00,17.0,1.0,1.0,34.014
2025-11-12T15:35:00+00:00,17.0,1.0,1.0,33.731
2025-11-12T15:40:00+00:00,17.0,1.0,1.0,33.651
2025-11-12T15:45:00+00:00,17.0,1.0,1.0,33.602
2025-11-12T15:50:00+00:00,17.0,1.0,1.0,33.642
2025-11-12T15:55:00+00:00,17.0,1.0,1.0,33.652
2025-11-12T16:00:00+00:00,17.0,1.0,1.0,33.584
2025-11-12T16:05:00+00:00,17.0,1.0,1.0,33.626
2025-11-12T16:10:00+00:00,17.0,1.0,1.0,33.606
2025-11-12T16:15:00+00:00,17.0,1.0,1.0,33.568
2025-11-12T16:20:00+00:00,17.0,1.0,1.0,33.565
2025-11-12T16:25:00+00:00,17.0,1.0,1.0,33.507
2025-11-12T16:30:00+00:00,17.0,1.0,1.0,33.5
2025-11-12T16:35:00+00:00,17.0,1.0,1.0,33.5
2025-11-12T16:40:00+00:00,17.0,1.0,1.0,33.473
2025-11-12T16:45:00+00:00,17.0,1.0,1.0,33.4
2025-11-12T16:50:00+00:00,17.0,1.0,1.0,33.4
2025-11-12T16:55:00+00:00,17.0,1.0,1.0,33.4
2025-11-12T17:00:00+00:00,17.0,1.0,1.0,33.4
2025-11-12T17:05:00+00:00,17.0,1.0,1.0,33.4
2025-11-12T17:10:00+00:00,17.0,1.0,1.0,33.4
2025-11-12T17:15:00+00:00,17.0,1.0,1.0,33.36
2025-11-12T17:20:00+00:00,17.0,1.0,1.0,33.354
2025-11-12T17:25:00+00:00,17.0,1.0,1.0,33.771
2025-11-12T17:30:00+00:00,17.0,1.0,1.0,33.9
2025-11-12T17:35:00+00:00,17.0,1.0,1.0,33.931
2025-11-12T17:40:00+00:00,17.0,1.0,1.0,33.929
2025-11-12T17:45:00+00:00,17.0,1.0,1.0,33.928
2025-11-12T17:50:00+00:00,17.0,1.0,1.0,33.957
2025-11-12T17:55:00+00:00,17.0,1.0,1.0,34.024
2025-11-12T18:00:00+00:00,17.0,1.0,1.0,34.046
2025-11-12T18:05:00+00:00,17.0,1.0,1.0,34.0
2025-11-12T18:10:00+00:00,17.0,1.0,1.0,33.933
2025-11-12T18:15:00+00:00,17.0,1.0,1.0,33.916
2025-11-12T18:20:00+00:00,17.0,1.0,1.0,34.017
2025-11-12T18:25:00+00:00,17.0,1.0,1.0,34.06
2025-11-12T18:30:00+00:00,17.0,1.0,1.0,34.108
2025-11-12T18:35:00+00:00,17.0,1.0,1.0,34.125
2025-11-12T18:40:00+00:00,17.0,1.0,1.0,34.134
2025-11-12T18:45:00+00:00,17.0,1.0,1.0,34.166
2025-11-12T18:50:00+00:00,17.0,1.0,1.0,34.148
2025-11-12T18:55:00+00:00,17.0,1.0,1.0,34.059
2025-11-12T19:00:00+00:00,17.0,1.0,1.0,33.984
2025-11-12T19:05:00+00:00,17.0,1.0,1.0,33.971
2025-11-12T19:10:00+00:00,17.0,1.0,1.0,33.981
2025-11-12T19:15:00+00:00,17.0,1.0,1.0,34.066
2025-11-12T19:20:00+00:00,17.0,1.0,1.0,34.046
2025-11-12T19:25:00+00:00,17.0,1.0,1.0,34.033
2025-11-12T19:30:00+00:00,17.0,1.0,1.0,34.073
2025-11-12T19:35:00+00:00,17.0,1.0,1.0,34.084
2025-11-12T19:40:00+00:00,17.0,1.0,1.0,33.929
2025-11-12T19:45:00+00:00,17.0,1.0,1.0,33.888
2025-11-12T19:50:00+00:00,17.0,1.0,1.0,33.8
2025-11-12T19:55:00+00:00,17.0,1.0,1.0,33.802
2025-11-12T20:00:00+00:00,17.0,1.0,1.0,33.832
2025-11-12T20:05:00+00:00,17.0,1.0,1.0,33.851
2025-11-12T20:10:00+00:00,17.0,1.0,1.0,33.8
2025-11-12T20:15:00+00:00,17.0,1.0,1.0,33.8
2025-11-12T20:20:00+00:00,17.0,1.0,1.0,33.832
2025-11-12T20:25:00+00:00,17.0,1.0,1.0,33.882
2025-11-12T20:30:00+00:00,17.0,1.0,1.0,33.9
2025-11-12T20:35:00+00:00,17.0,1.0,1.0,33.879
2025-11-12T20:40:00+00:00,17.0,1.0,1.0,33.85
2025-11-12T20:45:00+00:00,17.0,1.0,1.0,33.9
2025-11-12T20:50:00+00:00,17.0,1.0,1.0,33.9
2025-11-12T20:55:00+00:00,17.0,1.0,1.0,33.906
2025-11-12T21:00:00+00:00,17.0,1.0,1.0,33.951
2025-11-12T21:05:00+00:00,17.0,1.0,1.0,33.91
2025-11-12T21:10:00+00:00,17.0,1.0,1.0,33.97
2025-11-12T21:15:00+00:00,17.0,1.0,1.0,33.991
2025-11-12T21:20:00+00:00,17.0,1.0,1.0,34.0
2025-11-12T21:25:00+00:00,17.0,1.0,1.0,34.025
2025-11-12T21:30:00+00:00,17.0,1.0,1.0,34.1
2025-11-12T21:35:00+00:00,17.0,1.0,1.0,34.1
2025-11-12T21:40:00+00:00,17.0,1.0,1.0,34.1
2025-11-12T21:45:00+00:00,17.0,1.0,1.0,34.152
2025-11-12T21:50:00+00:00,17.0,1.0,1.0,34.143
2025-11-12T21:55:00+00:00,17.0,1.0,1.0,33.997
2025-11-12T22:00:00+00:00,17.0,1.0,1.0,34.015
2025-11-12T22:05:00+00:00,17.0,1.0,1.0,34.037
2025-11-12T22:10:00+00:00,17.0,1.0,1.0,34.1
2025-11-12T22:15:00+00:00,17.0,1.0,1.0,34.115
2025-11-12T22:20:00+00:00,17.0,1.0,1.0,34.153
2025-11-12T22:25:00+00:00,17.0,1.0,1.0,34.131
2025-11-12T22:30:00+00:00,17.0,1.0,1.0,33.646
2025-11-12T22:35:00+00:00,17.0,1.0,1.0,33.467
2025-11-12T22:40:00+00:00,17.0,1.0,1.0,33.497
2025-11-12T22:45:00+00:00,17.0,1.0,1.0,33.561
2025-11-12T22:50:00+00:00,17.0,1.0,1.0,33.57
2025-11-12T22:55:00+00:00,17.0,1.0,1.0,33.6
2025-11-12T23:00:00+00:00,17.0,1.0,1.0,33.62
2025-11-12T23:05:00+00:00,17.0,1.0,1.0,33.787
2025-11-12T23:10:00+00:00,17.0,1.0,1.0,33.8
2025-11-12T23:15:00+00:00,17.0,1.0,1.0,33.614
2025-11-12T23:20:00+00:00,17.0,1.0,1.0,33.542
2025-11-12T23:25:00+00:00,17.0,1.0,1.0,33.566
2025-11-12T23:30:00+00:00,17.0,1.0,1.0,33.567
2025-11-12T23:35:00+00:00,17.0,1.0,1.0,33.42
2025-11-12T23:40:00+00:00,17.0,1.0,1.0,33.4
2025-11-12T23:45:00+00:00,17.0,1.0,1.0,33.521
2025-11-12T23:50:00+00:00,17.0,1.0,1.0,33.914
2025-11-12T23:55:00+00:00,17.0,1.0,1.0,34.001
2025-11-13T00:00:00+00:00,17.0,1.0,1.0,34.056
