ValueDate,MVA
2026-02-25T00:05:00+00:00,1.076
2026-02-25T00:10:00+00:00,1.101
2026-02-25T00:15:00+00:00,1.076
2026-02-25T00:20:00+00:00,1.052
2026-02-25T00:25:00+00:00,1.048
2026-02-25T00:30:00+00:00,1.029
2026-02-25T00:35:00+00:00,1.022
2026-02-25T00:40:00+00:00,1.006
2026-02-25T00:45:00+00:00,1.0
2026-02-25T00:50:00+00:00,1.0
2026-02-25T00:55:00+00:00,1.002
2026-02-25T01:00:00+00:00,1.024
2026-02-25T01:05:00+00:00,1.05
2026-02-25T01:10:00+00:00,1.051
2026-02-25T01:15:00+00:00,1.032
2026-02-25T01:20:00+00:00,1.038
2026-02-25T01:25:00+00:00,1.06
2026-02-25T01:30:00+00:00,1.056
2026-02-25T01:35:00+00:00,1.07
2026-02-25T01:40:00+00:00,1.058
2026-02-25T01:45:00+00:00,1.034
2026-02-25T01:50:00+00:00,1.035
2026-02-25T01:55:00+00:00,1.037
2026-02-25T02:00:00+00:00,1.06
2026-02-25T02:05:00+00:00,1.066
2026-02-25T02:10:00+00:00,1.078
2026-02-25T02:15:00+00:00,1.057
2026-02-25T02:20:00+00:00,1.058
2026-02-25T02:25:00+00:00,1.054
2026-02-25T02:30:00+00:00,1.042
2026-02-25T02:35:00+00:00,1.04
2026-02-25T02:40:00+00:00,1.038
2026-02-25T02:45:00+00:00,1.013
2026-02-25T02:50:00+00:00,1.026
2026-02-25T02:55:00+00:00,1.016
2026-02-25T03:00:00+00:00,1.018
2026-02-25T03:05:00+00:00,1.002
2026-02-25T03:10:00+00:00,1.001
2026-02-25T03:15:00+00:00,0.984
2026-02-25T03:20:00+00:00,0.973
2026-02-25T03:25:00+00:00,0.982
2026-02-25T03:30:00+00:00,0.975
2026-02-25T03:35:00+00:00,0.971
2026-02-25T03:40:00+00:00,0.942
2026-02-25T03:45:00+00:00,0.93
2026-02-25T03:50:00+00:00,0.918
2026-02-25T03:55:00+00:00,0.906
2026-02-25T04:00:00+00:00,0.902
2026-02-25T04:05:00+00:00,0.932
2026-02-25T04:10:00+00:00,0.908
2026-02-25T04:15:00+00:00,0.916
2026-02-25T04:20:00+00:00,0.942
2026-02-25T04:25:00+00:00,0.944
2026-02-25T04:30:00+00:00,0.906
2026-02-25T04:35:00+00:00,0.932
2026-02-25T04:40:00+00:00,0.955
2026-02-25T04:45:00+00:00,0.925
2026-02-25T04:50:00+00:00,0.916
2026-02-25T04:55:00+00:00,0.876
2026-02-25T05:00:00+00:00,0.861
2026-02-25T05:05:00+00:00,0.846
2026-02-25T05:10:00+00:00,0.831
2026-02-25T05:15:00+00:00,0.816
2026-02-25T05:20:00+00:00,0.847
2026-02-25T05:25:00+00:00,0.841
2026-02-25T05:30:00+00:00,0.844
2026-02-25T05:35:00+00:00,0.846
2026-02-25T05:40:00+00:00,0.876
2026-02-25T05:45:00+00:00,0.921
2026-02-25T05:50:00+00:00,0.97
2026-02-25T05:55:00+00:00,0.984
2026-02-25T06:00:00+00:00,1.018
2026-02-25T06:05:00+00:00,1.036
2026-02-25T06:10:00+00:00,1.086
2026-02-25T06:15:00+00:00,1.102
2026-02-25T06:20:00+00:00,1.132
2026-02-25T06:25:00+00:00,1.127
2026-02-25T06:30:00+00:00,1.132
2026-02-25T06:35:00+00:00,1.142
2026-02-25T06:40:00+00:00,1.15
2026-02-25T06:45:00+00:00,1.21
2026-02-25T06:50:00+00:00,1.22
2026-02-25T06:55:00+00:00,1.202
2026-02-25T07:00:00+00:00,1.233
2026-02-25T07:05:00+00:00,1.288
2026-02-25T07:10:00+00:00,1.311
2026-02-25T07:15:00+00:00,1.374
2026-02-25T07:20:00+00:00,1.392
2026-02-25T07:25:00+00:00,1.324
2026-02-25T07:30:00+00:00,1.288
2026-02-25T07:35:00+00:00,1.299
2026-02-25T07:40:00+00:00,1.317
2026-02-25T07:45:00+00:00,1.306
2026-02-25T07:50:00+00:00,1.286
2026-02-25T07:55:00+00:00,1.282
2026-02-25T08:00:00+00:00,1.329
2026-02-25T08:05:00+00:00,1.347
2026-02-25T08:10:00+00:00,1.319
2026-02-25T08:15:00+00:00,1.386
2026-02-25T08:20:00+00:00,1.362
2026-02-25T08:25:00+00:00,1.272
2026-02-25T08:30:00+00:00,1.296
2026-02-25T08:35:00+00:00,1.3
2026-02-25T08:40:00+00:00,1.289
2026-02-25T08:45:00+00:00,1.29
2026-02-25T08:50:00+00:00,1.292
2026-02-25T08:55:00+00:00,1.264
2026-02-25T09:00:00+00:00,1.274
2026-02-25T09:05:00+00:00,1.215
2026-02-25T09:10:00+00:00,1.232
2026-02-25T09:15:00+00:00,1.304
2026-02-25T09:20:00+00:00,1.292
2026-02-25T09:25:00+00:00,1.264
2026-02-25T09:30:00+00:00,1.294
2026-02-25T09:35:00+00:00,1.292
2026-02-25T09:40:00+00:00,1.296
2026-02-25T09:45:00+00:00,1.287
2026-02-25T09:50:00+00:00,1.211
2026-02-25T09:55:00+00:00,1.244
2026-02-25T10:00:00+00:00,1.216
2026-02-25T10:05:00+00:00,1.207
2026-02-25T10:10:00+00:00,1.203
2026-02-25T10:15:00+00:00,1.221
2026-02-25T10:20:00+00:00,1.179
2026-02-25T10:25:00+00:00,1.151
2026-02-25T10:30:00+00:00,1.138
2026-02-25T10:35:00+00:00,1.126
2026-02-25T10:40:00+00:00,1.111
2026-02-25T10:45:00+00:00,1.098
2026-02-25T10:50:00+00:00,1.11
2026-02-25T10:55:00+00:00,1.072
2026-02-25T11:00:00+00:00,1.069
2026-02-25T11:05:00+00:00,1.124
2026-02-25T11:10:00+00:00,1.14
2026-02-25T11:15:00+00:00,1.131
2026-02-25T11:20:00+00:00,1.104
2026-02-25T11:25:00+00:00,1.005
2026-02-25T11:30:00+00:00,0.929
2026-02-25T11:35:00+00:00,0.93
2026-02-25T11:40:00+00:00,1.034
2026-02-25T11:45:00+00:00,1.042
2026-02-25T11:50:00+00:00,1.094
2026-02-25T11:55:00+00:00,1.076
2026-02-25T12:00:00+00:00,1.086
2026-02-25T12:05:00+00:00,1.1
2026-02-25T12:10:00+00:00,1.06
2026-02-25T12:15:00+00:00,1.015
2026-02-25T12:20:00+00:00,1.096
2026-02-25T12:25:00+00:00,0.964
2026-02-25T12:30:00+00:00,0.993
2026-02-25T12:35:00+00:00,1.078
2026-02-25T12:40:00+00:00,1.134
2026-02-25T12:45:00+00:00,1.118
2026-02-25T12:50:00+00:00,1.138
2026-02-25T12:55:00+00:00,1.132
2026-02-25T13:00:00+00:00,1.203
2026-02-25T13:05:00+00:00,1.216
2026-02-25T13:10:00+00:00,1.174
2026-02-25T13:15:00+00:00,1.118
2026-02-25T13:20:00+00:00,1.15
2026-02-25T13:25:00+00:00,1.198
2026-02-25T13:30:00+00:00,1.177
2026-02-25T13:35:00+00:00,1.132
2026-02-25T13:40:00+00:00,1.094
2026-02-25T13:45:00+00:00,1.02
2026-02-25T13:50:00+00:00,1.001
2026-02-25T13:55:00+00:00,0.978
2026-02-25T14:00:00+00:00,0.931
2026-02-25T14:05:00+00:00,0.929
2026-02-25T14:10:00+00:00,1.041
2026-02-25T14:15:00+00:00,1.247
2026-02-25T14:20:00+00:00,1.222
2026-02-25T14:25:00+00:00,1.207
2026-02-25T14:30:00+00:00,1.24
2026-02-25T14:35:00+00:00,1.256
2026-02-25T14:40:00+00:00,1.31
2026-02-25T14:45:00+00:00,1.305
2026-02-25T14:50:00+00:00,1.328
2026-02-25T14:55:00+00:00,1.347
2026-02-25T15:00:00+00:00,1.327
2026-02-25T15:05:00+00:00,1.41
2026-02-25T15:10:00+00:00,1.407
2026-02-25T15:15:00+00:00,1.458
2026-02-25T15:20:00+00:00,1.442
2026-02-25T15:25:00+00:00,1.085
2026-02-25T15:30:00+00:00,1.049
2026-02-25T15:35:00+00:00,1.108
2026-02-25T15:40:00+00:00,1.203
2026-02-25T15:45:00+00:00,1.259
2026-02-25T15:50:00+00:00,1.316
2026-02-25T15:55:00+00:00,1.376
2026-02-25T16:00:00+00:00,1.377
2026-02-25T16:05:00+00:00,1.376
2026-02-25T16:10:00+00:00,1.372
2026-02-25T16:15:00+00:00,1.394
2026-02-25T16:20:00+00:00,1.389
2026-02-25T16:25:00+00:00,1.394
2026-02-25T16:30:00+00:00,1.467
2026-02-25T16:35:00+00:00,1.443
2026-02-25T16:40:00+00:00,1.528
2026-02-25T16:45:00+00:00,1.538
2026-02-25T16:50:00+00:00,1.527
2026-02-25T16:55:00+00:00,1.532
2026-02-25T17:00:00+00:00,1.598
2026-02-25T17:05:00+00:00,1.688
2026-02-25T17:10:00+00:00,1.722
2026-02-25T17:15:00+00:00,1.739
2026-02-25T17:20:00+00:00,1.727
2026-02-25T17:25:00+00:00,1.736
2026-02-25T17:30:00+00:00,1.82
2026-02-25T17:35:00+00:00,1.95
2026-02-25T17:40:00+00:00,2.023
2026-02-25T17:45:00+00:00,2.032
2026-02-25T17:50:00+00:00,2.09
2026-02-25T17:55:00+00:00,2.106
2026-02-25T18:00:00+00:00,2.17
2026-02-25T18:05:00+00:00,2.17
2026-02-25T18:10:00+00:00,2.166
2026-02-25T18:15:00+00:00,2.098
2026-02-25T18:20:00+00:00,2.122
2026-02-25T18:25:00+00:00,2.111
2026-02-25T18:30:00+00:00,2.045
2026-02-25T18:35:00+00:00,2.063
2026-02-25T18:40:00+00:00,2.078
2026-02-25T18:45:00+00:00,2.057
2026-02-25T18:50:00+00:00,2.045
2026-02-25T18:55:00+00:00,2.03
2026-02-25T19:00:00+00:00,2.006
2026-02-25T19:05:00+00:00,2.003
2026-02-25T19:10:00+00:00,2.024
2026-02-25T19:15:00+00:00,2.022
2026-02-25T19:20:00+00:00,2.026
2026-02-25T19:25:00+00:00,2.008
2026-02-25T19:30:00+00:00,1.977
2026-02-25T19:35:00+00:00,1.928
2026-02-25T19:40:00+00:00,1.934
2026-02-25T19:45:00+00:00,1.943
2026-02-25T19:50:00+00:00,1.915
2026-02-25T19:55:00+00:00,1.88
2026-02-25T20:00:00+00:00,1.894
2026-02-25T20:05:00+00:00,1.902
2026-02-25T20:10:00+00:00,1.888
2026-02-25T20:15:00+00:00,1.8
2026-02-25T20:20:00+00:00,1.814
2026-02-25T20:25:00+00:00,1.814
2026-02-25T20:30:00+00:00,1.82
2026-02-25T20:35:00+00:00,1.818
2026-02-25T20:40:00+00:00,1.754
2026-02-25T20:45:00+00:00,1.719
2026-02-25T20:50:00+00:00,1.732
2026-02-25T20:55:00+00:00,1.735
2026-02-25T21:00:00+00:00,1.688
2026-02-25T21:05:00+00:00,1.67
2026-02-25T21:10:00+00:00,1.664
2026-02-25T21:15:00+00:00,1.646
2026-02-25T21:20:00+00:00,1.653
2026-02-25T21:25:00+00:00,1.646
2026-02-25T21:30:00+00:00,1.636
2026-02-25T21:35:00+00:00,1.665
2026-02-25T21:40:00+00:00,1.619
2026-02-25T21:45:00+00:00,1.592
2026-02-25T21:50:00+00:00,1.59
2026-02-25T21:55:00+00:00,1.62
2026-02-25T22:00:00+00:00,1.63
2026-02-25T22:05:00+00:00,1.572
2026-02-25T22:10:00+00:00,1.512
2026-02-25T22:15:00+00:00,1.501
2026-02-25T22:20:00+00:00,1.492
2026-02-25T22:25:00+00:00,1.452
2026-02-25T22:30:00+00:00,1.436
2026-02-25T22:35:00+00:00,1.426
2026-02-25T22:40:00+00:00,1.413
2026-02-25T22:45:00+00:00,1.406
2026-02-25T22:50:00+00:00,1.406
2026-02-25T22:55:00+00:00,1.389
2026-02-25T23:00:00+00:00,1.357
2026-02-25T23:05:00+00:00,1.344
2026-02-25T23:10:00+00:00,1.326
2026-02-25T23:15:00+00:00,1.321
2026-02-25T23:20:00+00:00,1.332
2026-02-25T23:25:00+00:00,1.322
2026-02-25T23:30:00+00:00,1.319
2026-02-25T23:35:00+00:00,1.331
2026-02-25T23:40:00+00:00,1.336
2026-02-25T23:45:00+00:00,1.343
2026-02-25T23:50:00+00:00,1.334
2026-02-25T23:55:00+00:00,1.344
2026-02-26T00:00:00+00:00,1.343
2026-02-26T00:05:00+00:00,1.374
2026-02-26T00:10:00+00:00,1.394
2026-02-26T00:15:00+00:00,1.375
2026-02-26T00:20:00+00:00,1.377
2026-02-26T00:25:00+00:00,1.356
2026-02-26T00:30:00+00:00,1.37
2026-02-26T00:35:00+00:00,1.371
2026-02-26T00:40:00+00:00,1.387
2026-02-26T00:45:00+00:00,1.356
2026-02-26T00:50:00+00:00,1.354
2026-02-26T00:55:00+00:00,1.374
2026-02-26T01:00:00+00:00,1.394
2026-02-26T01:05:00+00:00,1.392
2026-02-26T01:10:00+00:00,1.374
2026-02-26T01:15:00+00:00,1.364
2026-02-26T01:20:00+00:00,1.372
2026-02-26T01:25:00+00:00,1.362
2026-02-26T01:30:00+00:00,1.376
2026-02-26T01:35:00+00:00,1.37
2026-02-26T01:40:00+00:00,1.386
2026-02-26T01:45:00+00:00,1.342
2026-02-26T01:50:00+00:00,1.328
2026-02-26T01:55:00+00:00,1.317
2026-02-26T02:00:00+00:00,1.348
2026-02-26T02:05:00+00:00,1.386
2026-02-26T02:10:00+00:00,1.392
2026-02-26T02:15:00+00:00,1.368
2026-02-26T02:20:00+00:00,1.384
2026-02-26T02:25:00+00:00,1.38
2026-02-26T02:30:00+00:00,1.366
2026-02-26T02:35:00+00:00,1.36
2026-02-26T02:40:00+00:00,1.368
2026-02-26T02:45:00+00:00,1.378
2026-02-26T02:50:00+00:00,1.374
2026-02-26T02:55:00+00:00,1.336
2026-02-26T03:00:00+00:00,1.34
2026-02-26T03:05:00+00:00,1.348
2026-02-26T03:10:00+00:00,1.344
2026-02-26T03:15:00+00:00,1.308
2026-02-26T03:20:00+00:00,1.296
2026-02-26T03:25:00+00:00,1.284
2026-02-26T03:30:00+00:00,1.274
2026-02-26T03:35:00+00:00,1.261
2026-02-26T03:40:00+00:00,1.276
2026-02-26T03:45:00+00:00,1.289
2026-02-26T03:50:00+00:00,1.302
2026-02-26T03:55:00+00:00,1.276
2026-02-26T04:00:00+00:00,1.252
2026-02-26T04:05:00+00:00,1.259
2026-02-26T04:10:00+00:00,1.265
2026-02-26T04:15:00+00:00,1.256
2026-02-26T04:20:00+00:00,1.251
2026-02-26T04:25:00+00:00,1.233
2026-02-26T04:30:00+00:00,1.238
2026-02-26T04:35:00+00:00,1.226
2026-02-26T04:40:00+00:00,1.224
2026-02-26T04:45:00+00:00,1.22
2026-02-26T04:50:00+00:00,1.223
2026-02-26T04:55:00+00:00,1.211
2026-02-26T05:00:00+00:00,1.196
2026-02-26T05:05:00+00:00,1.199
2026-02-26T05:10:00+00:00,1.202
2026-02-26T05:15:00+00:00,1.204
2026-02-26T05:20:00+00:00,1.207
2026-02-26T05:25:00+00:00,1.21
2026-02-26T05:30:00+00:00,1.21
2026-02-26T05:35:00+00:00,1.196
2026-02-26T05:40:00+00:00,1.242
2026-02-26T05:45:00+00:00,1.249
2026-02-26T05:50:00+00:00,1.274
2026-02-26T05:55:00+00:00,1.31
2026-02-26T06:00:00+00:00,1.299
2026-02-26T06:05:00+00:00,1.126
2026-02-26T06:10:00+00:00,0.962
2026-02-26T06:15:00+00:00,0.965
2026-02-26T06:20:00+00:00,1.022
2026-02-26T06:25:00+00:00,1.058
2026-02-26T06:30:00+00:00,1.062
2026-02-26T06:35:00+00:00,1.074
2026-02-26T06:40:00+00:00,1.076
2026-02-26T06:45:00+00:00,1.124
2026-02-26T06:50:00+00:00,1.149
2026-02-26T06:55:00+00:00,1.118
2026-02-26T07:00:00+00:00,1.129
2026-02-26T07:05:00+00:00,1.206
2026-02-26T07:10:00+00:00,1.25
2026-02-26T07:15:00+00:00,1.262
2026-02-26T07:20:00+00:00,1.294
2026-02-26T07:25:00+00:00,1.296
2026-02-26T07:30:00+00:00,1.338
2026-02-26T07:35:00+00:00,1.384
2026-02-26T07:40:00+00:00,1.374
2026-02-26T07:45:00+00:00,1.359
2026-02-26T07:50:00+00:00,1.368
2026-02-26T07:55:00+00:00,1.39
2026-02-26T08:00:00+00:00,1.338
2026-02-26T08:05:00+00:00,1.366
2026-02-26T08:10:00+00:00,1.364
2026-02-26T08:15:00+00:00,1.376
2026-02-26T08:20:00+00:00,1.388
2026-02-26T08:25:00+00:00,1.36
2026-02-26T08:30:00+00:00,1.374
2026-02-26T08:35:00+00:00,1.411
2026-02-26T08:40:00+00:00,1.412
2026-02-26T08:45:00+00:00,1.406
2026-02-26T08:50:00+00:00,1.378
2026-02-26T08:55:00+00:00,1.421
2026-02-26T09:00:00+00:00,1.418
2026-02-26T09:05:00+00:00,1.434
2026-02-26T09:10:00+00:00,1.36
2026-02-26T09:15:00+00:00,1.338
2026-02-26T09:20:00+00:00,1.297
2026-02-26T09:25:00+00:00,1.316
2026-02-26T09:30:00+00:00,1.367
2026-02-26T09:35:00+00:00,1.417
2026-02-26T09:40:00+00:00,1.457
2026-02-26T09:45:00+00:00,1.457
2026-02-26T09:50:00+00:00,1.446
2026-02-26T09:55:00+00:00,1.449
2026-02-26T10:00:00+00:00,1.494
2026-02-26T10:05:00+00:00,1.413
2026-02-26T10:10:00+00:00,1.416
2026-02-26T10:15:00+00:00,1.404
2026-02-26T10:20:00+00:00,1.407
2026-02-26T10:25:00+00:00,1.423
2026-02-26T10:30:00+00:00,1.41
2026-02-26T10:35:00+00:00,1.348
2026-02-26T10:40:00+00:00,1.327
2026-02-26T10:45:00+00:00,1.388
2026-02-26T10:50:00+00:00,1.356
2026-02-26T10:55:00+00:00,1.404
2026-02-26T11:00:00+00:00,1.356
2026-02-26T11:05:00+00:00,1.356
2026-02-26T11:10:00+00:00,1.418
2026-02-26T11:15:00+00:00,1.413
2026-02-26T11:20:00+00:00,1.376
2026-02-26T11:25:00+00:00,1.387
2026-02-26T11:30:00+00:00,1.416
2026-02-26T11:35:00+00:00,1.412
2026-02-26T11:40:00+00:00,1.408
2026-02-26T11:45:00+00:00,1.44
2026-02-26T11:50:00+00:00,1.491
2026-02-26T11:55:00+00:00,1.5
2026-02-26T12:00:00+00:00,1.447
2026-02-26T12:05:00+00:00,1.43
2026-02-26T12:10:00+00:00,1.454
2026-02-26T12:15:00+00:00,1.454
2026-02-26T12:20:00+00:00,1.418
2026-02-26T12:25:00+00:00,1.424
2026-02-26T12:30:00+00:00,1.417
2026-02-26T12:35:00+00:00,1.408
2026-02-26T12:40:00+00:00,1.416
2026-02-26T12:45:00+00:00,1.361
2026-02-26T12:50:00+00:00,1.39
2026-02-26T12:55:00+00:00,1.409
2026-02-26T13:00:00+00:00,1.417
2026-02-26T13:05:00+00:00,1.421
2026-02-26T13:10:00+00:00,1.42
2026-02-26T13:15:00+00:00,1.42
2026-02-26T13:20:00+00:00,1.404
2026-02-26T13:25:00+00:00,1.398
2026-02-26T13:30:00+00:00,1.43
2026-02-26T13:35:00+00:00,1.502
2026-02-26T13:40:00+00:00,1.446
2026-02-26T13:45:00+00:00,1.406
2026-02-26T13:50:00+00:00,1.405
2026-02-26T13:55:00+00:00,1.408
2026-02-26T14:00:00+00:00,1.376
2026-02-26T14:05:00+00:00,1.37
2026-02-26T14:10:00+00:00,1.372
2026-02-26T14:15:00+00:00,1.366
2026-02-26T14:20:00+00:00,1.372
2026-02-26T14:25:00+00:00,1.363
2026-02-26T14:30:00+00:00,1.376
2026-02-26T14:35:00+00:00,1.389
2026-02-26T14:40:00+00:00,1.363
2026-02-26T14:45:00+00:00,1.378
2026-02-26T14:50:00+00:00,1.371
2026-02-26T14:55:00+00:00,1.372
2026-02-26T15:00:00+00:00,1.372
2026-02-26T15:05:00+00:00,1.373
2026-02-26T15:10:00+00:00,1.37
2026-02-26T15:15:00+00:00,1.326
2026-02-26T15:20:00+00:00,1.382
2026-02-26T15:25:00+00:00,1.377
2026-02-26T15:30:00+00:00,1.364
2026-02-26T15:35:00+00:00,1.38
2026-02-26T15:40:00+00:00,1.398
2026-02-26T15:45:00+00:00,1.461
2026-02-26T15:50:00+00:00,1.452
2026-02-26T15:55:00+00:00,1.457
2026-02-26T16:00:00+00:00,1.472
2026-02-26T16:05:00+00:00,1.536
2026-02-26T16:10:00+00:00,1.6
2026-02-26T16:15:00+00:00,1.614
2026-02-26T16:20:00+00:00,1.63
2026-02-26T16:25:00+00:00,1.701
2026-02-26T16:30:00+00:00,1.69
2026-02-26T16:35:00+00:00,1.692
2026-02-26T16:40:00+00:00,1.739
2026-02-26T16:45:00+00:00,1.734
2026-02-26T16:50:00+00:00,1.739
2026-02-26T16:55:00+00:00,1.732
2026-02-26T17:00:00+00:00,1.751
2026-02-26T17:05:00+00:00,1.87
2026-02-26T17:10:00+00:00,1.898
2026-02-26T17:15:00+00:00,1.908
2026-02-26T17:20:00+00:00,1.964
2026-02-26T17:25:00+00:00,1.966
2026-02-26T17:30:00+00:00,2.014
2026-02-26T17:35:00+00:00,2.06
2026-02-26T17:40:00+00:00,2.06
2026-02-26T17:45:00+00:00,2.074
2026-02-26T17:50:00+00:00,2.054
2026-02-26T17:55:00+00:00,2.027
2026-02-26T18:00:00+00:00,1.98
2026-02-26T18:05:00+00:00,1.986
2026-02-26T18:10:00+00:00,2.032
2026-02-26T18:15:00+00:00,2.06
2026-02-26T18:20:00+00:00,2.055
2026-02-26T18:25:00+00:00,1.997
2026-02-26T18:30:00+00:00,1.98
2026-02-26T18:35:00+00:00,1.969
2026-02-26T18:40:00+00:00,1.916
2026-02-26T18:45:00+00:00,1.978
2026-02-26T18:50:00+00:00,1.982
2026-02-26T18:55:00+00:00,1.914
2026-02-26T19:00:00+00:00,1.947
2026-02-26T19:05:00+00:00,1.982
2026-02-26T19:10:00+00:00,1.94
2026-02-26T19:15:00+00:00,1.932
2026-02-26T19:20:00+00:00,1.914
2026-02-26T19:25:00+00:00,1.934
2026-02-26T19:30:00+00:00,1.908
2026-02-26T19:35:00+00:00,1.89
2026-02-26T19:40:00+00:00,1.861
2026-02-26T19:45:00+00:00,1.795
2026-02-26T19:50:00+00:00,1.764
2026-02-26T19:55:00+00:00,1.775
2026-02-26T20:00:00+00:00,1.834
2026-02-26T20:05:00+00:00,1.81
2026-02-26T20:10:00+00:00,1.765
2026-02-26T20:15:00+00:00,1.724
2026-02-26T20:20:00+00:00,1.732
2026-02-26T20:25:00+00:00,1.648
2026-02-26T20:30:00+00:00,1.612
2026-02-26T20:35:00+00:00,1.582
2026-02-26T20:40:00+00:00,1.551
2026-02-26T20:45:00+00:00,1.579
2026-02-26T20:50:00+00:00,1.588
2026-02-26T20:55:00+00:00,1.556
2026-02-26T21:00:00+00:00,1.583
2026-02-26T21:05:00+00:00,1.561
2026-02-26T21:10:00+00:00,1.527
2026-02-26T21:15:00+00:00,1.505
2026-02-26T21:20:00+00:00,1.522
2026-02-26T21:25:00+00:00,1.553
2026-02-26T21:30:00+00:00,1.537
2026-02-26T21:35:00+00:00,1.456
2026-02-26T21:40:00+00:00,1.443
2026-02-26T21:45:00+00:00,1.396
2026-02-26T21:50:00+00:00,1.374
2026-02-26T21:55:00+00:00,1.36
2026-02-26T22:00:00+00:00,1.365
2026-02-26T22:05:00+00:00,1.342
2026-02-26T22:10:00+00:00,1.293
2026-02-26T22:15:00+00:00,1.267
2026-02-26T22:20:00+00:00,1.252
2026-02-26T22:25:00+00:00,1.222
2026-02-26T22:30:00+00:00,1.218
2026-02-26T22:35:00+00:00,1.208
2026-02-26T22:40:00+00:00,1.172
2026-02-26T22:45:00+00:00,1.168
2026-02-26T22:50:00+00:00,1.156
2026-02-26T22:55:00+00:00,1.144
2026-02-26T23:00:00+00:00,1.134
2026-02-26T23:05:00+00:00,1.131
2026-02-26T23:10:00+00:00,1.086
2026-02-26T23:15:00+00:00,1.076
2026-02-26T23:20:00+00:00,1.094
2026-02-26T23:25:00+00:00,1.086
2026-02-26T23:30:00+00:00,1.104
2026-02-26T23:35:00+00:00,1.076
2026-02-26T23:40:00+00:00,1.048
2026-02-26T23:45:00+00:00,1.044
2026-02-26T23:50:00+00:00,1.037
2026-02-26T23:55:00+00:00,1.06
2026-02-27T00:00:00+00:00,1.038
2026-02-27T00:05:00+00:00,1.107
2026-02-27T00:10:00+00:00,1.148
2026-02-27T00:15:00+00:00,1.136
2026-02-27T00:20:00+00:00,1.037
2026-02-27T00:25:00+00:00,1.045
2026-02-27T00:30:00+00:00,1.063
2026-02-27T00:35:00+00:00,1.084
2026-02-27T00:40:00+00:00,1.068
2026-02-27T00:45:00+00:00,1.054
2026-02-27T00:50:00+00:00,1.039
2026-02-27T00:55:00+00:00,1.033
2026-02-27T01:00:00+00:00,1.04
2026-02-27T01:05:00+00:00,1.022
2026-02-27T01:10:00+00:00,1.012
2026-02-27T01:15:00+00:00,1.024
2026-02-27T01:20:00+00:00,1.004
2026-02-27T01:25:00+00:00,0.997
2026-02-27T01:30:00+00:00,0.988
2026-02-27T01:35:00+00:00,0.999
2026-02-27T01:40:00+00:00,1.0
2026-02-27T01:45:00+00:00,1.012
2026-02-27T01:50:00+00:00,1.014
2026-02-27T01:55:00+00:00,1.023
2026-02-27T02:00:00+00:00,1.024
2026-02-27T02:05:00+00:00,1.072
2026-02-27T02:10:00+00:00,1.092
2026-02-27T02:15:00+00:00,1.088
2026-02-27T02:20:00+00:00,1.083
2026-02-27T02:25:00+00:00,1.078
2026-02-27T02:30:00+00:00,1.1
2026-02-27T02:35:00+00:00,1.123
2026-02-27T02:40:00+00:00,1.164
2026-02-27T02:45:00+00:00,1.148
2026-02-27T02:50:00+00:00,1.166
2026-02-27T02:55:00+00:00,1.182
2026-02-27T03:00:00+00:00,1.2
2026-02-27T03:05:00+00:00,1.158
2026-02-27T03:10:00+00:00,1.104
2026-02-27T03:15:00+00:00,1.088
2026-02-27T03:20:00+00:00,1.08
2026-02-27T03:25:00+00:00,1.064
2026-02-27T03:30:00+00:00,1.053
2026-02-27T03:35:00+00:00,1.04
2026-02-27T03:40:00+00:00,1.026
2026-02-27T03:45:00+00:00,1.034
2026-02-27T03:50:00+00:00,1.045
2026-02-27T03:55:00+00:00,1.045
2026-02-27T04:00:00+00:00,1.05
2026-02-27T04:05:00+00:00,1.058
2026-02-27T04:10:00+00:00,1.061
2026-02-27T04:15:00+00:00,1.062
2026-02-27T04:20:00+00:00,1.056
2026-02-27T04:25:00+00:00,1.024
2026-02-27T04:30:00+00:00,0.991
2026-02-27T04:35:00+00:00,0.972
2026-02-27T04:40:00+00:00,0.966
2026-02-27T04:45:00+00:00,0.966
2026-02-27T04:50:00+00:00,0.966
2026-02-27T04:55:00+00:00,0.952
2026-02-27T05:00:00+00:00,0.951
2026-02-27T05:05:00+00:00,0.975
2026-02-27T05:10:00+00:00,0.997
2026-02-27T05:15:00+00:00,1.004
2026-02-27T05:20:00+00:00,1.038
2026-02-27T05:25:00+00:00,1.05
2026-02-27T05:30:00+00:00,1.011
2026-02-27T05:35:00+00:00,1.019
2026-02-27T05:40:00+00:00,1.061
2026-02-27T05:45:00+00:00,1.067
2026-02-27T05:50:00+00:00,1.074
2026-02-27T05:55:00+00:00,1.051
2026-02-27T06:00:00+00:00,1.098
2026-02-27T06:05:00+00:00,1.112
2026-02-27T06:10:00+00:00,1.116
2026-02-27T06:15:00+00:00,1.128
2026-02-27T06:20:00+00:00,1.132
2026-02-27T06:25:00+00:00,1.088
2026-02-27T06:30:00+00:00,1.094
2026-02-27T06:35:00+00:00,1.154
2026-02-27T06:40:00+00:00,1.195
2026-02-27T06:45:00+00:00,1.159
2026-02-27T06:50:00+00:00,1.206
2026-02-27T06:55:00+00:00,1.24
2026-02-27T07:00:00+00:00,1.297
2026-02-27T07:05:00+00:00,1.334
2026-02-27T07:10:00+00:00,1.372
2026-02-27T07:15:00+00:00,1.354
2026-02-27T07:20:00+00:00,1.324
2026-02-27T07:25:00+00:00,1.369
2026-02-27T07:30:00+00:00,1.408
2026-02-27T07:35:00+00:00,1.444
2026-02-27T07:40:00+00:00,1.462
2026-02-27T07:45:00+00:00,1.426
2026-02-27T07:50:00+00:00,1.413
2026-02-27T07:55:00+00:00,1.414
2026-02-27T08:00:00+00:00,1.418
2026-02-27T08:05:00+00:00,1.404
2026-02-27T08:10:00+00:00,1.372
2026-02-27T08:15:00+00:00,1.375
2026-02-27T08:20:00+00:00,1.431
2026-02-27T08:25:00+00:00,1.411
2026-02-27T08:30:00+00:00,1.389
2026-02-27T08:35:00+00:00,1.406
2026-02-27T08:40:00+00:00,1.42
2026-02-27T08:45:00+00:00,1.402
2026-02-27T08:50:00+00:00,1.416
2026-02-27T08:55:00+00:00,1.406
2026-02-27T09:00:00+00:00,1.418
2026-02-27T09:05:00+00:00,1.468
2026-02-27T09:10:00+00:00,1.444
2026-02-27T09:15:00+00:00,1.5
2026-02-27T09:20:00+00:00,1.492
2026-02-27T09:25:00+00:00,1.48
2026-02-27T09:30:00+00:00,1.452
2026-02-27T09:35:00+00:00,1.434
2026-02-27T09:40:00+00:00,1.443
2026-02-27T09:45:00+00:00,1.465
2026-02-27T09:50:00+00:00,1.505
2026-02-27T09:55:00+00:00,1.498
2026-02-27T10:00:00+00:00,1.484
2026-02-27T10:05:00+00:00,1.466
2026-02-27T10:10:00+00:00,1.46
2026-02-27T10:15:00+00:00,1.456
2026-02-27T10:20:00+00:00,1.456
2026-02-27T10:25:00+00:00,1.502
2026-02-27T10:30:00+00:00,1.43
2026-02-27T10:35:00+00:00,1.424
2026-02-27T10:40:00+00:00,1.399
2026-02-27T10:45:00+00:00,1.41
2026-02-27T10:50:00+00:00,1.469
2026-02-27T10:55:00+00:00,1.482
2026-02-27T11:00:00+00:00,1.412
2026-02-27T11:05:00+00:00,1.422
2026-02-27T11:10:00+00:00,1.497
2026-02-27T11:15:00+00:00,1.467
2026-02-27T11:20:00+00:00,1.437
2026-02-27T11:25:00+00:00,1.398
2026-02-27T11:30:00+00:00,1.407
2026-02-27T11:35:00+00:00,1.424
2026-02-27T11:40:00+00:00,1.439
2026-02-27T11:45:00+00:00,1.495
2026-02-27T11:50:00+00:00,1.498
2026-02-27T11:55:00+00:00,1.491
2026-02-27T12:00:00+00:00,1.413
2026-02-27T12:05:00+00:00,1.412
2026-02-27T12:10:00+00:00,1.408
2026-02-27T12:15:00+00:00,1.418
2026-02-27T12:20:00+00:00,1.459
2026-02-27T12:25:00+00:00,1.445
2026-02-27T12:30:00+00:00,1.478
2026-02-27T12:35:00+00:00,1.438
2026-02-27T12:40:00+00:00,1.45
2026-02-27T12:45:00+00:00,1.472
2026-02-27T12:50:00+00:00,1.4
2026-02-27T12:55:00+00:00,1.414
2026-02-27T13:00:00+00:00,1.378
2026-02-27T13:05:00+00:00,1.455
2026-02-27T13:10:00+00:00,1.454
2026-02-27T13:15:00+00:00,1.45
2026-02-27T13:20:00+00:00,1.398
2026-02-27T13:25:00+00:00,1.45
2026-02-27T13:30:00+00:00,1.465
2026-02-27T13:35:00+00:00,1.457
2026-02-27T13:40:00+00:00,1.454
2026-02-27T13:45:00+00:00,1.453
2026-02-27T13:50:00+00:00,1.432
2026-02-27T13:55:00+00:00,1.404
2026-02-27T14:00:00+00:00,1.465
2026-02-27T14:05:00+00:00,1.639
2026-02-27T14:10:00+00:00,1.714
2026-02-27T14:15:00+00:00,1.7
2026-02-27T14:20:00+00:00,1.72
2026-02-27T14:25:00+00:00,1.739
2026-02-27T14:30:00+00:00,1.668
2026-02-27T14:35:00+00:00,1.652
2026-02-27T14:40:00+00:00,1.684
2026-02-27T14:45:00+00:00,1.696
2026-02-27T14:50:00+00:00,1.681
2026-02-27T14:55:00+00:00,1.685
2026-02-27T15:00:00+00:00,1.676
2026-02-27T15:05:00+00:00,1.62
2026-02-27T15:10:00+00:00,1.61
2026-02-27T15:15:00+00:00,1.581
2026-02-27T15:20:00+00:00,1.619
2026-02-27T15:25:00+00:00,1.667
2026-02-27T15:30:00+00:00,1.669
2026-02-27T15:35:00+00:00,1.743
2026-02-27T15:40:00+00:00,1.768
2026-02-27T15:45:00+00:00,1.721
2026-02-27T15:50:00+00:00,1.749
2026-02-27T15:55:00+00:00,1.766
2026-02-27T16:00:00+00:00,1.792
2026-02-27T16:05:00+00:00,1.805
2026-02-27T16:10:00+00:00,1.82
2026-02-27T16:15:00+00:00,1.814
2026-02-27T16:20:00+00:00,1.809
2026-02-27T16:25:00+00:00,1.826
2026-02-27T16:30:00+00:00,1.842
2026-02-27T16:35:00+00:00,1.86
2026-02-27T16:40:00+00:00,1.872
2026-02-27T16:45:00+00:00,1.946
2026-02-27T16:50:00+00:00,1.934
2026-02-27T16:55:00+00:00,1.9
2026-02-27T17:00:00+00:00,1.952
2026-02-27T17:05:00+00:00,2.018
2026-02-27T17:10:00+00:00,2.078
2026-02-27T17:15:00+00:00,2.101
2026-02-27T17:20:00+00:00,2.053
2026-02-27T17:25:00+00:00,2.062
2026-02-27T17:30:00+00:00,2.104
2026-02-27T17:35:00+00:00,2.109
2026-02-27T17:40:00+00:00,2.136
2026-02-27T17:45:00+00:00,2.119
2026-02-27T17:50:00+00:00,2.136
2026-02-27T17:55:00+00:00,2.125
2026-02-27T18:00:00+00:00,2.14
2026-02-27T18:05:00+00:00,2.138
2026-02-27T18:10:00+00:00,2.139
2026-02-27T18:15:00+00:00,2.14
2026-02-27T18:20:00+00:00,2.116
2026-02-27T18:25:00+00:00,2.138
2026-02-27T18:30:00+00:00,2.158
2026-02-27T18:35:00+00:00,2.138
2026-02-27T18:40:00+00:00,2.15
2026-02-27T18:45:00+00:00,2.177
2026-02-27T18:50:00+00:00,2.109
2026-02-27T18:55:00+00:00,2.164
2026-02-27T19:00:00+00:00,2.082
2026-02-27T19:05:00+00:00,2.053
2026-02-27T19:10:00+00:00,2.056
2026-02-27T19:15:00+00:00,2.057
2026-02-27T19:20:00+00:00,2.051
2026-02-27T19:25:00+00:00,2.07
2026-02-27T19:30:00+00:00,2.022
2026-02-27T19:35:00+00:00,1.998
2026-02-27T19:40:00+00:00,1.998
2026-02-27T19:45:00+00:00,1.938
2026-02-27T19:50:00+00:00,1.923
2026-02-27T19:55:00+00:00,1.934
2026-02-27T20:00:00+00:00,1.95
2026-02-27T20:05:00+00:00,1.923
2026-02-27T20:10:00+00:00,1.936
2026-02-27T20:15:00+00:00,1.874
2026-02-27T20:20:00+00:00,1.853
2026-02-27T20:25:00+00:00,1.869
2026-02-27T20:30:00+00:00,1.888
2026-02-27T20:35:00+00:00,1.844
2026-02-27T20:40:00+00:00,1.821
2026-02-27T20:45:00+00:00,1.806
2026-02-27T20:50:00+00:00,1.822
2026-02-27T20:55:00+00:00,1.776
2026-02-27T21:00:00+00:00,1.74
2026-02-27T21:05:00+00:00,1.729
2026-02-27T21:10:00+00:00,1.729
2026-02-27T21:15:00+00:00,1.97
2026-02-27T21:20:00+00:00,2.068
2026-02-27T21:25:00+00:00,2.075
2026-02-27T21:30:00+00:00,2.056
2026-02-27T21:35:00+00:00,2.026
2026-02-27T21:40:00+00:00,2.009
2026-02-27T21:45:00+00:00,1.99
2026-02-27T21:50:00+00:00,1.998
2026-02-27T21:55:00+00:00,2.029
2026-02-27T22:00:00+00:00,2.026
2026-02-27T22:05:00+00:00,2.006
2026-02-27T22:10:00+00:00,1.961
2026-02-27T22:15:00+00:00,1.97
2026-02-27T22:20:00+00:00,1.966
2026-02-27T22:25:00+00:00,1.983
2026-02-27T22:30:00+00:00,1.953
2026-02-27T22:35:00+00:00,1.912
2026-02-27T22:40:00+00:00,1.89
2026-02-27T22:45:00+00:00,1.868
2026-02-27T22:50:00+00:00,1.898
2026-02-27T22:55:00+00:00,1.9
2026-02-27T23:00:00+00:00,1.87
2026-02-27T23:05:00+00:00,1.868
2026-02-27T23:10:00+00:00,1.835
2026-02-27T23:15:00+00:00,1.836
2026-02-27T23:20:00+00:00,1.852
2026-02-27T23:25:00+00:00,1.852
2026-02-27T23:30:00+00:00,1.84
2026-02-27T23:35:00+00:00,1.804
2026-02-27T23:40:00+00:00,1.795
2026-02-27T23:45:00+00:00,1.8
2026-02-27T23:50:00+00:00,1.815
2026-02-27T23:55:00+00:00,1.825
2026-02-28T00:00:00+00:00,1.834
2026-02-28T00:05:00+00:00,1.844
2026-02-28T00:10:00+00:00,1.829
2026-02-28T00:15:00+00:00,1.842
2026-02-28T00:20:00+00:00,1.854
2026-02-28T00:25:00+00:00,1.867
2026-02-28T00:30:00+00:00,1.88
2026-02-28T00:35:00+00:00,1.87
2026-02-28T00:40:00+00:00,1.856
2026-02-28T00:45:00+00:00,1.844
2026-02-28T00:50:00+00:00,1.875
2026-02-28T00:55:00+00:00,1.846
2026-02-28T01:00:00+00:00,1.867
2026-02-28T01:05:00+00:00,1.856
2026-02-28T01:10:00+00:00,1.858
2026-02-28T01:15:00+00:00,1.844
2026-02-28T01:20:00+00:00,1.855
2026-02-28T01:25:00+00:00,1.86
2026-02-28T01:30:00+00:00,1.858
2026-02-28T01:35:00+00:00,1.868
2026-02-28T01:40:00+00:00,1.842
2026-02-28T01:45:00+00:00,1.852
2026-02-28T01:50:00+00:00,1.83
2026-02-28T01:55:00+00:00,1.85
2026-02-28T02:00:00+00:00,1.87
2026-02-28T02:05:00+00:00,1.865
2026-02-28T02:10:00+00:00,1.854
2026-02-28T02:15:00+00:00,1.853
2026-02-28T02:20:00+00:00,1.866
2026-02-28T02:25:00+00:00,1.861
2026-02-28T02:30:00+00:00,1.856
2026-02-28T02:35:00+00:00,1.862
2026-02-28T02:40:00+00:00,1.856
2026-02-28T02:45:00+00:00,1.856
2026-02-28T02:50:00+00:00,1.854
2026-02-28T02:55:00+00:00,1.862
2026-02-28T03:00:00+00:00,1.844
2026-02-28T03:05:00+00:00,1.842
2026-02-28T03:10:00+00:00,1.842
2026-02-28T03:15:00+00:00,1.85
2026-02-28T03:20:00+00:00,1.872
2026-02-28T03:25:00+00:00,1.872
2026-02-28T03:30:00+00:00,1.848
2026-02-28T03:35:00+00:00,1.804
2026-02-28T03:40:00+00:00,1.786
2026-02-28T03:45:00+00:00,1.774
2026-02-28T03:50:00+00:00,1.789
2026-02-28T03:55:00+00:00,1.771
2026-02-28T04:00:00+00:00,1.773
2026-02-28T04:05:00+00:00,1.772
2026-02-28T04:10:00+00:00,1.764
2026-02-28T04:15:00+00:00,1.736
2026-02-28T04:20:00+00:00,1.721
2026-02-28T04:25:00+00:00,1.706
2026-02-28T04:30:00+00:00,1.731
2026-02-28T04:35:00+00:00,1.748
2026-02-28T04:40:00+00:00,1.712
2026-02-28T04:45:00+00:00,1.698
2026-02-28T04:50:00+00:00,1.704
2026-02-28T04:55:00+00:00,1.698
2026-02-28T05:00:00+00:00,1.69
2026-02-28T05:05:00+00:00,1.701
2026-02-28T05:10:00+00:00,1.699
2026-02-28T05:15:00+00:00,1.67
2026-02-28T05:20:00+00:00,1.672
2026-02-28T05:25:00+00:00,1.674
2026-02-28T05:30:00+00:00,1.676
2026-02-28T05:35:00+00:00,1.696
2026-02-28T05:40:00+00:00,1.727
2026-02-28T05:45:00+00:00,1.736
2026-02-28T05:50:00+00:00,1.728
2026-02-28T05:55:00+00:00,1.748
2026-02-28T06:00:00+00:00,1.756
2026-02-28T06:05:00+00:00,1.764
2026-02-28T06:10:00+00:00,1.772
2026-02-28T06:15:00+00:00,1.78
2026-02-28T06:20:00+00:00,1.788
2026-02-28T06:25:00+00:00,1.795
2026-02-28T06:30:00+00:00,1.803
2026-02-28T06:35:00+00:00,1.81
2026-02-28T06:40:00+00:00,1.777
2026-02-28T06:45:00+00:00,1.772
2026-02-28T06:50:00+00:00,1.783
2026-02-28T06:55:00+00:00,1.818
2026-02-28T07:00:00+00:00,1.808
2026-02-28T07:05:00+00:00,1.826
2026-02-28T07:10:00+00:00,1.816
2026-02-28T07:15:00+00:00,1.842
2026-02-28T07:20:00+00:00,1.888
2026-02-28T07:25:00+00:00,1.892
2026-02-28T07:30:00+00:00,1.89
2026-02-28T07:35:00+00:00,1.91
2026-02-28T07:40:00+00:00,1.922
2026-02-28T07:45:00+00:00,1.9
2026-02-28T07:50:00+00:00,1.872
2026-02-28T07:55:00+00:00,1.853
2026-02-28T08:00:00+00:00,1.8
2026-02-28T08:05:00+00:00,1.61
2026-02-28T08:10:00+00:00,1.592
2026-02-28T08:15:00+00:00,1.57
2026-02-28T08:20:00+00:00,1.576
2026-02-28T08:25:00+00:00,1.562
2026-02-28T08:30:00+00:00,1.566
2026-02-28T08:35:00+00:00,1.564
2026-02-28T08:40:00+00:00,1.623
2026-02-28T08:45:00+00:00,1.661
2026-02-28T08:50:00+00:00,1.662
2026-02-28T08:55:00+00:00,1.68
2026-02-28T09:00:00+00:00,1.687
2026-02-28T09:05:00+00:00,1.674
2026-02-28T09:10:00+00:00,1.652
2026-02-28T09:15:00+00:00,1.596
2026-02-28T09:20:00+00:00,1.482
2026-02-28T09:25:00+00:00,1.474
2026-02-28T09:30:00+00:00,1.452
2026-02-28T09:35:00+00:00,1.442
2026-02-28T09:40:00+00:00,1.45
2026-02-28T09:45:00+00:00,1.454
2026-02-28T09:50:00+00:00,1.505
2026-02-28T09:55:00+00:00,1.509
2026-02-28T10:00:00+00:00,1.536
2026-02-28T10:05:00+00:00,1.537
2026-02-28T10:10:00+00:00,1.514
2026-02-28T10:15:00+00:00,1.538
2026-02-28T10:20:00+00:00,1.538
2026-02-28T10:25:00+00:00,1.508
2026-02-28T10:30:00+00:00,1.539
2026-02-28T10:35:00+00:00,1.511
2026-02-28T10:40:00+00:00,1.497
2026-02-28T10:45:00+00:00,1.454
2026-02-28T10:50:00+00:00,1.424
2026-02-28T10:55:00+00:00,1.452
2026-02-28T11:00:00+00:00,1.454
2026-02-28T11:05:00+00:00,1.42
2026-02-28T11:10:00+00:00,1.394
2026-02-28T11:15:00+00:00,1.457
2026-02-28T11:20:00+00:00,1.417
2026-02-28T11:25:00+00:00,1.372
2026-02-28T11:30:00+00:00,1.373
2026-02-28T11:35:00+00:00,1.323
2026-02-28T11:40:00+00:00,1.326
2026-02-28T11:45:00+00:00,1.304
2026-02-28T11:50:00+00:00,1.253
2026-02-28T11:55:00+00:00,1.188
2026-02-28T12:00:00+00:00,1.182
2026-02-28T12:05:00+00:00,1.281
2026-02-28T12:10:00+00:00,1.382
2026-02-28T12:15:00+00:00,1.461
2026-02-28T12:20:00+00:00,1.45
2026-02-28T12:25:00+00:00,1.456
2026-02-28T12:30:00+00:00,1.442
2026-02-28T12:35:00+00:00,1.375
2026-02-28T12:40:00+00:00,1.47
2026-02-28T12:45:00+00:00,1.495
2026-02-28T12:50:00+00:00,1.519
2026-02-28T12:55:00+00:00,1.538
2026-02-28T13:00:00+00:00,1.554
2026-02-28T13:05:00+00:00,1.614
2026-02-28T13:10:00+00:00,1.613
2026-02-28T13:15:00+00:00,1.616
2026-02-28T13:20:00+00:00,1.644
2026-02-28T13:25:00+00:00,1.634
2026-02-28T13:30:00+00:00,1.618
2026-02-28T13:35:00+00:00,1.532
2026-02-28T13:40:00+00:00,1.456
2026-02-28T13:45:00+00:00,1.448
2026-02-28T13:50:00+00:00,1.449
2026-02-28T13:55:00+00:00,1.391
2026-02-28T14:00:00+00:00,1.366
2026-02-28T14:05:00+00:00,1.666
2026-02-28T14:10:00+00:00,1.646
2026-02-28T14:15:00+00:00,1.572
2026-02-28T14:20:00+00:00,1.532
2026-02-28T14:25:00+00:00,1.577
2026-02-28T14:30:00+00:00,1.576
2026-02-28T14:35:00+00:00,1.57
2026-02-28T14:40:00+00:00,1.57
2026-02-28T14:45:00+00:00,1.584
2026-02-28T14:50:00+00:00,1.576
2026-02-28T14:55:00+00:00,1.558
2026-02-28T15:00:00+00:00,1.592
2026-02-28T15:05:00+00:00,1.562
2026-02-28T15:10:00+00:00,1.616
2026-02-28T15:15:00+00:00,1.61
2026-02-28T15:20:00+00:00,1.627
2026-02-28T15:25:00+00:00,1.635
2026-02-28T15:30:00+00:00,1.624
2026-02-28T15:35:00+00:00,1.592
2026-02-28T15:40:00+00:00,1.562
2026-02-28T15:45:00+00:00,1.604
2026-02-28T15:50:00+00:00,1.66
2026-02-28T15:55:00+00:00,1.718
2026-02-28T16:00:00+00:00,1.708
2026-02-28T16:05:00+00:00,1.738
2026-02-28T16:10:00+00:00,1.732
2026-02-28T16:15:00+00:00,1.654
2026-02-28T16:20:00+00:00,1.652
2026-02-28T16:25:00+00:00,1.716
2026-02-28T16:30:00+00:00,1.74
2026-02-28T16:35:00+00:00,1.736
2026-02-28T16:40:00+00:00,1.789
2026-02-28T16:45:00+00:00,1.812
2026-02-28T16:50:00+00:00,1.858
2026-02-28T16:55:00+00:00,1.907
2026-02-28T17:00:00+00:00,1.898
2026-02-28T17:05:00+00:00,1.946
2026-02-28T17:10:00+00:00,1.971
2026-02-28T17:15:00+00:00,2.001
2026-02-28T17:20:00+00:00,1.902
2026-02-28T17:25:00+00:00,1.872
2026-02-28T17:30:00+00:00,1.901
2026-02-28T17:35:00+00:00,1.87
2026-02-28T17:40:00+00:00,1.855
2026-02-28T17:45:00+00:00,1.878
2026-02-28T17:50:00+00:00,1.978
2026-02-28T17:55:00+00:00,1.97
2026-02-28T18:00:00+00:00,1.968
2026-02-28T18:05:00+00:00,2.01
2026-02-28T18:10:00+00:00,2.031
2026-02-28T18:15:00+00:00,2.061
2026-02-28T18:20:00+00:00,2.019
2026-02-28T18:25:00+00:00,2.024
2026-02-28T18:30:00+00:00,2.058
2026-02-28T18:35:00+00:00,2.037
2026-02-28T18:40:00+00:00,2.033
2026-02-28T18:45:00+00:00,2.021
2026-02-28T18:50:00+00:00,1.966
2026-02-28T18:55:00+00:00,1.937
2026-02-28T19:00:00+00:00,1.918
2026-02-28T19:05:00+00:00,1.888
2026-02-28T19:10:00+00:00,1.901
2026-02-28T19:15:00+00:00,1.867
2026-02-28T19:20:00+00:00,1.862
2026-02-28T19:25:00+00:00,1.93
2026-02-28T19:30:00+00:00,1.868
2026-02-28T19:35:00+00:00,1.794
2026-02-28T19:40:00+00:00,1.769
2026-02-28T19:45:00+00:00,1.76
2026-02-28T19:50:00+00:00,1.71
2026-02-28T19:55:00+00:00,1.689
2026-02-28T20:00:00+00:00,1.708
2026-02-28T20:05:00+00:00,1.717
2026-02-28T20:10:00+00:00,1.686
2026-02-28T20:15:00+00:00,1.733
2026-02-28T20:20:00+00:00,1.833
2026-02-28T20:25:00+00:00,1.932
2026-02-28T20:30:00+00:00,1.872
2026-02-28T20:35:00+00:00,1.864
2026-02-28T20:40:00+00:00,1.854
2026-02-28T20:45:00+00:00,1.813
2026-02-28T20:50:00+00:00,1.8
2026-02-28T20:55:00+00:00,1.793
2026-02-28T21:00:00+00:00,1.816
2026-02-28T21:05:00+00:00,1.797
2026-02-28T21:10:00+00:00,1.826
2026-02-28T21:15:00+00:00,1.827
2026-02-28T21:20:00+00:00,1.774
2026-02-28T21:25:00+00:00,1.743
2026-02-28T21:30:00+00:00,1.736
2026-02-28T21:35:00+00:00,1.729
2026-02-28T21:40:00+00:00,1.706
2026-02-28T21:45:00+00:00,1.674
2026-02-28T21:50:00+00:00,1.688
2026-02-28T21:55:00+00:00,1.68
2026-02-28T22:00:00+00:00,1.668
2026-02-28T22:05:00+00:00,1.632
2026-02-28T22:10:00+00:00,1.616
2026-02-28T22:15:00+00:00,1.603
2026-02-28T22:20:00+00:00,1.626
2026-02-28T22:25:00+00:00,1.628
2026-02-28T22:30:00+00:00,1.586
2026-02-28T22:35:00+00:00,1.61
2026-02-28T22:40:00+00:00,1.63
2026-02-28T22:45:00+00:00,1.597
2026-02-28T22:50:00+00:00,1.568
2026-02-28T22:55:00+00:00,1.577
2026-02-28T23:00:00+00:00,1.572
2026-02-28T23:05:00+00:00,1.551
2026-02-28T23:10:00+00:00,1.522
2026-02-28T23:15:00+00:00,1.478
2026-02-28T23:20:00+00:00,1.491
2026-02-28T23:25:00+00:00,1.475
2026-02-28T23:30:00+00:00,1.431
2026-02-28T23:35:00+00:00,1.452
2026-02-28T23:40:00+00:00,1.442
2026-02-28T23:45:00+00:00,1.435
2026-02-28T23:50:00+00:00,1.438
2026-02-28T23:55:00+00:00,1.452
2026-03-01T00:00:00+00:00,1.469
2026-03-01T00:05:00+00:00,1.48
2026-03-01T00:10:00+00:00,1.478
2026-03-01T00:15:00+00:00,1.475
2026-03-01T00:20:00+00:00,1.449
2026-03-01T00:25:00+00:00,1.45
2026-03-01T00:30:00+00:00,1.436
2026-03-01T00:35:00+00:00,1.431
2026-03-01T00:40:00+00:00,1.425
2026-03-01T00:45:00+00:00,1.408
2026-03-01T00:50:00+00:00,1.412
2026-03-01T00:55:00+00:00,1.402
2026-03-01T01:00:00+00:00,1.394
2026-03-01T01:05:00+00:00,1.439
2026-03-01T01:10:00+00:00,1.422
2026-03-01T01:15:00+00:00,1.399
2026-03-01T01:20:00+00:00,1.405
2026-03-01T01:25:00+00:00,1.392
2026-03-01T01:30:00+00:00,1.427
2026-03-01T01:35:00+00:00,1.404
2026-03-01T01:40:00+00:00,1.4
2026-03-01T01:45:00+00:00,1.396
2026-03-01T01:50:00+00:00,1.416
2026-03-01T01:55:00+00:00,1.424
2026-03-01T02:00:00+00:00,1.43
2026-03-01T02:05:00+00:00,1.396
2026-03-01T02:10:00+00:00,1.35
2026-03-01T02:15:00+00:00,1.316
2026-03-01T02:20:00+00:00,1.296
2026-03-01T02:25:00+00:00,1.253
2026-03-01T02:30:00+00:00,1.229
2026-03-01T02:35:00+00:00,1.173
2026-03-01T02:40:00+00:00,1.098
2026-03-01T02:45:00+00:00,1.086
2026-03-01T02:50:00+00:00,1.044
2026-03-01T02:55:00+00:00,1.046
2026-03-01T03:00:00+00:00,1.032
2026-03-01T03:05:00+00:00,1.07
2026-03-01T03:10:00+00:00,1.062
2026-03-01T03:15:00+00:00,1.031
2026-03-01T03:20:00+00:00,1.051
2026-03-01T03:25:00+00:00,1.059
2026-03-01T03:30:00+00:00,1.045
2026-03-01T03:35:00+00:00,1.023
2026-03-01T03:40:00+00:00,0.998
2026-03-01T03:45:00+00:00,0.982
2026-03-01T03:50:00+00:00,0.993
2026-03-01T03:55:00+00:00,1.008
2026-03-01T04:00:00+00:00,1.008
2026-03-01T04:05:00+00:00,1.02
2026-03-01T04:10:00+00:00,1.017
2026-03-01T04:15:00+00:00,1.019
2026-03-01T04:20:00+00:00,1.033
2026-03-01T04:25:00+00:00,0.98
2026-03-01T04:30:00+00:00,0.972
2026-03-01T04:35:00+00:00,0.97
2026-03-01T04:40:00+00:00,0.964
2026-03-01T04:45:00+00:00,0.958
2026-03-01T04:50:00+00:00,0.941
2026-03-01T04:55:00+00:00,0.972
2026-03-01T05:00:00+00:00,0.976
2026-03-01T05:05:00+00:00,0.968
2026-03-01T05:10:00+00:00,0.936
2026-03-01T05:15:00+00:00,0.917
2026-03-01T05:20:00+00:00,0.928
2026-03-01T05:25:00+00:00,0.925
2026-03-01T05:30:00+00:00,0.918
2026-03-01T05:35:00+00:00,0.916
2026-03-01T05:40:00+00:00,0.93
2026-03-01T05:45:00+00:00,0.937
2026-03-01T05:50:00+00:00,0.944
2026-03-01T05:55:00+00:00,0.922
2026-03-01T06:00:00+00:00,0.926
2026-03-01T06:05:00+00:00,0.978
2026-03-01T06:10:00+00:00,1.018
2026-03-01T06:15:00+00:00,1.034
2026-03-01T06:20:00+00:00,1.039
2026-03-01T06:25:00+00:00,1.068
2026-03-01T06:30:00+00:00,1.095
2026-03-01T06:35:00+00:00,1.118
2026-03-01T06:40:00+00:00,1.071
2026-03-01T06:45:00+00:00,1.082
2026-03-01T06:50:00+00:00,1.108
2026-03-01T06:55:00+00:00,1.1
2026-03-01T07:00:00+00:00,1.09
2026-03-01T07:05:00+00:00,1.117
2026-03-01T07:10:00+00:00,1.126
2026-03-01T07:15:00+00:00,1.174
2026-03-01T07:20:00+00:00,1.186
2026-03-01T07:25:00+00:00,1.171
2026-03-01T07:30:00+00:00,1.204
2026-03-01T07:35:00+00:00,1.221
2026-03-01T07:40:00+00:00,1.224
2026-03-01T07:45:00+00:00,1.208
2026-03-01T07:50:00+00:00,1.272
2026-03-01T07:55:00+00:00,1.296
2026-03-01T08:00:00+00:00,1.281
2026-03-01T08:05:00+00:00,1.316
2026-03-01T08:10:00+00:00,1.368
2026-03-01T08:15:00+00:00,1.382
2026-03-01T08:20:00+00:00,1.305
2026-03-01T08:25:00+00:00,1.313
2026-03-01T08:30:00+00:00,1.372
2026-03-01T08:35:00+00:00,1.398
2026-03-01T08:40:00+00:00,1.358
2026-03-01T08:45:00+00:00,1.374
2026-03-01T08:50:00+00:00,1.378
2026-03-01T08:55:00+00:00,1.367
2026-03-01T09:00:00+00:00,1.35
2026-03-01T09:05:00+00:00,1.334
2026-03-01T09:10:00+00:00,1.336
2026-03-01T09:15:00+00:00,1.369
2026-03-01T09:20:00+00:00,1.358
2026-03-01T09:25:00+00:00,1.316
2026-03-01T09:30:00+00:00,1.358
2026-03-01T09:35:00+00:00,1.31
2026-03-01T09:40:00+00:00,1.387
2026-03-01T09:45:00+00:00,1.367
2026-03-01T09:50:00+00:00,1.34
2026-03-01T09:55:00+00:00,1.356
2026-03-01T10:00:00+00:00,1.293
2026-03-01T10:05:00+00:00,1.292
2026-03-01T10:10:00+00:00,1.288
2026-03-01T10:15:00+00:00,1.288
2026-03-01T10:20:00+00:00,1.262
2026-03-01T10:25:00+00:00,1.198
2026-03-01T10:30:00+00:00,1.172
2026-03-01T10:35:00+00:00,1.211
2026-03-01T10:40:00+00:00,1.216
2026-03-01T10:45:00+00:00,1.215
2026-03-01T10:50:00+00:00,1.186
2026-03-01T10:55:00+00:00,1.235
2026-03-01T11:00:00+00:00,1.191
2026-03-01T11:05:00+00:00,1.222
2026-03-01T11:10:00+00:00,1.356
2026-03-01T11:15:00+00:00,1.339
2026-03-01T11:20:00+00:00,1.272
2026-03-01T11:25:00+00:00,1.305
2026-03-01T11:30:00+00:00,1.304
2026-03-01T11:35:00+00:00,1.207
2026-03-01T11:40:00+00:00,1.178
2026-03-01T11:45:00+00:00,1.222
2026-03-01T11:50:00+00:00,1.294
2026-03-01T11:55:00+00:00,1.392
2026-03-01T12:00:00+00:00,1.518
2026-03-01T12:05:00+00:00,1.592
2026-03-01T12:10:00+00:00,1.616
2026-03-01T12:15:00+00:00,1.636
2026-03-01T12:20:00+00:00,1.66
2026-03-01T12:25:00+00:00,1.692
2026-03-01T12:30:00+00:00,1.631
2026-03-01T12:35:00+00:00,1.622
2026-03-01T12:40:00+00:00,1.616
2026-03-01T12:45:00+00:00,1.663
2026-03-01T12:50:00+00:00,1.701
2026-03-01T12:55:00+00:00,1.657
2026-03-01T13:00:00+00:00,1.712
2026-03-01T13:05:00+00:00,1.709
2026-03-01T13:10:00+00:00,1.654
2026-03-01T13:15:00+00:00,1.69
2026-03-01T13:20:00+00:00,1.684
2026-03-01T13:25:00+00:00,1.684
2026-03-01T13:30:00+00:00,1.702
2026-03-01T13:35:00+00:00,1.692
2026-03-01T13:40:00+00:00,1.694
2026-03-01T13:45:00+00:00,1.662
2026-03-01T13:50:00+00:00,1.659
2026-03-01T13:55:00+00:00,1.621
2026-03-01T14:00:00+00:00,1.596
2026-03-01T14:05:00+00:00,1.608
2026-03-01T14:10:00+00:00,1.634
2026-03-01T14:15:00+00:00,1.594
2026-03-01T14:20:00+00:00,1.525
2026-03-01T14:25:00+00:00,1.34
2026-03-01T14:30:00+00:00,1.296
2026-03-01T14:35:00+00:00,1.336
2026-03-01T14:40:00+00:00,1.461
2026-03-01T14:45:00+00:00,1.506
2026-03-01T14:50:00+00:00,1.535
2026-03-01T14:55:00+00:00,1.546
2026-03-01T15:00:00+00:00,1.529
2026-03-01T15:05:00+00:00,1.536
2026-03-01T15:10:00+00:00,1.49
2026-03-01T15:15:00+00:00,1.372
2026-03-01T15:20:00+00:00,1.392
2026-03-01T15:25:00+00:00,1.455
2026-03-01T15:30:00+00:00,1.554
2026-03-01T15:35:00+00:00,1.55
2026-03-01T15:40:00+00:00,1.552
2026-03-01T15:45:00+00:00,1.618
2026-03-01T15:50:00+00:00,1.622
2026-03-01T15:55:00+00:00,1.69
2026-03-01T16:00:00+00:00,1.695
2026-03-01T16:05:00+00:00,1.721
2026-03-01T16:10:00+00:00,1.728
2026-03-01T16:15:00+00:00,1.722
2026-03-01T16:20:00+00:00,1.724
2026-03-01T16:25:00+00:00,1.792
2026-03-01T16:30:00+00:00,1.854
2026-03-01T16:35:00+00:00,1.902
2026-03-01T16:40:00+00:00,1.878
2026-03-01T16:45:00+00:00,1.852
2026-03-01T16:50:00+00:00,1.888
2026-03-01T16:55:00+00:00,1.911
2026-03-01T17:00:00+00:00,1.918
2026-03-01T17:05:00+00:00,1.968
2026-03-01T17:10:00+00:00,2.007
2026-03-01T17:15:00+00:00,2.054
2026-03-01T17:20:00+00:00,2.035
2026-03-01T17:25:00+00:00,2.039
2026-03-01T17:30:00+00:00,2.014
2026-03-01T17:35:00+00:00,2.059
2026-03-01T17:40:00+00:00,2.056
2026-03-01T17:45:00+00:00,2.056
2026-03-01T17:50:00+00:00,2.06
2026-03-01T17:55:00+00:00,2.034
2026-03-01T18:00:00+00:00,2.01
2026-03-01T18:05:00+00:00,2.018
2026-03-01T18:10:00+00:00,2.06
2026-03-01T18:15:00+00:00,2.059
2026-03-01T18:20:00+00:00,2.054
2026-03-01T18:25:00+00:00,2.134
2026-03-01T18:30:00+00:00,2.078
2026-03-01T18:35:00+00:00,2.136
2026-03-01T18:40:00+00:00,2.141
2026-03-01T18:45:00+00:00,2.138
2026-03-01T18:50:00+00:00,2.104
2026-03-01T18:55:00+00:00,2.045
2026-03-01T19:00:00+00:00,1.984
2026-03-01T19:05:00+00:00,1.932
2026-03-01T19:10:00+00:00,1.896
2026-03-01T19:15:00+00:00,1.896
2026-03-01T19:20:00+00:00,1.93
2026-03-01T19:25:00+00:00,1.94
2026-03-01T19:30:00+00:00,1.896
2026-03-01T19:35:00+00:00,1.883
2026-03-01T19:40:00+00:00,1.896
2026-03-01T19:45:00+00:00,1.84
2026-03-01T19:50:00+00:00,1.804
2026-03-01T19:55:00+00:00,1.806
2026-03-01T20:00:00+00:00,1.742
2026-03-01T20:05:00+00:00,1.712
2026-03-01T20:10:00+00:00,1.702
2026-03-01T20:15:00+00:00,1.717
2026-03-01T20:20:00+00:00,1.644
2026-03-01T20:25:00+00:00,1.576
2026-03-01T20:30:00+00:00,1.566
2026-03-01T20:35:00+00:00,1.584
2026-03-01T20:40:00+00:00,1.58
2026-03-01T20:45:00+00:00,1.553
2026-03-01T20:50:00+00:00,1.542
2026-03-01T20:55:00+00:00,1.534
2026-03-01T21:00:00+00:00,1.522
2026-03-01T21:05:00+00:00,1.522
2026-03-01T21:10:00+00:00,1.499
2026-03-01T21:15:00+00:00,1.498
2026-03-01T21:20:00+00:00,1.504
2026-03-01T21:25:00+00:00,1.422
2026-03-01T21:30:00+00:00,1.416
2026-03-01T21:35:00+00:00,1.39
2026-03-01T21:40:00+00:00,1.369
2026-03-01T21:45:00+00:00,1.369
2026-03-01T21:50:00+00:00,1.355
2026-03-01T21:55:00+00:00,1.386
2026-03-01T22:00:00+00:00,1.372
2026-03-01T22:05:00+00:00,1.293
2026-03-01T22:10:00+00:00,1.289
2026-03-01T22:15:00+00:00,1.26
2026-03-01T22:20:00+00:00,1.256
2026-03-01T22:25:00+00:00,1.204
2026-03-01T22:30:00+00:00,1.183
2026-03-01T22:35:00+00:00,1.154
2026-03-01T22:40:00+00:00,1.118
2026-03-01T22:45:00+00:00,1.102
2026-03-01T22:50:00+00:00,1.143
2026-03-01T22:55:00+00:00,1.125
2026-03-01T23:00:00+00:00,1.136
2026-03-01T23:05:00+00:00,1.136
2026-03-01T23:10:00+00:00,1.09
2026-03-01T23:15:00+00:00,1.041
2026-03-01T23:20:00+00:00,1.008
2026-03-01T23:25:00+00:00,0.987
2026-03-01T23:30:00+00:00,0.968
2026-03-01T23:35:00+00:00,0.955
2026-03-01T23:40:00+00:00,0.963
2026-03-01T23:45:00+00:00,0.942
2026-03-01T23:50:00+00:00,0.979
2026-03-01T23:55:00+00:00,0.955
2026-03-02T00:00:00+00:00,0.979
2026-03-02T00:05:00+00:00,1.047
2026-03-02T00:10:00+00:00,1.064
2026-03-02T00:15:00+00:00,1.069
2026-03-02T00:20:00+00:00,1.045
2026-03-02T00:25:00+00:00,1.022
2026-03-02T00:30:00+00:00,1.078
2026-03-02T00:35:00+00:00,1.06
2026-03-02T00:40:00+00:00,1.038
2026-03-02T00:45:00+00:00,1.025
2026-03-02T00:50:00+00:00,1.064
2026-03-02T00:55:00+00:00,1.032
2026-03-02T01:00:00+00:00,1.064
2026-03-02T01:05:00+00:00,1.068
2026-03-02T01:10:00+00:00,1.042
2026-03-02T01:15:00+00:00,1.05
2026-03-02T01:20:00+00:00,1.027
2026-03-02T01:25:00+00:00,1.042
2026-03-02T01:30:00+00:00,1.054
2026-03-02T01:35:00+00:00,1.066
2026-03-02T01:40:00+00:00,1.055
2026-03-02T01:45:00+00:00,1.049
2026-03-02T01:50:00+00:00,1.026
2026-03-02T01:55:00+00:00,1.037
2026-03-02T02:00:00+00:00,1.04
2026-03-02T02:05:00+00:00,1.06
2026-03-02T02:10:00+00:00,1.072
2026-03-02T02:15:00+00:00,1.04
2026-03-02T02:20:00+00:00,1.061
2026-03-02T02:25:00+00:00,1.042
2026-03-02T02:30:00+00:00,1.041
2026-03-02T02:35:00+00:00,1.066
2026-03-02T02:40:00+00:00,1.043
2026-03-02T02:45:00+00:00,1.05
2026-03-02T02:50:00+00:00,1.002
2026-03-02T02:55:00+00:00,0.984
2026-03-02T03:00:00+00:00,0.966
2026-03-02T03:05:00+00:00,0.955
2026-03-02T03:10:00+00:00,0.964
2026-03-02T03:15:00+00:00,0.943
2026-03-02T03:20:00+00:00,0.961
2026-03-02T03:25:00+00:00,0.982
2026-03-02T03:30:00+00:00,0.982
2026-03-02T03:35:00+00:00,0.954
2026-03-02T03:40:00+00:00,0.958
2026-03-02T03:45:00+00:00,0.98
2026-03-02T03:50:00+00:00,0.939
2026-03-02T03:55:00+00:00,0.959
2026-03-02T04:00:00+00:00,0.972
2026-03-02T04:05:00+00:00,0.974
2026-03-02T04:10:00+00:00,0.971
2026-03-02T04:15:00+00:00,0.98
2026-03-02T04:20:00+00:00,0.983
2026-03-02T04:25:00+00:00,0.968
2026-03-02T04:30:00+00:00,0.94
2026-03-02T04:35:00+00:00,0.925
2026-03-02T04:40:00+00:00,0.89
2026-03-02T04:45:00+00:00,0.888
2026-03-02T04:50:00+00:00,0.895
2026-03-02T04:55:00+00:00,0.852
2026-03-02T05:00:00+00:00,0.832
2026-03-02T05:05:00+00:00,0.844
2026-03-02T05:10:00+00:00,0.876
2026-03-02T05:15:00+00:00,0.892
2026-03-02T05:20:00+00:00,0.901
2026-03-02T05:25:00+00:00,0.873
2026-03-02T05:30:00+00:00,0.914
2026-03-02T05:35:00+00:00,0.922
2026-03-02T05:40:00+00:00,0.928
2026-03-02T05:45:00+00:00,0.957
2026-03-02T05:50:00+00:00,0.973
2026-03-02T05:55:00+00:00,0.972
2026-03-02T06:00:00+00:00,0.982
2026-03-02T06:05:00+00:00,1.001
2026-03-02T06:10:00+00:00,1.074
2026-03-02T06:15:00+00:00,1.088
2026-03-02T06:20:00+00:00,1.102
2026-03-02T06:25:00+00:00,1.153
2026-03-02T06:30:00+00:00,1.18
2026-03-02T06:35:00+00:00,1.216
2026-03-02T06:40:00+00:00,1.211
2026-03-02T06:45:00+00:00,1.222
2026-03-02T06:50:00+00:00,1.208
2026-03-02T06:55:00+00:00,1.263
2026-03-02T07:00:00+00:00,1.297
2026-03-02T07:05:00+00:00,1.358
2026-03-02T07:10:00+00:00,1.372
2026-03-02T07:15:00+00:00,1.39
2026-03-02T07:20:00+00:00,1.423
2026-03-02T07:25:00+00:00,1.405
2026-03-02T07:30:00+00:00,1.414
2026-03-02T07:35:00+00:00,1.45
2026-03-02T07:40:00+00:00,1.453
2026-03-02T07:45:00+00:00,1.451
2026-03-02T07:50:00+00:00,1.451
2026-03-02T07:55:00+00:00,1.44
2026-03-02T08:00:00+00:00,1.453
2026-03-02T08:05:00+00:00,1.415
2026-03-02T08:10:00+00:00,1.368
2026-03-02T08:15:00+00:00,1.428
2026-03-02T08:20:00+00:00,1.457
2026-03-02T08:25:00+00:00,1.419
2026-03-02T08:30:00+00:00,1.368
2026-03-02T08:35:00+00:00,1.414
2026-03-02T08:40:00+00:00,1.418
2026-03-02T08:45:00+00:00,1.364
2026-03-02T08:50:00+00:00,1.388
2026-03-02T08:55:00+00:00,1.372
2026-03-02T09:00:00+00:00,1.417
2026-03-02T09:05:00+00:00,1.468
2026-03-02T09:10:00+00:00,1.416
2026-03-02T09:15:00+00:00,1.416
2026-03-02T09:20:00+00:00,1.414
2026-03-02T09:25:00+00:00,1.392
2026-03-02T09:30:00+00:00,1.375
2026-03-02T09:35:00+00:00,1.37
2026-03-02T09:40:00+00:00,1.298
2026-03-02T09:45:00+00:00,1.285
2026-03-02T09:50:00+00:00,1.301
2026-03-02T09:55:00+00:00,1.296
2026-03-02T10:00:00+00:00,1.322
2026-03-02T10:05:00+00:00,1.312
2026-03-02T10:10:00+00:00,1.332
2026-03-02T10:15:00+00:00,1.294
2026-03-02T10:20:00+00:00,1.322
2026-03-02T10:25:00+00:00,1.378
2026-03-02T10:30:00+00:00,1.37
2026-03-02T10:35:00+00:00,1.372
2026-03-02T10:40:00+00:00,1.45
2026-03-02T10:45:00+00:00,1.47
2026-03-02T10:50:00+00:00,1.533
2026-03-02T10:55:00+00:00,1.548
2026-03-02T11:00:00+00:00,1.509
2026-03-02T11:05:00+00:00,1.508
2026-03-02T11:10:00+00:00,1.447
2026-03-02T11:15:00+00:00,1.467
2026-03-02T11:20:00+00:00,1.539
2026-03-02T11:25:00+00:00,1.501
2026-03-02T11:30:00+00:00,1.47
2026-03-02T11:35:00+00:00,1.521
2026-03-02T11:40:00+00:00,1.537
2026-03-02T11:45:00+00:00,1.497
2026-03-02T11:50:00+00:00,1.522
2026-03-02T11:55:00+00:00,1.535
2026-03-02T12:00:00+00:00,1.548
2026-03-02T12:05:00+00:00,1.506
2026-03-02T12:10:00+00:00,1.454
2026-03-02T12:15:00+00:00,1.438
2026-03-02T12:20:00+00:00,1.426
2026-03-02T12:25:00+00:00,1.374
2026-03-02T12:30:00+00:00,1.3
2026-03-02T12:35:00+00:00,1.115
2026-03-02T12:40:00+00:00,0.96
2026-03-02T12:45:00+00:00,1.017
2026-03-02T12:50:00+00:00,1.066
2026-03-02T12:55:00+00:00,1.126
2026-03-02T13:00:00+00:00,1.219
2026-03-02T13:05:00+00:00,1.296
2026-03-02T13:10:00+00:00,1.292
2026-03-02T13:15:00+00:00,1.281
2026-03-02T13:20:00+00:00,1.192
2026-03-02T13:25:00+00:00,1.152
2026-03-02T13:30:00+00:00,1.131
2026-03-02T13:35:00+00:00,1.104
2026-03-02T13:40:00+00:00,0.98
2026-03-02T13:45:00+00:00,0.967
2026-03-02T13:50:00+00:00,0.996
2026-03-02T13:55:00+00:00,0.967
2026-03-02T14:00:00+00:00,0.929
2026-03-02T14:05:00+00:00,0.972
2026-03-02T14:10:00+00:00,0.99
2026-03-02T14:15:00+00:00,1.05
2026-03-02T14:20:00+00:00,1.114
2026-03-02T14:25:00+00:00,1.166
2026-03-02T14:30:00+00:00,1.085
2026-03-02T14:35:00+00:00,0.982
2026-03-02T14:40:00+00:00,0.963
2026-03-02T14:45:00+00:00,0.998
2026-03-02T14:50:00+00:00,1.062
2026-03-02T14:55:00+00:00,1.108
2026-03-02T15:00:00+00:00,1.15
2026-03-02T15:05:00+00:00,1.215
2026-03-02T15:10:00+00:00,1.207
2026-03-02T15:15:00+00:00,1.22
2026-03-02T15:20:00+00:00,1.146
2026-03-02T15:25:00+00:00,1.122
2026-03-02T15:30:00+00:00,1.138
2026-03-02T15:35:00+00:00,1.16
2026-03-02T15:40:00+00:00,1.204
2026-03-02T15:45:00+00:00,1.219
2026-03-02T15:50:00+00:00,1.211
2026-03-02T15:55:00+00:00,1.26
2026-03-02T16:00:00+00:00,1.31
2026-03-02T16:05:00+00:00,1.292
2026-03-02T16:10:00+00:00,1.288
2026-03-02T16:15:00+00:00,1.366
2026-03-02T16:20:00+00:00,1.428
2026-03-02T16:25:00+00:00,1.47
2026-03-02T16:30:00+00:00,1.536
2026-03-02T16:35:00+00:00,1.535
2026-03-02T16:40:00+00:00,1.564
2026-03-02T16:45:00+00:00,1.612
2026-03-02T16:50:00+00:00,1.67
2026-03-02T16:55:00+00:00,1.703
2026-03-02T17:00:00+00:00,1.71
2026-03-02T17:05:00+00:00,1.736
2026-03-02T17:10:00+00:00,1.797
2026-03-02T17:15:00+00:00,1.856
2026-03-02T17:20:00+00:00,1.843
2026-03-02T17:25:00+00:00,1.874
2026-03-02T17:30:00+00:00,1.91
2026-03-02T17:35:00+00:00,1.948
2026-03-02T17:40:00+00:00,1.946
2026-03-02T17:45:00+00:00,1.938
2026-03-02T17:50:00+00:00,1.982
2026-03-02T17:55:00+00:00,1.952
2026-03-02T18:00:00+00:00,1.998
2026-03-02T18:05:00+00:00,2.018
2026-03-02T18:10:00+00:00,2.026
2026-03-02T18:15:00+00:00,2.065
2026-03-02T18:20:00+00:00,2.022
2026-03-02T18:25:00+00:00,1.99
2026-03-02T18:30:00+00:00,2.053
2026-03-02T18:35:00+00:00,2.05
2026-03-02T18:40:00+00:00,1.996
2026-03-02T18:45:00+00:00,1.956
2026-03-02T18:50:00+00:00,1.93
2026-03-02T18:55:00+00:00,1.902
2026-03-02T19:00:00+00:00,1.903
2026-03-02T19:05:00+00:00,1.979
2026-03-02T19:10:00+00:00,1.945
2026-03-02T19:15:00+00:00,1.933
2026-03-02T19:20:00+00:00,1.897
2026-03-02T19:25:00+00:00,1.868
2026-03-02T19:30:00+00:00,1.792
2026-03-02T19:35:00+00:00,1.828
2026-03-02T19:40:00+00:00,1.948
2026-03-02T19:45:00+00:00,1.936
2026-03-02T19:50:00+00:00,1.93
2026-03-02T19:55:00+00:00,1.932
2026-03-02T20:00:00+00:00,1.936
2026-03-02T20:05:00+00:00,1.882
2026-03-02T20:10:00+00:00,1.902
2026-03-02T20:15:00+00:00,1.892
2026-03-02T20:20:00+00:00,1.9
2026-03-02T20:25:00+00:00,1.858
2026-03-02T20:30:00+00:00,1.864
2026-03-02T20:35:00+00:00,1.81
2026-03-02T20:40:00+00:00,1.796
2026-03-02T20:45:00+00:00,1.779
2026-03-02T20:50:00+00:00,1.761
2026-03-02T20:55:00+00:00,1.793
2026-03-02T21:00:00+00:00,1.764
2026-03-02T21:05:00+00:00,1.744
2026-03-02T21:10:00+00:00,1.724
2026-03-02T21:15:00+00:00,1.729
2026-03-02T21:20:00+00:00,1.72
2026-03-02T21:25:00+00:00,1.684
2026-03-02T21:30:00+00:00,1.704
2026-03-02T21:35:00+00:00,1.663
2026-03-02T21:40:00+00:00,1.605
2026-03-02T21:45:00+00:00,1.611
2026-03-02T21:50:00+00:00,1.622
2026-03-02T21:55:00+00:00,1.604
2026-03-02T22:00:00+00:00,1.608
2026-03-02T22:05:00+00:00,1.612
2026-03-02T22:10:00+00:00,1.546
2026-03-02T22:15:00+00:00,1.522
2026-03-02T22:20:00+00:00,1.514
2026-03-02T22:25:00+00:00,1.485
2026-03-02T22:30:00+00:00,1.454
2026-03-02T22:35:00+00:00,1.442
2026-03-02T22:40:00+00:00,1.434
2026-03-02T22:45:00+00:00,1.444
2026-03-02T22:50:00+00:00,1.418
2026-03-02T22:55:00+00:00,1.39
2026-03-02T23:00:00+00:00,1.407
2026-03-02T23:05:00+00:00,1.437
2026-03-02T23:10:00+00:00,1.456
2026-03-02T23:15:00+00:00,1.705
2026-03-02T23:20:00+00:00,1.768
2026-03-02T23:25:00+00:00,1.766
2026-03-02T23:30:00+00:00,1.79
2026-03-02T23:35:00+00:00,1.766
2026-03-02T23:40:00+00:00,1.76
2026-03-02T23:45:00+00:00,1.749
2026-03-02T23:50:00+00:00,1.764
2026-03-02T23:55:00+00:00,1.78
2026-03-03T00:00:00+00:00,1.795
2026-03-03T00:05:00+00:00,1.798
2026-03-03T00:10:00+00:00,1.768
2026-03-03T00:15:00+00:00,1.726
2026-03-03T00:20:00+00:00,1.711
2026-03-03T00:25:00+00:00,1.695
2026-03-03T00:30:00+00:00,1.679
2026-03-03T00:35:00+00:00,1.636
2026-03-03T00:40:00+00:00,1.624
2026-03-03T00:45:00+00:00,1.594
2026-03-03T00:50:00+00:00,1.562
2026-03-03T00:55:00+00:00,1.362
2026-03-03T01:00:00+00:00,1.358
2026-03-03T01:05:00+00:00,1.388
2026-03-03T01:10:00+00:00,1.408
2026-03-03T01:15:00+00:00,1.426
2026-03-03T01:20:00+00:00,1.444
2026-03-03T01:25:00+00:00,1.381
2026-03-03T01:30:00+00:00,1.36
2026-03-03T01:35:00+00:00,1.352
2026-03-03T01:40:00+00:00,1.343
2026-03-03T01:45:00+00:00,1.334
2026-03-03T01:50:00+00:00,1.334
2026-03-03T01:55:00+00:00,1.339
2026-03-03T02:00:00+00:00,1.344
2026-03-03T02:05:00+00:00,1.343
2026-03-03T02:10:00+00:00,1.342
2026-03-03T02:15:00+00:00,1.34
2026-03-03T02:20:00+00:00,1.326
2026-03-03T02:25:00+00:00,1.332
2026-03-03T02:30:00+00:00,1.345
2026-03-03T02:35:00+00:00,1.324
2026-03-03T02:40:00+00:00,1.34
2026-03-03T02:45:00+00:00,1.323
2026-03-03T02:50:00+00:00,1.327
2026-03-03T02:55:00+00:00,1.326
2026-03-03T03:00:00+00:00,1.331
2026-03-03T03:05:00+00:00,1.312
2026-03-03T03:10:00+00:00,1.294
2026-03-03T03:15:00+00:00,1.284
2026-03-03T03:20:00+00:00,1.275
2026-03-03T03:25:00+00:00,1.266
2026-03-03T03:30:00+00:00,1.272
2026-03-03T03:35:00+00:00,1.275
2026-03-03T03:40:00+00:00,1.267
2026-03-03T03:45:00+00:00,1.27
2026-03-03T03:50:00+00:00,1.276
2026-03-03T03:55:00+00:00,1.3
2026-03-03T04:00:00+00:00,1.298
2026-03-03T04:05:00+00:00,1.32
2026-03-03T04:10:00+00:00,1.3
2026-03-03T04:15:00+00:00,1.278
2026-03-03T04:20:00+00:00,1.268
2026-03-03T04:25:00+00:00,1.303
2026-03-03T04:30:00+00:00,1.275
2026-03-03T04:35:00+00:00,1.3
2026-03-03T04:40:00+00:00,1.264
2026-03-03T04:45:00+00:00,1.284
2026-03-03T04:50:00+00:00,1.267
2026-03-03T04:55:00+00:00,1.249
2026-03-03T05:00:00+00:00,1.24
2026-03-03T05:05:00+00:00,1.247
2026-03-03T05:10:00+00:00,1.281
2026-03-03T05:15:00+00:00,1.298
2026-03-03T05:20:00+00:00,1.314
2026-03-03T05:25:00+00:00,1.3
2026-03-03T05:30:00+00:00,1.283
2026-03-03T05:35:00+00:00,1.305
2026-03-03T05:40:00+00:00,1.286
2026-03-03T05:45:00+00:00,1.28
2026-03-03T05:50:00+00:00,1.302
2026-03-03T05:55:00+00:00,1.308
2026-03-03T06:00:00+00:00,1.285
2026-03-03T06:05:00+00:00,1.338
2026-03-03T06:10:00+00:00,1.264
2026-03-03T06:15:00+00:00,1.245
2026-03-03T06:20:00+00:00,1.184
2026-03-03T06:25:00+00:00,1.045
2026-03-03T06:30:00+00:00,1.105
2026-03-03T06:35:00+00:00,1.138
2026-03-03T06:40:00+00:00,1.191
2026-03-03T06:45:00+00:00,1.221
2026-03-03T06:50:00+00:00,1.228
2026-03-03T06:55:00+00:00,1.199
2026-03-03T07:00:00+00:00,1.251
2026-03-03T07:05:00+00:00,1.314
2026-03-03T07:10:00+00:00,1.347
2026-03-03T07:15:00+00:00,1.4
2026-03-03T07:20:00+00:00,1.46
2026-03-03T07:25:00+00:00,1.451
2026-03-03T07:30:00+00:00,1.406
2026-03-03T07:35:00+00:00,1.458
2026-03-03T07:40:00+00:00,1.46
2026-03-03T07:45:00+00:00,1.448
2026-03-03T07:50:00+00:00,1.448
2026-03-03T07:55:00+00:00,1.37
2026-03-03T08:00:00+00:00,1.378
2026-03-03T08:05:00+00:00,1.362
2026-03-03T08:10:00+00:00,1.31
2026-03-03T08:15:00+00:00,1.308
2026-03-03T08:20:00+00:00,1.278
2026-03-03T08:25:00+00:00,1.295
2026-03-03T08:30:00+00:00,1.288
2026-03-03T08:35:00+00:00,1.291
2026-03-03T08:40:00+00:00,1.281
2026-03-03T08:45:00+00:00,1.276
2026-03-03T08:50:00+00:00,1.211
2026-03-03T08:55:00+00:00,1.224
2026-03-03T09:00:00+00:00,1.208
2026-03-03T09:05:00+00:00,1.21
2026-03-03T09:10:00+00:00,1.214
2026-03-03T09:15:00+00:00,1.208
2026-03-03T09:20:00+00:00,1.138
2026-03-03T09:25:00+00:00,1.046
2026-03-03T09:30:00+00:00,1.013
2026-03-03T09:35:00+00:00,1.004
2026-03-03T09:40:00+00:00,1.01
2026-03-03T09:45:00+00:00,1.088
2026-03-03T09:50:00+00:00,1.05
2026-03-03T09:55:00+00:00,0.998
2026-03-03T10:00:00+00:00,1.023
2026-03-03T10:05:00+00:00,1.064
2026-03-03T10:10:00+00:00,1.129
2026-03-03T10:15:00+00:00,1.137
2026-03-03T10:20:00+00:00,1.178
2026-03-03T10:25:00+00:00,1.19
2026-03-03T10:30:00+00:00,1.166
2026-03-03T10:35:00+00:00,1.122
2026-03-03T10:40:00+00:00,1.188
2026-03-03T10:45:00+00:00,1.228
2026-03-03T10:50:00+00:00,1.204
2026-03-03T10:55:00+00:00,1.207
2026-03-03T11:00:00+00:00,1.201
2026-03-03T11:05:00+00:00,1.146
2026-03-03T11:10:00+00:00,1.162
2026-03-03T11:15:00+00:00,1.159
2026-03-03T11:20:00+00:00,1.132
2026-03-03T11:25:00+00:00,1.046
2026-03-03T11:30:00+00:00,1.055
2026-03-03T11:35:00+00:00,1.084
2026-03-03T11:40:00+00:00,1.186
2026-03-03T11:45:00+00:00,1.215
2026-03-03T11:50:00+00:00,1.178
2026-03-03T11:55:00+00:00,1.174
2026-03-03T12:00:00+00:00,1.22
2026-03-03T12:05:00+00:00,1.207
2026-03-03T12:10:00+00:00,1.219
2026-03-03T12:15:00+00:00,1.204
2026-03-03T12:20:00+00:00,1.291
2026-03-03T12:25:00+00:00,1.228
2026-03-03T12:30:00+00:00,1.178
2026-03-03T12:35:00+00:00,1.126
2026-03-03T12:40:00+00:00,1.157
2026-03-03T12:45:00+00:00,1.093
2026-03-03T12:50:00+00:00,1.04
2026-03-03T12:55:00+00:00,1.14
2026-03-03T13:00:00+00:00,1.406
2026-03-03T13:05:00+00:00,1.466
2026-03-03T13:10:00+00:00,1.438
2026-03-03T13:15:00+00:00,1.461
2026-03-03T13:20:00+00:00,1.451
2026-03-03T13:25:00+00:00,1.449
2026-03-03T13:30:00+00:00,1.38
2026-03-03T13:35:00+00:00,1.348
2026-03-03T13:40:00+00:00,1.33
2026-03-03T13:45:00+00:00,1.302
2026-03-03T13:50:00+00:00,1.233
2026-03-03T13:55:00+00:00,1.198
2026-03-03T14:00:00+00:00,1.207
2026-03-03T14:05:00+00:00,1.216
2026-03-03T14:10:00+00:00,1.221
2026-03-03T14:15:00+00:00,1.199
2026-03-03T14:20:00+00:00,1.228
2026-03-03T14:25:00+00:00,1.227
2026-03-03T14:30:00+00:00,1.201
2026-03-03T14:35:00+00:00,1.197
2026-03-03T14:40:00+00:00,1.242
2026-03-03T14:45:00+00:00,1.228
2026-03-03T14:50:00+00:00,1.235
2026-03-03T14:55:00+00:00,1.279
2026-03-03T15:00:00+00:00,1.287
2026-03-03T15:05:00+00:00,1.288
2026-03-03T15:10:00+00:00,1.304
2026-03-03T15:15:00+00:00,1.321
2026-03-03T15:20:00+00:00,1.328
2026-03-03T15:25:00+00:00,1.336
2026-03-03T15:30:00+00:00,1.326
2026-03-03T15:35:00+00:00,1.374
2026-03-03T15:40:00+00:00,1.39
2026-03-03T15:45:00+00:00,1.402
2026-03-03T15:50:00+00:00,1.41
2026-03-03T15:55:00+00:00,1.418
2026-03-03T16:00:00+00:00,1.466
2026-03-03T16:05:00+00:00,1.537
2026-03-03T16:10:00+00:00,1.552
2026-03-03T16:15:00+00:00,1.604
2026-03-03T16:20:00+00:00,1.634
2026-03-03T16:25:00+00:00,1.7
2026-03-03T16:30:00+00:00,1.727
2026-03-03T16:35:00+00:00,1.714
2026-03-03T16:40:00+00:00,1.738
2026-03-03T16:45:00+00:00,1.74
2026-03-03T16:50:00+00:00,1.736
2026-03-03T16:55:00+00:00,1.792
2026-03-03T17:00:00+00:00,1.841
2026-03-03T17:05:00+00:00,1.866
2026-03-03T17:10:00+00:00,1.876
2026-03-03T17:15:00+00:00,1.884
2026-03-03T17:20:00+00:00,1.938
2026-03-03T17:25:00+00:00,1.95
2026-03-03T17:30:00+00:00,1.936
2026-03-03T17:35:00+00:00,1.992
2026-03-03T17:40:00+00:00,2.022
2026-03-03T17:45:00+00:00,2.003
2026-03-03T17:50:00+00:00,2.026
2026-03-03T17:55:00+00:00,2.043
2026-03-03T18:00:00+00:00,2.101
2026-03-03T18:05:00+00:00,2.092
2026-03-03T18:10:00+00:00,2.152
2026-03-03T18:15:00+00:00,2.157
2026-03-03T18:20:00+00:00,2.176
2026-03-03T18:25:00+00:00,2.19
2026-03-03T18:30:00+00:00,2.17
2026-03-03T18:35:00+00:00,2.18
2026-03-03T18:40:00+00:00,2.174
2026-03-03T18:45:00+00:00,2.136
2026-03-03T18:50:00+00:00,2.105
2026-03-03T18:55:00+00:00,2.085
2026-03-03T19:00:00+00:00,2.101
2026-03-03T19:05:00+00:00,2.085
2026-03-03T19:10:00+00:00,2.035
2026-03-03T19:15:00+00:00,2.05
2026-03-03T19:20:00+00:00,2.005
2026-03-03T19:25:00+00:00,2.024
2026-03-03T19:30:00+00:00,2.018
2026-03-03T19:35:00+00:00,1.988
2026-03-03T19:40:00+00:00,1.982
2026-03-03T19:45:00+00:00,1.95
2026-03-03T19:50:00+00:00,1.94
2026-03-03T19:55:00+00:00,1.902
2026-03-03T20:00:00+00:00,1.876
2026-03-03T20:05:00+00:00,1.902
2026-03-03T20:10:00+00:00,1.904
2026-03-03T20:15:00+00:00,1.892
2026-03-03T20:20:00+00:00,1.878
2026-03-03T20:25:00+00:00,1.845
2026-03-03T20:30:00+00:00,1.868
2026-03-03T20:35:00+00:00,1.856
2026-03-03T20:40:00+00:00,1.807
2026-03-03T20:45:00+00:00,1.815
2026-03-03T20:50:00+00:00,1.826
2026-03-03T20:55:00+00:00,1.804
2026-03-03T21:00:00+00:00,1.82
2026-03-03T21:05:00+00:00,1.78
2026-03-03T21:10:00+00:00,1.742
2026-03-03T21:15:00+00:00,1.731
2026-03-03T21:20:00+00:00,1.724
2026-03-03T21:25:00+00:00,1.695
2026-03-03T21:30:00+00:00,1.672
2026-03-03T21:35:00+00:00,1.656
2026-03-03T21:40:00+00:00,1.642
2026-03-03T21:45:00+00:00,1.596
2026-03-03T21:50:00+00:00,1.604
2026-03-03T21:55:00+00:00,1.576
2026-03-03T22:00:00+00:00,1.564
2026-03-03T22:05:00+00:00,1.611
2026-03-03T22:10:00+00:00,1.639
2026-03-03T22:15:00+00:00,1.586
2026-03-03T22:20:00+00:00,1.549
2026-03-03T22:25:00+00:00,1.525
2026-03-03T22:30:00+00:00,1.513
2026-03-03T22:35:00+00:00,1.485
2026-03-03T22:40:00+00:00,1.454
2026-03-03T22:45:00+00:00,1.264
2026-03-03T22:50:00+00:00,1.095
2026-03-03T22:55:00+00:00,1.057
2026-03-03T23:00:00+00:00,1.031
2026-03-03T23:05:00+00:00,1.036
2026-03-03T23:10:00+00:00,1.032
2026-03-03T23:15:00+00:00,0.976
2026-03-03T23:20:00+00:00,0.946
2026-03-03T23:25:00+00:00,0.945
2026-03-03T23:30:00+00:00,0.964
2026-03-03T23:35:00+00:00,0.962
2026-03-03T23:40:00+00:00,0.966
2026-03-03T23:45:00+00:00,0.958
2026-03-03T23:50:00+00:00,0.972
2026-03-03T23:55:00+00:00,0.987
2026-03-04T00:00:00+00:00,1.001
2026-03-04T00:05:00+00:00,1.028
2026-03-04T00:10:00+00:00,1.068
2026-03-04T00:15:00+00:00,1.025
2026-03-04T00:20:00+00:00,1.031
2026-03-04T00:25:00+00:00,1.048
2026-03-04T00:30:00+00:00,1.066
2026-03-04T00:35:00+00:00,1.08
2026-03-04T00:40:00+00:00,1.053
2026-03-04T00:45:00+00:00,1.042
2026-03-04T00:50:00+00:00,1.055
2026-03-04T00:55:00+00:00,1.004
2026-03-04T01:00:00+00:00,0.987
2026-03-04T01:05:00+00:00,0.972
2026-03-04T01:10:00+00:00,0.957
2026-03-04T01:15:00+00:00,0.959
2026-03-04T01:20:00+00:00,0.947
2026-03-04T01:25:00+00:00,0.952
2026-03-04T01:30:00+00:00,0.987
2026-03-04T01:35:00+00:00,0.986
2026-03-04T01:40:00+00:00,0.968
2026-03-04T01:45:00+00:00,0.96
2026-03-04T01:50:00+00:00,0.949
2026-03-04T01:55:00+00:00,0.995
2026-03-04T02:00:00+00:00,1.002
2026-03-04T02:05:00+00:00,1.014
2026-03-04T02:10:00+00:00,1.045
2026-03-04T02:15:00+00:00,1.048
2026-03-04T02:20:00+00:00,1.047
2026-03-04T02:25:00+00:00,1.042
2026-03-04T02:30:00+00:00,1.05
2026-03-04T02:35:00+00:00,1.066
2026-03-04T02:40:00+00:00,1.081
2026-03-04T02:45:00+00:00,1.096
2026-03-04T02:50:00+00:00,1.092
2026-03-04T02:55:00+00:00,1.102
2026-03-04T03:00:00+00:00,1.102
2026-03-04T03:05:00+00:00,1.09
2026-03-04T03:10:00+00:00,1.062
2026-03-04T03:15:00+00:00,1.051
2026-03-04T03:20:00+00:00,1.028
2026-03-04T03:25:00+00:00,1.032
2026-03-04T03:30:00+00:00,1.054
2026-03-04T03:35:00+00:00,1.067
2026-03-04T03:40:00+00:00,1.035
2026-03-04T03:45:00+00:00,0.998
2026-03-04T03:50:00+00:00,0.97
2026-03-04T03:55:00+00:00,0.953
2026-03-04T04:00:00+00:00,0.963
2026-03-04T04:05:00+00:00,1.003
2026-03-04T04:10:00+00:00,0.997
2026-03-04T04:15:00+00:00,0.99
2026-03-04T04:20:00+00:00,0.982
2026-03-04T04:25:00+00:00,0.974
2026-03-04T04:30:00+00:00,0.967
2026-03-04T04:35:00+00:00,0.96
2026-03-04T04:40:00+00:00,0.952
2026-03-04T04:45:00+00:00,0.944
2026-03-04T04:50:00+00:00,0.962
2026-03-04T04:55:00+00:00,0.952
2026-03-04T05:00:00+00:00,0.95
2026-03-04T05:05:00+00:00,0.946
2026-03-04T05:10:00+00:00,0.964
2026-03-04T05:15:00+00:00,0.964
2026-03-04T05:20:00+00:00,0.992
2026-03-04T05:25:00+00:00,0.957
2026-03-04T05:30:00+00:00,0.969
2026-03-04T05:35:00+00:00,0.986
2026-03-04T05:40:00+00:00,0.975
2026-03-04T05:45:00+00:00,0.964
2026-03-04T05:50:00+00:00,0.996
2026-03-04T05:55:00+00:00,1.007
2026-03-04T06:00:00+00:00,1.018
2026-03-04T06:05:00+00:00,1.049
2026-03-04T06:10:00+00:00,1.083
2026-03-04T06:15:00+00:00,1.105
2026-03-04T06:20:00+00:00,1.14
2026-03-04T06:25:00+00:00,1.126
2026-03-04T06:30:00+00:00,1.167
2026-03-04T06:35:00+00:00,1.189
2026-03-04T06:40:00+00:00,1.229
2026-03-04T06:45:00+00:00,1.207
2026-03-04T06:50:00+00:00,1.212
2026-03-04T06:55:00+00:00,1.258
2026-03-04T07:00:00+00:00,1.302
2026-03-04T07:05:00+00:00,1.283
2026-03-04T07:10:00+00:00,1.297
2026-03-04T07:15:00+00:00,1.349
2026-03-04T07:20:00+00:00,1.399
2026-03-04T07:25:00+00:00,1.436
2026-03-04T07:30:00+00:00,1.463
2026-03-04T07:35:00+00:00,1.45
2026-03-04T07:40:00+00:00,1.502
2026-03-04T07:45:00+00:00,1.462
2026-03-04T07:50:00+00:00,1.406
2026-03-04T07:55:00+00:00,1.372
2026-03-04T08:00:00+00:00,1.428
2026-03-04T08:05:00+00:00,1.451
2026-03-04T08:10:00+00:00,1.473
2026-03-04T08:15:00+00:00,1.364
2026-03-04T08:20:00+00:00,1.382
2026-03-04T08:25:00+00:00,1.344
2026-03-04T08:30:00+00:00,1.363
2026-03-04T08:35:00+00:00,1.315
2026-03-04T08:40:00+00:00,1.334
2026-03-04T08:45:00+00:00,1.368
2026-03-04T08:50:00+00:00,1.384
2026-03-04T08:55:00+00:00,1.365
2026-03-04T09:00:00+00:00,1.365
2026-03-04T09:05:00+00:00,1.338
2026-03-04T09:10:00+00:00,1.282
2026-03-04T09:15:00+00:00,1.294
2026-03-04T09:20:00+00:00,1.286
2026-03-04T09:25:00+00:00,1.304
2026-03-04T09:30:00+00:00,1.288
2026-03-04T09:35:00+00:00,1.282
2026-03-04T09:40:00+00:00,1.278
2026-03-04T09:45:00+00:00,1.226
2026-03-04T09:50:00+00:00,1.505
2026-03-04T09:55:00+00:00,1.486
2026-03-04T10:00:00+00:00,1.462
2026-03-04T10:05:00+00:00,1.446
2026-03-04T10:10:00+00:00,1.445
2026-03-04T10:15:00+00:00,1.432
2026-03-04T10:20:00+00:00,1.327
2026-03-04T10:25:00+00:00,1.326
2026-03-04T10:30:00+00:00,1.346
2026-03-04T10:35:00+00:00,1.322
2026-03-04T10:40:00+00:00,1.324
2026-03-04T10:45:00+00:00,1.285
2026-03-04T10:50:00+00:00,1.239
2026-03-04T10:55:00+00:00,1.263
2026-03-04T11:00:00+00:00,1.282
2026-03-04T11:05:00+00:00,1.303
2026-03-04T11:10:00+00:00,1.304
2026-03-04T11:15:00+00:00,1.27
2026-03-04T11:20:00+00:00,1.25
2026-03-04T11:25:00+00:00,1.237
2026-03-04T11:30:00+00:00,1.213
2026-03-04T11:35:00+00:00,1.209
2026-03-04T11:40:00+00:00,1.216
2026-03-04T11:45:00+00:00,1.209
2026-03-04T11:50:00+00:00,1.214
2026-03-04T11:55:00+00:00,1.196
2026-03-04T12:00:00+00:00,1.216
2026-03-04T12:05:00+00:00,1.209
2026-03-04T12:10:00+00:00,1.215
2026-03-04T12:15:00+00:00,1.203
2026-03-04T12:20:00+00:00,1.21
2026-03-04T12:25:00+00:00,1.2
2026-03-04T12:30:00+00:00,1.182
2026-03-04T12:35:00+00:00,1.224
2026-03-04T12:40:00+00:00,1.196
2026-03-04T12:45:00+00:00,1.214
2026-03-04T12:50:00+00:00,1.198
2026-03-04T12:55:00+00:00,1.132
2026-03-04T13:00:00+00:00,1.138
2026-03-04T13:05:00+00:00,1.202
2026-03-04T13:10:00+00:00,1.224
2026-03-04T13:15:00+00:00,1.151
2026-03-04T13:20:00+00:00,1.13
2026-03-04T13:25:00+00:00,1.127
2026-03-04T13:30:00+00:00,1.124
2026-03-04T13:35:00+00:00,1.201
2026-03-04T13:40:00+00:00,1.212
2026-03-04T13:45:00+00:00,1.166
2026-03-04T13:50:00+00:00,1.19
2026-03-04T13:55:00+00:00,1.18
2026-03-04T14:00:00+00:00,1.16
2026-03-04T14:05:00+00:00,1.158
2026-03-04T14:10:00+00:00,1.178
2026-03-04T14:15:00+00:00,1.217
2026-03-04T14:20:00+00:00,1.208
2026-03-04T14:25:00+00:00,1.202
2026-03-04T14:30:00+00:00,1.209
2026-03-04T14:35:00+00:00,1.222
2026-03-04T14:40:00+00:00,1.216
2026-03-04T14:45:00+00:00,1.216
2026-03-04T14:50:00+00:00,1.208
2026-03-04T14:55:00+00:00,1.248
2026-03-04T15:00:00+00:00,1.292
2026-03-04T15:05:00+00:00,1.292
2026-03-04T15:10:00+00:00,1.296
2026-03-04T15:15:00+00:00,1.31
2026-03-04T15:20:00+00:00,1.28
2026-03-04T15:25:00+00:00,1.304
2026-03-04T15:30:00+00:00,1.284
2026-03-04T15:35:00+00:00,1.322
2026-03-04T15:40:00+00:00,1.36
2026-03-04T15:45:00+00:00,1.394
2026-03-04T15:50:00+00:00,1.428
2026-03-04T15:55:00+00:00,1.422
2026-03-04T16:00:00+00:00,1.499
2026-03-04T16:05:00+00:00,1.476
2026-03-04T16:10:00+00:00,1.498
2026-03-04T16:15:00+00:00,1.539
2026-03-04T16:20:00+00:00,1.541
2026-03-04T16:25:00+00:00,1.536
2026-03-04T16:30:00+00:00,1.574
2026-03-04T16:35:00+00:00,1.63
2026-03-04T16:40:00+00:00,1.606
2026-03-04T16:45:00+00:00,1.645
2026-03-04T16:50:00+00:00,1.654
2026-03-04T16:55:00+00:00,1.692
2026-03-04T17:00:00+00:00,1.786
2026-03-04T17:05:00+00:00,1.844
2026-03-04T17:10:00+00:00,1.861
2026-03-04T17:15:00+00:00,1.857
2026-03-04T17:20:00+00:00,1.85
2026-03-04T17:25:00+00:00,1.874
2026-03-04T17:30:00+00:00,1.907
2026-03-04T17:35:00+00:00,1.956
2026-03-04T17:40:00+00:00,2.022
2026-03-04T17:45:00+00:00,2.017
2026-03-04T17:50:00+00:00,2.018
2026-03-04T17:55:00+00:00,2.052
2026-03-04T18:00:00+00:00,2.075
2026-03-04T18:05:00+00:00,2.052
2026-03-04T18:10:00+00:00,2.085
2026-03-04T18:15:00+00:00,2.165
2026-03-04T18:20:00+00:00,2.186
2026-03-04T18:25:00+00:00,2.13
2026-03-04T18:30:00+00:00,2.14
2026-03-04T18:35:00+00:00,2.154
2026-03-04T18:40:00+00:00,2.179
2026-03-04T18:45:00+00:00,2.16
2026-03-04T18:50:00+00:00,2.126
2026-03-04T18:55:00+00:00,2.156
2026-03-04T19:00:00+00:00,2.09
2026-03-04T19:05:00+00:00,2.02
2026-03-04T19:10:00+00:00,2.018
2026-03-04T19:15:00+00:00,1.982
2026-03-04T19:20:00+00:00,2.02
2026-03-04T19:25:00+00:00,2.018
2026-03-04T19:30:00+00:00,2.021
2026-03-04T19:35:00+00:00,2.072
2026-03-04T19:40:00+00:00,1.928
2026-03-04T19:45:00+00:00,1.781
2026-03-04T19:50:00+00:00,1.772
2026-03-04T19:55:00+00:00,1.886
2026-03-04T20:00:00+00:00,1.947
2026-03-04T20:05:00+00:00,1.94
2026-03-04T20:10:00+00:00,1.902
2026-03-04T20:15:00+00:00,1.881
2026-03-04T20:20:00+00:00,1.89
2026-03-04T20:25:00+00:00,1.886
2026-03-04T20:30:00+00:00,1.881
2026-03-04T20:35:00+00:00,1.874
2026-03-04T20:40:00+00:00,1.826
2026-03-04T20:45:00+00:00,1.806
2026-03-04T20:50:00+00:00,1.818
2026-03-04T20:55:00+00:00,1.802
2026-03-04T21:00:00+00:00,1.768
2026-03-04T21:05:00+00:00,1.742
2026-03-04T21:10:00+00:00,1.7
2026-03-04T21:15:00+00:00,1.703
2026-03-04T21:20:00+00:00,1.688
2026-03-04T21:25:00+00:00,1.688
2026-03-04T21:30:00+00:00,1.678
2026-03-04T21:35:00+00:00,1.652
2026-03-04T21:40:00+00:00,1.652
2026-03-04T21:45:00+00:00,1.489
2026-03-04T21:50:00+00:00,1.37
2026-03-04T21:55:00+00:00,1.303
2026-03-04T22:00:00+00:00,1.306
2026-03-04T22:05:00+00:00,1.292
2026-03-04T22:10:00+00:00,1.256
2026-03-04T22:15:00+00:00,1.218
2026-03-04T22:20:00+00:00,1.196
2026-03-04T22:25:00+00:00,1.224
2026-03-04T22:30:00+00:00,1.182
2026-03-04T22:35:00+00:00,1.154
2026-03-04T22:40:00+00:00,1.176
2026-03-04T22:45:00+00:00,1.136
2026-03-04T22:50:00+00:00,1.09
2026-03-04T22:55:00+00:00,1.064
2026-03-04T23:00:00+00:00,1.074
2026-03-04T23:05:00+00:00,1.102
2026-03-04T23:10:00+00:00,1.098
2026-03-04T23:15:00+00:00,1.008
2026-03-04T23:20:00+00:00,1.006
2026-03-04T23:25:00+00:00,1.006
2026-03-04T23:30:00+00:00,1.006
2026-03-04T23:35:00+00:00,1.028
2026-03-04T23:40:00+00:00,0.998
2026-03-04T23:45:00+00:00,1.006
2026-03-04T23:50:00+00:00,1.0
2026-03-04T23:55:00+00:00,1.006
2026-03-05T00:00:00+00:00,1.021
