EntryID,ServiceType,InstructionStartDateTime,MW,IndicativePrice,InstructionCeaseDateTime,DispatchDateTimeStamp,CeaseDateTimeStamp
11352,Non-BM Fast Reserve,2021-09-01T05:04:00,60,157.9,2021-09-01T06:00:00,2021-09-01T05:02:11,2021-09-01T05:57:28
11351,Non-BM Fast Reserve,2021-09-01T05:04:00,38,136,2021-09-01T05:20:38,2021-09-01T05:02:11,2021-09-01T05:20:16
11353,Non-BM Fast Reserve,2021-09-01T05:04:00,80,157.9,2021-09-01T05:59:00,2021-09-01T05:02:11,2021-09-01T05:57:28
11356,Non-BM Fast Reserve,2021-09-01T05:06:00,80,162.9,2021-09-01T05:41:00,2021-09-01T05:03:41,2021-09-01T05:38:57
11355,Non-BM Fast Reserve,2021-09-01T05:06:00,80,158.9,2021-09-01T05:41:00,2021-09-01T05:03:41,2021-09-01T05:38:57
11354,Non-BM Fast Reserve,2021-09-01T05:06:00,28,162.9,2021-09-01T05:41:00,2021-09-01T05:03:41,2021-09-01T05:38:57
11357,Non-BM Fast Reserve,2021-09-01T05:06:00,80,157.9,2021-09-01T05:59:13,2021-09-01T05:03:41,2021-09-01T05:57:28
11358,Non-BM Fast Reserve,2021-09-01T05:37:00,100,162.9,2021-09-01T05:59:00,2021-09-01T05:34:57,2021-09-01T05:57:28
11359,Non-BM Fast Reserve,2021-09-01T05:39:00,38,136,2021-09-01T05:54:38,2021-09-01T05:36:27,2021-09-01T05:53:58
11360,Non-BM Fast Reserve,2021-09-01T06:05:00,80,158.9,2021-09-01T06:33:00,2021-09-01T06:03:28,2021-09-01T06:30:31
11361,Non-BM Fast Reserve,2021-09-01T06:05:00,28,162.9,2021-09-01T06:33:00,2021-09-01T06:03:28,2021-09-01T06:30:31
11362,Non-BM Fast Reserve,2021-09-01T06:07:00,80,162.9,2021-09-01T06:32:00,2021-09-01T06:04:28,2021-09-01T06:29:31
11363,Non-BM Fast Reserve,2021-09-01T06:46:00,60,160,2021-09-01T08:50:00,2021-09-01T06:43:31,2021-09-01T08:47:30
11364,Non-BM Fast Reserve,2021-09-01T06:46:00,52,145,2021-09-01T07:02:52,2021-09-01T06:44:01,2021-09-01T07:01:32
11366,Non-BM Fast Reserve,2021-09-01T06:49:00,80,160,2021-09-01T08:49:00,2021-09-01T06:47:01,2021-09-01T08:46:30
11365,Non-BM Fast Reserve,2021-09-01T06:49:00,80,160,2021-09-01T07:33:00,2021-09-01T06:47:01,2021-09-01T07:30:56
11368,Non-BM Fast Reserve,2021-09-01T07:09:00,28,162.9,2021-09-01T07:33:00,2021-09-01T07:07:03,2021-09-01T07:30:56
11367,Non-BM Fast Reserve,2021-09-01T07:09:00,80,160,2021-09-01T08:49:13,2021-09-01T07:07:03,2021-09-01T08:46:30
11369,Non-BM Fast Reserve,2021-09-01T07:21:00,52,145,2021-09-01T07:37:52,2021-09-01T07:18:56,2021-09-01T07:36:56
11370,Non-BM Fast Reserve,2021-09-01T07:21:00,80,162.9,2021-09-01T07:30:00,2021-09-01T07:18:56,2021-09-01T07:28:26
11371,Non-BM Fast Reserve,2021-09-01T07:56:00,52,145,2021-09-01T08:12:52,2021-09-01T07:54:27,2021-09-01T08:11:57
11373,Non-BM STOR,2021-09-01T08:18:00,45,128,2021-09-01T09:11:00,2021-09-01T08:17:57,2021-09-01T09:07:00
11374,Non-BM STOR,2021-09-01T08:18:00,43,128,2021-09-01T09:11:00,2021-09-01T08:17:57,2021-09-01T09:07:00
11372,Non-BM STOR,2021-09-01T08:18:00,4,178,2021-09-01T09:15:00,2021-09-01T08:17:57,2021-09-01T09:07:00
11375,Non-BM Fast Reserve,2021-09-01T10:34:00,60,170,2021-09-01T11:23:00,2021-09-01T10:32:19,2021-09-01T11:20:51
11376,Non-BM Fast Reserve,2021-09-01T10:34:00,28,170,2021-09-01T11:24:00,2021-09-01T10:32:19,2021-09-01T11:22:21
11377,Non-BM Fast Reserve,2021-09-01T11:03:00,80,170,2021-09-01T11:20:00,2021-09-01T11:00:20,2021-09-01T11:17:51
11379,Non-BM Fast Reserve,2021-09-01T13:22:00,80,170,2021-09-01T13:34:00,2021-09-01T13:20:27,2021-09-01T13:31:27
11378,Non-BM Fast Reserve,2021-09-01T13:22:00,80,170,2021-09-01T13:34:00,2021-09-01T13:20:27,2021-09-01T13:31:27
11380,Non-BM Fast Reserve,2021-09-01T13:22:00,60,170,2021-09-01T16:53:00,2021-09-01T13:20:27,2021-09-01T16:51:22
11381,Non-BM Fast Reserve,2021-09-01T15:02:00,80,177,2021-09-01T15:57:00,2021-09-01T14:59:48,2021-09-01T15:55:23
11382,Non-BM Fast Reserve,2021-09-01T15:02:00,80,177,2021-09-01T16:43:00,2021-09-01T14:59:48,2021-09-01T16:41:21
11383,Non-BM Fast Reserve,2021-09-01T15:03:00,80,177,2021-09-01T15:57:13,2021-09-01T15:00:18,2021-09-01T15:55:23
11384,Non-BM Fast Reserve,2021-09-01T15:07:00,100,179,2021-09-01T15:57:00,2021-09-01T15:04:18,2021-09-01T15:55:23
11385,Non-BM Fast Reserve,2021-09-01T15:07:00,80,179,2021-09-01T16:43:00,2021-09-01T15:04:18,2021-09-01T16:41:21
11387,Non-BM STOR,2021-09-01T16:05:00,4,178,2021-09-01T18:21:00,2021-09-01T16:04:27,2021-09-01T18:12:26
11390,Non-BM STOR,2021-09-01T16:05:00,45,128,2021-09-01T19:16:00,2021-09-01T16:04:27,2021-09-01T19:11:31
11392,Non-BM STOR,2021-09-01T16:05:00,20,200,2021-09-01T18:24:00,2021-09-01T16:04:27,2021-09-01T18:21:56
11386,Non-BM STOR,2021-09-01T16:08:00,7,289.12,2021-09-01T18:27:58,2021-09-01T16:04:27,2021-09-01T18:21:56
11391,Non-BM STOR,2021-09-01T16:05:00,20,200,2021-09-01T18:24:00,2021-09-01T16:04:27,2021-09-01T18:21:56
11395,Non-BM STOR,2021-09-01T16:05:00,10,190,2021-09-01T17:08:59,2021-09-01T16:04:27,2021-09-01T17:01:52
11396,Non-BM STOR,2021-09-01T16:05:00,20,200,2021-09-01T19:14:00,2021-09-01T16:04:27,2021-09-01T19:11:31
11393,Non-BM STOR,2021-09-01T16:06:00,10,289.12,2021-09-01T18:30:55,2021-09-01T16:04:27,2021-09-01T18:21:56
11388,Non-BM STOR,2021-09-01T16:05:00,20,200,2021-09-01T18:24:00,2021-09-01T16:04:27,2021-09-01T18:21:56
11389,Non-BM STOR,2021-09-01T16:05:00,10,198,2021-09-01T18:21:00,2021-09-01T16:04:27,2021-09-01T18:12:26
11394,Non-BM STOR,2021-09-01T16:06:00,10,289.12,2021-09-01T18:30:55,2021-09-01T16:04:27,2021-09-01T18:21:56
11397,Non-BM STOR,2021-09-01T16:06:00,12,289.12,2021-09-01T18:30:57,2021-09-01T16:04:27,2021-09-01T18:21:56
11398,Non-BM STOR,2021-09-01T16:05:00,43,128,2021-09-01T19:16:00,2021-09-01T16:04:27,2021-09-01T19:11:31
11399,Non-BM STOR,2021-09-01T16:06:00,12,289.12,2021-09-01T18:30:57,2021-09-01T16:04:27,2021-09-01T18:21:56
11400,Non-BM STOR,2021-09-01T16:05:00,20,200,2021-09-01T19:17:00,2021-09-01T16:04:27,2021-09-01T19:06:30
11401,Non-BM STOR,2021-09-01T16:13:00,7,250,2021-09-01T18:24:20,2021-09-01T16:04:27,2021-09-01T18:21:56
11402,Non-BM Fast Reserve,2021-09-02T05:05:00,60,168.9,2021-09-02T06:03:00,2021-09-02T05:02:57,2021-09-02T06:00:49
11403,Non-BM Fast Reserve,2021-09-02T05:05:00,38,150,2021-09-02T05:20:38,2021-09-02T05:02:57,2021-09-02T05:20:27
11404,Non-BM Fast Reserve,2021-09-02T05:05:00,80,168.9,2021-09-02T06:03:00,2021-09-02T05:02:57,2021-09-02T06:00:49
11405,Non-BM Fast Reserve,2021-09-02T05:11:00,80,169.9,2021-09-02T05:30:00,2021-09-02T05:08:27,2021-09-02T05:27:58
11406,Non-BM Fast Reserve,2021-09-02T05:11:00,80,168.9,2021-09-02T05:30:13,2021-09-02T05:08:27,2021-09-02T05:27:58
11408,Non-BM Fast Reserve,2021-09-02T06:44:00,52,158,,2021-09-02T06:41:50,
11407,Non-BM Fast Reserve,2021-09-02T06:44:00,60,172.5,2021-09-02T09:48:00,2021-09-02T06:41:50,2021-09-02T09:46:05
11410,Non-BM Fast Reserve,2021-09-02T06:48:00,80,172.5,2021-09-02T09:41:00,2021-09-02T06:46:20,2021-09-02T09:39:03
11409,Non-BM Fast Reserve,2021-09-02T06:48:00,80,172.5,2021-09-02T07:18:00,2021-09-02T06:46:20,2021-09-02T07:15:55
11412,Non-BM STOR,2021-09-02T06:52:00,45,128,2021-09-02T12:02:00,2021-09-02T06:52:21,2021-09-02T11:57:48
11411,Non-BM STOR,2021-09-02T06:52:00,43,128,2021-09-02T12:02:00,2021-09-02T06:52:21,2021-09-02T11:57:48
11413,Non-BM STOR,2021-09-02T06:52:00,10,198,2021-09-02T09:08:00,2021-09-02T06:52:21,2021-09-02T09:00:01
11414,Non-BM STOR,2021-09-02T06:52:00,4,178,2021-09-02T09:08:00,2021-09-02T06:52:21,2021-09-02T09:00:01
11417,Non-BM STOR,2021-09-02T07:14:00,20,200,2021-09-02T11:21:00,2021-09-02T07:14:25,2021-09-02T11:19:16
11418,Non-BM STOR,2021-09-02T07:14:00,20,200,2021-09-02T11:21:00,2021-09-02T07:14:25,2021-09-02T11:19:16
11419,Non-BM STOR,2021-09-02T07:14:00,20,200,2021-09-02T11:18:00,2021-09-02T07:14:25,2021-09-02T11:16:16
11415,Non-BM STOR,2021-09-02T07:14:00,20,200,2021-09-02T10:26:00,2021-09-02T07:14:25,2021-09-02T10:16:13
11416,Non-BM STOR,2021-09-02T07:14:00,20,200,2021-09-02T11:21:00,2021-09-02T07:14:25,2021-09-02T11:19:16
11420,Non-BM Fast Reserve,2021-09-02T07:56:00,52,158,2021-09-02T08:12:52,2021-09-02T07:53:57,2021-09-02T08:11:57
11421,Non-BM Fast Reserve,2021-09-02T08:09:00,80,172.5,2021-09-02T09:40:00,2021-09-02T08:06:57,2021-09-02T09:37:33
11422,Non-BM Fast Reserve,2021-09-02T08:11:00,80,172.5,2021-09-02T09:40:13,2021-09-02T08:08:57,2021-09-02T09:37:33
11423,Non-BM Fast Reserve,2021-09-02T08:11:00,28,172.9,2021-09-02T09:49:00,2021-09-02T08:09:27,2021-09-02T09:46:35
11424,Non-BM Fast Reserve,2021-09-02T09:36:00,80,185,2021-09-02T09:45:00,2021-09-02T09:34:03,2021-09-02T09:43:35
11425,Non-BM Fast Reserve,2021-09-02T09:36:00,52,158,2021-09-02T09:47:52,2021-09-02T09:34:33,2021-09-02T09:46:35
11426,Non-BM Fast Reserve,2021-09-02T13:29:00,52,165,2021-09-02T13:45:52,2021-09-02T13:27:20,2021-09-02T13:44:51
11427,Non-BM Fast Reserve,2021-09-02T13:29:00,28,240,2021-09-02T14:12:00,2021-09-02T13:27:20,2021-09-02T14:09:21
11428,Non-BM Fast Reserve,2021-09-02T13:30:00,60,240,2021-09-02T14:12:00,2021-09-02T13:27:50,2021-09-02T14:09:21
11429,Non-BM Fast Reserve,2021-09-02T13:32:00,80,240,2021-09-02T13:54:00,2021-09-02T13:29:20,2021-09-02T13:52:21
11431,Non-BM Fast Reserve,2021-09-02T19:16:00,80,209,2021-09-02T19:27:00,2021-09-02T19:14:03,2021-09-02T19:24:33
11430,Non-BM Fast Reserve,2021-09-02T19:16:00,60,209,2021-09-02T19:27:00,2021-09-02T19:14:03,2021-09-02T19:24:33
11432,Non-BM Fast Reserve,2021-09-02T21:02:00,80,144,2021-09-02T21:19:00,2021-09-02T20:59:58,2021-09-02T21:16:59
11433,Non-BM Fast Reserve,2021-09-02T21:02:00,60,144,2021-09-02T21:19:00,2021-09-02T20:59:58,2021-09-02T21:16:59
11434,Non-BM Fast Reserve,2021-09-02T21:02:00,42,137,2021-09-02T21:18:42,2021-09-02T20:59:58,2021-09-02T21:17:59
11435,Non-BM Fast Reserve,2021-09-02T21:02:00,28,144,2021-09-02T21:19:00,2021-09-02T20:59:58,2021-09-02T21:16:59
11436,Non-BM Fast Reserve,2021-09-02T21:02:00,80,144,2021-09-02T21:19:00,2021-09-02T20:59:58,2021-09-02T21:16:59
11437,Non-BM Fast Reserve,2021-09-03T05:14:00,80,195,2021-09-03T05:31:13,2021-09-03T05:11:31,2021-09-03T05:29:01
11438,Non-BM Fast Reserve,2021-09-03T05:14:00,80,195,2021-09-03T05:31:00,2021-09-03T05:11:31,2021-09-03T05:29:01
11439,Non-BM Fast Reserve,2021-09-03T05:14:00,60,195,2021-09-03T07:25:00,2021-09-03T05:11:31,2021-09-03T07:22:49
11440,Non-BM Fast Reserve,2021-09-03T05:14:00,38,155,2021-09-03T05:29:38,2021-09-03T05:12:01,2021-09-03T05:29:31
11443,Non-BM Fast Reserve,2021-09-03T05:50:00,80,196,2021-09-03T06:31:00,2021-09-03T05:47:32,2021-09-03T06:28:18
11441,Non-BM Fast Reserve,2021-09-03T05:50:00,80,195,2021-09-03T07:25:13,2021-09-03T05:47:32,2021-09-03T07:22:49
11444,Non-BM Fast Reserve,2021-09-03T05:50:00,38,155,2021-09-03T05:55:38,2021-09-03T05:47:32,2021-09-03T05:55:33
11442,Non-BM Fast Reserve,2021-09-03T05:50:00,80,195,2021-09-03T07:25:00,2021-09-03T05:47:32,2021-09-03T07:22:49
11445,Non-BM Fast Reserve,2021-09-03T06:19:00,28,198,2021-09-03T06:31:00,2021-09-03T06:16:48,2021-09-03T06:28:18
11446,Non-BM Fast Reserve,2021-09-03T06:19:00,80,198,2021-09-03T06:29:00,2021-09-03T06:16:48,2021-09-03T06:26:48
11448,Non-BM Fast Reserve,2021-09-03T06:44:00,80,196,2021-09-03T07:28:00,2021-09-03T06:41:48,2021-09-03T07:25:19
11447,Non-BM Fast Reserve,2021-09-03T06:44:00,28,198,2021-09-03T07:28:00,2021-09-03T06:41:48,2021-09-03T07:25:19
11449,Non-BM Fast Reserve,2021-09-03T06:46:00,80,198,2021-09-03T07:25:00,2021-09-03T06:43:48,2021-09-03T07:22:49
11450,Non-BM Fast Reserve,2021-09-03T06:55:00,52,165,2021-09-03T07:11:52,2021-09-03T06:52:48,2021-09-03T07:10:49
11451,Non-BM Fast Reserve,2021-09-03T07:31:00,52,165,2021-09-03T07:46:52,2021-09-03T07:28:19,2021-09-03T07:46:20
11452,Non-BM Fast Reserve,2021-09-03T07:31:00,100,198,2021-09-03T11:32:00,2021-09-03T07:28:19,2021-09-03T11:29:32
11453,Non-BM Fast Reserve,2021-09-03T08:15:00,60,195,2021-09-03T10:28:00,2021-09-03T08:12:50,2021-09-03T10:25:40
11454,Non-BM Fast Reserve,2021-09-03T08:15:00,52,165,2021-09-03T08:31:52,2021-09-03T08:13:50,2021-09-03T08:31:06
11455,Non-BM Fast Reserve,2021-09-03T08:27:00,80,195,2021-09-03T11:47:13,2021-09-03T08:25:06,2021-09-03T11:44:33
11456,Non-BM Fast Reserve,2021-09-03T08:33:00,80,195,2021-09-03T11:44:00,2021-09-03T08:31:06,2021-09-03T11:41:33
11457,Non-BM Fast Reserve,2021-09-03T08:55:00,52,165,2021-09-03T09:11:52,2021-09-03T08:53:07,2021-09-03T09:11:08
11458,Non-BM Fast Reserve,2021-09-03T08:59:00,80,198,2021-09-03T11:44:00,2021-09-03T08:57:07,2021-09-03T11:41:33
11459,Non-BM Fast Reserve,2021-09-03T09:36:00,52,165,2021-09-03T09:52:52,2021-09-03T09:34:08,2021-09-03T09:51:39
11460,Non-BM STOR,2021-09-03T10:02:00,10,198,2021-09-03T11:18:00,2021-09-03T10:02:09,2021-09-03T11:10:02
11462,Non-BM STOR,2021-09-03T10:02:00,4,178,2021-09-03T11:18:00,2021-09-03T10:02:09,2021-09-03T11:10:02
11461,Non-BM STOR,2021-09-03T10:02:00,45,128,2021-09-03T11:14:00,2021-09-03T10:02:09,2021-09-03T11:10:02
11463,Non-BM STOR,2021-09-03T10:02:00,43,128,2021-09-03T11:14:00,2021-09-03T10:02:09,2021-09-03T11:10:02
11464,Non-BM Fast Reserve,2021-09-03T10:13:00,52,165,2021-09-03T10:29:52,2021-09-03T10:10:40,2021-09-03T10:28:10
11465,Non-BM STOR,2021-09-03T10:23:00,7,250,2021-09-03T11:12:20,2021-09-03T10:15:10,2021-09-03T11:10:02
11466,Non-BM Fast Reserve,2021-09-03T10:52:00,52,165,2021-09-03T11:08:52,2021-09-03T10:49:41,2021-09-03T11:07:32
11468,Non-BM Fast Reserve,2021-09-03T15:42:00,60,230,2021-09-03T16:09:00,2021-09-03T15:40:01,2021-09-03T16:07:31
11467,Non-BM Fast Reserve,2021-09-03T15:42:00,52,175,2021-09-03T15:58:52,2021-09-03T15:40:01,2021-09-03T15:58:01
11470,Non-BM Fast Reserve,2021-09-03T15:45:00,80,230,2021-09-03T16:07:13,2021-09-03T15:43:01,2021-09-03T16:05:01
11469,Non-BM Fast Reserve,2021-09-03T15:45:00,80,230,2021-09-03T16:08:00,2021-09-03T15:43:01,2021-09-03T16:05:31
11473,Non-BM Fast Reserve,2021-09-03T19:12:00,80,195,2021-09-03T19:22:13,2021-09-03T19:10:09,2021-09-03T19:20:09
11472,Non-BM Fast Reserve,2021-09-03T19:12:00,60,195,2021-09-03T19:22:00,2021-09-03T19:10:09,2021-09-03T19:20:09
11471,Non-BM Fast Reserve,2021-09-03T19:12:00,42,137,2021-09-03T19:21:42,2021-09-03T19:10:09,2021-09-03T19:21:09
11474,Non-BM Fast Reserve,2021-09-03T20:49:00,80,195,,2021-09-03T20:47:04,
11475,Non-BM Fast Reserve,2021-09-03T20:49:00,42,137,2021-09-03T21:05:42,2021-09-03T20:47:34,2021-09-03T21:05:05
11476,Non-BM Fast Reserve,2021-09-04T00:33:00,80,158.9,2021-09-04T01:21:13,2021-09-04T00:30:57,2021-09-04T01:19:15
11477,Non-BM Fast Reserve,2021-09-04T00:33:00,60,158.9,2021-09-04T01:40:00,2021-09-04T00:30:57,2021-09-04T01:37:46
11479,Non-BM Fast Reserve,2021-09-04T06:19:00,80,164.9,2021-09-04T06:35:00,2021-09-04T06:17:09,2021-09-04T06:33:09
11478,Non-BM Fast Reserve,2021-09-04T06:19:00,60,164.9,2021-09-04T06:35:00,2021-09-04T06:17:09,2021-09-04T06:33:09
11480,Non-BM Fast Reserve,2021-09-04T07:15:00,80,164.9,2021-09-04T07:35:00,2021-09-04T07:13:11,2021-09-04T07:33:11
11481,Non-BM Fast Reserve,2021-09-04T07:15:00,60,164.9,2021-09-04T07:35:00,2021-09-04T07:13:11,2021-09-04T07:33:11
11483,Non-BM Fast Reserve,2021-09-04T08:17:00,60,164.9,2021-09-04T08:56:00,2021-09-04T08:15:13,2021-09-04T08:54:16
11482,Non-BM Fast Reserve,2021-09-04T08:17:00,80,164.9,2021-09-04T08:56:00,2021-09-04T08:15:13,2021-09-04T08:54:16
11484,Non-BM Fast Reserve,2021-09-04T09:43:00,60,164.9,2021-09-04T11:00:00,2021-09-04T09:40:18,2021-09-04T10:57:52
11485,Non-BM Fast Reserve,2021-09-04T09:43:00,80,164.9,2021-09-04T10:45:00,2021-09-04T09:40:18,2021-09-04T10:42:51
11486,Non-BM Fast Reserve,2021-09-04T09:51:00,80,164.9,2021-09-04T09:58:00,2021-09-04T09:48:48,2021-09-04T09:55:48
11487,Non-BM Fast Reserve,2021-09-04T09:51:00,80,164.9,2021-09-04T10:49:13,2021-09-04T09:48:48,2021-09-04T10:46:51
11488,Non-BM Fast Reserve,2021-09-04T10:03:00,52,175,2021-09-04T10:19:52,2021-09-04T10:00:48,2021-09-04T10:18:19
11489,Non-BM Fast Reserve,2021-09-04T10:12:00,80,164.9,2021-09-04T10:38:00,2021-09-04T10:09:49,2021-09-04T10:35:51
11490,Non-BM Fast Reserve,2021-09-04T13:09:00,60,170.95,2021-09-04T13:28:00,2021-09-04T13:07:00,2021-09-04T13:26:00
11491,Non-BM Fast Reserve,2021-09-04T13:09:00,28,170.95,2021-09-04T13:28:00,2021-09-04T13:07:00,2021-09-04T13:26:00
11492,Non-BM Fast Reserve,2021-09-04T13:09:00,80,170.95,2021-09-04T13:24:00,2021-09-04T13:07:00,2021-09-04T13:22:30
11495,Non-BM Fast Reserve,2021-09-04T16:18:00,28,174.95,2021-09-04T16:31:00,2021-09-04T16:15:36,2021-09-04T16:29:07
11494,Non-BM Fast Reserve,2021-09-04T16:18:00,60,174.95,2021-09-04T16:31:00,2021-09-04T16:15:36,2021-09-04T16:28:37
11493,Non-BM Fast Reserve,2021-09-04T16:18:00,80,174.95,2021-09-04T16:31:00,2021-09-04T16:15:36,2021-09-04T16:28:37
11496,Non-BM Fast Reserve,2021-09-04T23:36:00,60,164.95,2021-09-05T00:21:00,2021-09-04T23:34:35,2021-09-05T00:19:08
11497,Non-BM Fast Reserve,2021-09-04T23:36:00,80,164.95,2021-09-05T00:21:00,2021-09-04T23:34:35,2021-09-05T00:19:08
11499,Non-BM Fast Reserve,2021-09-05T15:03:00,60,169.78,2021-09-05T17:27:00,2021-09-05T15:00:19,2021-09-05T17:24:26
11498,Non-BM Fast Reserve,2021-09-05T15:03:00,80,169.78,2021-09-05T16:07:00,2021-09-05T15:00:19,2021-09-05T16:04:53
11500,Non-BM Fast Reserve,2021-09-05T15:58:00,80,169.78,2021-09-05T16:07:00,2021-09-05T15:55:52,2021-09-05T16:04:53
11501,Non-BM Fast Reserve,2021-09-05T15:58:00,80,169.78,2021-09-05T17:20:00,2021-09-05T15:55:52,2021-09-05T17:17:25
11503,Non-BM Fast Reserve,2021-09-05T16:31:00,52,170,2021-09-05T16:47:52,2021-09-05T16:28:53,2021-09-05T16:46:24
11502,Non-BM Fast Reserve,2021-09-05T16:31:00,28,179.67,2021-09-05T17:27:00,2021-09-05T16:28:53,2021-09-05T17:24:26
11504,Non-BM Fast Reserve,2021-09-05T16:31:00,80,179.67,2021-09-05T17:20:00,2021-09-05T16:28:53,2021-09-05T17:17:25
11505,Non-BM Fast Reserve,2021-09-05T16:36:00,80,179.67,2021-09-05T17:27:13,2021-09-05T16:33:24,2021-09-05T17:24:26
11506,Non-BM Fast Reserve,2021-09-05T16:36:00,80,179.67,2021-09-05T17:15:00,2021-09-05T16:33:24,2021-09-05T17:12:25
11507,Non-BM Fast Reserve,2021-09-05T16:52:00,100,181.67,2021-09-05T17:14:00,2021-09-05T16:50:24,2021-09-05T17:11:25
11508,Non-BM Fast Reserve,2021-09-05T20:05:00,80,184.67,2021-09-05T20:35:00,2021-09-05T20:02:33,2021-09-05T20:32:57
11510,Non-BM Fast Reserve,2021-09-05T20:05:00,28,184.67,2021-09-05T21:20:00,2021-09-05T20:02:33,2021-09-05T21:17:28
11509,Non-BM Fast Reserve,2021-09-05T20:05:00,60,184.67,2021-09-05T21:20:00,2021-09-05T20:02:33,2021-09-05T21:17:28
11511,Non-BM Fast Reserve,2021-09-05T20:06:00,80,184.67,2021-09-05T20:35:00,2021-09-05T20:03:33,2021-09-05T20:32:57
11512,Non-BM Fast Reserve,2021-09-05T20:06:00,80,184.67,2021-09-05T21:20:00,2021-09-05T20:03:33,2021-09-05T21:17:28
11513,Non-BM Fast Reserve,2021-09-05T20:08:00,80,184.67,2021-09-05T21:02:13,2021-09-05T20:06:03,2021-09-05T20:59:58
11514,Non-BM Fast Reserve,2021-09-05T20:12:00,100,186.67,2021-09-05T20:21:00,2021-09-05T20:09:33,2021-09-05T20:18:36
11516,Non-BM Fast Reserve,2021-09-06T06:14:00,80,284.99,2021-09-06T06:33:00,2021-09-06T06:11:50,2021-09-06T06:30:21
11517,Non-BM Fast Reserve,2021-09-06T06:14:00,80,289.99,2021-09-06T06:28:00,2021-09-06T06:11:50,2021-09-06T06:25:51
11515,Non-BM Fast Reserve,2021-09-06T06:14:00,80,284.99,2021-09-06T06:33:13,2021-09-06T06:11:50,2021-09-06T06:30:21
11518,Non-BM Fast Reserve,2021-09-06T06:30:00,52,162,2021-09-06T06:41:52,2021-09-06T06:27:51,2021-09-06T06:40:51
11519,Non-BM Fast Reserve,2021-09-06T08:10:00,52,162,2021-09-06T08:18:52,2021-09-06T08:07:55,2021-09-06T08:17:55
11520,Non-BM Fast Reserve,2021-09-06T08:20:00,80,284.99,2021-09-06T08:29:00,2021-09-06T08:17:55,2021-09-06T08:26:56
11521,Non-BM Fast Reserve,2021-09-06T08:38:00,52,162,2021-09-06T08:54:52,2021-09-06T08:35:56,2021-09-06T08:53:27
11522,Non-BM Fast Reserve,2021-09-06T08:39:00,80,284.99,2021-09-06T09:04:00,2021-09-06T08:36:26,2021-09-06T09:01:28
11523,Non-BM Fast Reserve,2021-09-06T09:50:00,80,264.98,,2021-09-06T09:48:01,
11524,Non-BM Fast Reserve,2021-09-06T09:50:00,52,162,2021-09-06T10:06:52,2021-09-06T09:48:01,2021-09-06T10:05:32
11525,Non-BM Fast Reserve,2021-09-06T10:05:00,80,264.98,,2021-09-06T10:03:02,
11527,Non-BM Fast Reserve,2021-09-06T11:04:00,80,264.98,2021-09-06T11:15:00,2021-09-06T11:01:30,2021-09-06T11:13:30
11526,Non-BM Fast Reserve,2021-09-06T11:04:00,52,168,2021-09-06T11:08:52,2021-09-06T11:01:30,2021-09-06T11:08:00
11529,Non-BM Fast Reserve,2021-09-06T11:34:00,80,264.98,2021-09-06T11:43:00,2021-09-06T11:31:31,2021-09-06T11:41:01
11528,Non-BM Fast Reserve,2021-09-06T11:34:00,52,168,2021-09-06T11:41:52,2021-09-06T11:31:31,2021-09-06T11:41:01
11530,Non-BM Fast Reserve,2021-09-06T11:36:00,80,264.98,2021-09-06T11:43:13,2021-09-06T11:34:01,2021-09-06T11:41:01
11531,Non-BM Fast Reserve,2021-09-06T11:49:00,60,269.98,2021-09-06T12:00:30,2021-09-06T11:47:01,2021-09-06T11:58:32
11532,Non-BM Fast Reserve,2021-09-06T12:16:00,60,264.98,2021-09-06T12:26:00,2021-09-06T12:14:03,2021-09-06T12:24:03
11533,Non-BM Fast Reserve,2021-09-06T12:16:00,52,168,2021-09-06T12:24:52,2021-09-06T12:14:03,2021-09-06T12:24:03
11534,Non-BM Fast Reserve,2021-09-06T12:16:00,80,264.98,2021-09-06T12:26:00,2021-09-06T12:14:03,2021-09-06T12:24:03
11535,Non-BM Fast Reserve,2021-09-06T19:36:00,46,180,2021-09-06T19:51:46,2021-09-06T19:33:37,2021-09-06T19:51:07
11536,Non-BM Fast Reserve,2021-09-06T20:31:00,46,180,2021-09-06T20:47:46,2021-09-06T20:29:38,2021-09-06T20:47:09
11537,Non-BM Fast Reserve,2021-09-06T21:38:00,46,180,2021-09-06T21:46:46,2021-09-06T21:36:11,2021-09-06T21:45:41
11538,Non-BM Fast Reserve,2021-09-07T04:07:00,41,200,2021-09-07T04:23:41,2021-09-07T04:05:10,2021-09-07T04:22:31
11540,Non-BM Fast Reserve,2021-09-07T06:17:00,60,204,2021-09-07T10:22:00,2021-09-07T06:14:40,2021-09-07T10:20:05
11539,Non-BM Fast Reserve,2021-09-07T06:17:00,80,144,2021-09-07T10:22:13,2021-09-07T06:14:40,2021-09-07T10:20:05
11542,Non-BM Fast Reserve,2021-09-07T06:21:00,55,185,2021-09-07T06:37:55,2021-09-07T06:18:40,2021-09-07T06:36:40
11541,Non-BM Fast Reserve,2021-09-07T06:21:00,60,204,2021-09-07T10:21:30,2021-09-07T06:18:40,2021-09-07T10:19:35
11543,Non-BM Fast Reserve,2021-09-07T06:21:00,28,204,2021-09-07T07:27:00,2021-09-07T06:18:40,2021-09-07T07:25:22
11545,Non-BM Fast Reserve,2021-09-07T07:23:00,80,189.99,2021-09-07T10:22:00,2021-09-07T07:20:52,2021-09-07T10:20:05
11544,Non-BM Fast Reserve,2021-09-07T07:23:00,80,189.99,2021-09-07T10:22:00,2021-09-07T07:20:52,2021-09-07T10:20:05
11546,Non-BM Fast Reserve,2021-09-07T07:23:00,55,185,2021-09-07T07:39:55,2021-09-07T07:21:22,2021-09-07T07:38:53
11547,Non-BM Fast Reserve,2021-09-07T07:28:00,100,210,2021-09-07T10:21:00,2021-09-07T07:25:22,2021-09-07T10:18:35
11548,Non-BM Fast Reserve,2021-09-07T08:47:00,55,185,2021-09-07T09:03:55,2021-09-07T08:45:04,2021-09-07T09:03:04
11549,Non-BM Fast Reserve,2021-09-07T16:46:00,55,175,2021-09-07T17:02:55,2021-09-07T16:43:59,2021-09-07T17:01:30
11550,Non-BM Fast Reserve,2021-09-07T20:27:00,60,204,2021-09-07T20:49:00,2021-09-07T20:25:08,2021-09-07T20:46:39
11551,Non-BM Fast Reserve,2021-09-07T20:27:00,46,180,2021-09-07T20:43:46,2021-09-07T20:25:39,2021-09-07T20:43:09
11552,Non-BM Fast Reserve,2021-09-07T21:14:00,80,204,2021-09-07T21:36:00,2021-09-07T21:12:00,2021-09-07T21:34:31
11554,Non-BM Fast Reserve,2021-09-07T21:14:00,80,206,2021-09-07T21:34:00,2021-09-07T21:12:00,2021-09-07T21:32:01
11555,Non-BM Fast Reserve,2021-09-07T21:14:00,60,204,2021-09-07T21:42:00,2021-09-07T21:12:00,2021-09-07T21:39:31
11553,Non-BM Fast Reserve,2021-09-07T21:14:00,46,180,2021-09-07T21:30:46,2021-09-07T21:12:00,2021-09-07T21:29:31
11556,Non-BM Fast Reserve,2021-09-07T22:06:00,80,206,2021-09-07T22:30:00,2021-09-07T22:03:32,2021-09-07T22:28:04
11558,Non-BM Fast Reserve,2021-09-07T22:06:00,80,204,2021-09-07T22:32:00,2021-09-07T22:03:32,2021-09-07T22:29:34
11557,Non-BM Fast Reserve,2021-09-07T22:06:00,60,204,2021-09-07T22:37:00,2021-09-07T22:03:32,2021-09-07T22:35:04
11559,Non-BM Fast Reserve,2021-09-07T22:10:00,30,162,2021-09-07T22:25:30,2021-09-07T22:07:33,2021-09-07T22:25:04
11560,Non-BM Fast Reserve,2021-09-07T22:17:00,100,210,2021-09-07T22:26:00,2021-09-07T22:15:03,2021-09-07T22:23:34
11561,Non-BM Fast Reserve,2021-09-07T22:17:00,28,207,2021-09-07T22:28:00,2021-09-07T22:15:03,2021-09-07T22:26:04
11563,Non-BM Fast Reserve,2021-09-08T05:03:00,80,144,2021-09-08T05:26:00,2021-09-08T05:00:58,2021-09-08T05:23:58
11562,Non-BM Fast Reserve,2021-09-08T05:03:00,60,144,2021-09-08T05:30:00,2021-09-08T05:00:58,2021-09-08T05:27:58
11564,Non-BM Fast Reserve,2021-09-08T05:07:00,80,144,2021-09-08T05:24:00,2021-09-08T05:04:28,2021-09-08T05:22:28
11565,Non-BM Fast Reserve,2021-09-08T05:07:00,28,144,2021-09-08T05:30:00,2021-09-08T05:04:28,2021-09-08T05:27:58
11566,Non-BM Fast Reserve,2021-09-08T05:10:00,100,149,2021-09-08T05:23:00,2021-09-08T05:07:28,2021-09-08T05:20:58
11567,Non-BM Fast Reserve,2021-09-08T05:10:00,60,144,2021-09-08T05:27:30,2021-09-08T05:07:28,2021-09-08T05:25:28
11569,Non-BM Fast Reserve,2021-09-08T05:43:00,41,200,2021-09-08T05:56:41,2021-09-08T05:40:59,2021-09-08T05:55:59
11568,Non-BM Fast Reserve,2021-09-08T05:43:00,60,209,2021-09-08T10:41:00,2021-09-08T05:40:59,2021-09-08T10:39:20
11570,Non-BM Fast Reserve,2021-09-08T05:43:00,80,209,2021-09-08T06:03:00,2021-09-08T05:40:59,2021-09-08T06:00:30
11571,Non-BM Fast Reserve,2021-09-08T05:44:00,28,219,2021-09-08T05:54:00,2021-09-08T05:41:59,2021-09-08T05:51:29
11572,Non-BM Fast Reserve,2021-09-08T05:44:00,80,209,2021-09-08T10:41:00,2021-09-08T05:41:59,2021-09-08T10:39:20
11576,Non-BM Fast Reserve,2021-09-08T06:15:00,28,219,2021-09-08T07:07:00,2021-09-08T06:12:30,2021-09-08T07:04:32
11574,Non-BM Fast Reserve,2021-09-08T06:15:00,100,219,2021-09-08T07:07:00,2021-09-08T06:12:30,2021-09-08T07:04:32
11573,Non-BM Fast Reserve,2021-09-08T06:15:00,80,209,2021-09-08T07:07:00,2021-09-08T06:12:30,2021-09-08T07:04:32
11575,Non-BM Fast Reserve,2021-09-08T06:15:00,60,219,2021-09-08T07:06:30,2021-09-08T06:12:30,2021-09-08T07:04:32
11577,Non-BM Fast Reserve,2021-09-08T06:24:00,55,185,2021-09-08T06:40:55,2021-09-08T06:22:00,2021-09-08T06:40:01
11578,Non-BM Fast Reserve,2021-09-08T07:00:00,55,185,2021-09-08T07:16:55,2021-09-08T06:58:32,2021-09-08T07:16:02
11579,Non-BM Fast Reserve,2021-09-08T07:15:00,60,219,2021-09-08T09:54:30,2021-09-08T07:13:02,2021-09-08T09:52:16
11580,Non-BM Fast Reserve,2021-09-08T07:52:00,80,209,2021-09-08T09:55:00,2021-09-08T07:50:04,2021-09-08T09:52:16
11581,Non-BM Fast Reserve,2021-09-08T07:52:00,55,185,2021-09-08T08:08:55,2021-09-08T07:50:04,2021-09-08T08:08:05
11582,Non-BM Fast Reserve,2021-09-08T07:52:00,28,219,2021-09-08T09:55:00,2021-09-08T07:50:04,2021-09-08T09:52:16
11583,Non-BM Fast Reserve,2021-09-08T07:52:00,100,219,2021-09-08T09:55:00,2021-09-08T07:50:04,2021-09-08T09:52:16
11584,Non-BM Fast Reserve,2021-09-08T08:29:00,55,185,2021-09-08T08:45:55,2021-09-08T08:26:36,2021-09-08T08:44:14
11585,Non-BM Fast Reserve,2021-09-08T09:04:00,55,185,2021-09-08T09:20:55,2021-09-08T09:02:14,2021-09-08T09:20:15
11586,Non-BM Fast Reserve,2021-09-08T09:41:00,55,185,2021-09-08T09:56:55,2021-09-08T09:38:45,2021-09-08T09:55:46
11588,Non-BM Fast Reserve,2021-09-08T11:18:00,60,264.99,2021-09-08T16:04:00,2021-09-08T11:15:52,2021-09-08T16:01:45
11587,Non-BM Fast Reserve,2021-09-08T11:18:00,52,200,2021-09-08T11:34:52,2021-09-08T11:15:52,2021-09-08T11:33:22
11589,Non-BM Fast Reserve,2021-09-08T11:18:00,80,264.99,2021-09-08T16:04:00,2021-09-08T11:15:52,2021-09-08T16:01:45
11590,Non-BM Fast Reserve,2021-09-08T11:40:00,80,264.99,2021-09-08T13:25:00,2021-09-08T11:37:53,2021-09-08T13:23:23
11591,Non-BM Fast Reserve,2021-09-08T11:40:00,28,269.99,2021-09-08T13:25:00,2021-09-08T11:37:53,2021-09-08T13:23:23
11592,Non-BM Fast Reserve,2021-09-08T11:57:00,100,269.99,2021-09-08T13:22:00,2021-09-08T11:54:53,2021-09-08T13:20:22
11593,Non-BM Fast Reserve,2021-09-08T11:57:00,52,200,2021-09-08T12:13:52,2021-09-08T11:54:53,2021-09-08T12:12:54
11594,Non-BM Fast Reserve,2021-09-08T12:44:00,52,200,2021-09-08T13:00:52,2021-09-08T12:41:47,2021-09-08T12:59:20
11597,Non-BM Fast Reserve,2021-09-08T13:40:00,28,269.99,2021-09-08T14:27:00,2021-09-08T13:38:24,2021-09-08T14:25:30
11596,Non-BM Fast Reserve,2021-09-08T13:40:00,100,269.99,2021-09-08T14:27:00,2021-09-08T13:38:24,2021-09-08T14:25:30
11595,Non-BM Fast Reserve,2021-09-08T13:40:00,80,264.99,2021-09-08T14:27:00,2021-09-08T13:38:24,2021-09-08T14:25:30
11598,Non-BM Fast Reserve,2021-09-08T13:40:00,52,200,2021-09-08T13:56:52,2021-09-08T13:39:24,2021-09-08T13:55:32
11599,Non-BM Fast Reserve,2021-09-08T17:02:00,55,175,2021-09-08T17:18:55,2021-09-08T17:00:08,2021-09-08T17:18:09
11600,Non-BM Fast Reserve,2021-09-08T17:02:00,60,330,2021-09-08T17:22:00,2021-09-08T17:00:08,2021-09-08T17:20:09
11610,Non-BM STOR,2021-09-08T17:06:00,7,289.12,2021-09-08T17:27:58,2021-09-08T17:03:08,2021-09-08T17:21:39
11606,Non-BM STOR,2021-09-08T17:03:00,10,198,2021-09-08T17:30:00,2021-09-08T17:03:08,2021-09-08T17:21:39
11601,Non-BM STOR,2021-09-08T17:04:00,12,289.12,2021-09-08T17:30:57,2021-09-08T17:03:08,2021-09-08T17:21:39
11609,Non-BM STOR,2021-09-08T17:03:00,10,190,2021-09-08T17:28:59,2021-09-08T17:03:08,2021-09-08T17:21:39
11605,Non-BM STOR,2021-09-08T17:04:00,10,289.12,2021-09-08T17:30:55,2021-09-08T17:03:08,2021-09-08T17:21:39
11602,Non-BM STOR,2021-09-08T17:05:00,20,400,2021-09-08T17:26:00,2021-09-08T17:03:08,2021-09-08T17:21:39
11612,Non-BM STOR,2021-09-08T17:17:00,3,300,2021-09-08T20:13:00,2021-09-08T17:03:08,2021-09-08T20:11:30
11607,Non-BM STOR,2021-09-08T17:04:00,12,289.12,2021-09-08T17:30:57,2021-09-08T17:03:08,2021-09-08T17:21:39
11603,Non-BM STOR,2021-09-08T17:03:00,43,128,2021-09-08T17:26:00,2021-09-08T17:03:08,2021-09-08T17:21:39
11611,Non-BM STOR,2021-09-08T17:04:00,10,289.12,2021-09-08T17:30:55,2021-09-08T17:03:08,2021-09-08T17:21:39
11608,Non-BM STOR,2021-09-08T17:03:00,4,178,2021-09-08T17:30:00,2021-09-08T17:03:08,2021-09-08T17:21:39
11604,Non-BM STOR,2021-09-08T17:03:00,20,300,2021-09-08T20:22:00,2021-09-08T17:03:08,2021-09-08T20:11:30
11613,Non-BM STOR,2021-09-08T17:03:00,5,400,2021-09-08T17:27:00,2021-09-08T17:03:38,2021-09-08T17:21:39
11615,Non-BM STOR,2021-09-08T17:03:00,3,400,2021-09-08T17:27:00,2021-09-08T17:03:38,2021-09-08T17:21:39
11614,Non-BM STOR,2021-09-08T17:04:00,12,400,2021-09-08T17:30:57,2021-09-08T17:03:38,2021-09-08T17:21:39
11616,Non-BM Fast Reserve,2021-09-08T19:40:00,60,550,2021-09-08T19:52:00,2021-09-08T19:37:57,2021-09-08T19:49:58
11617,Non-BM Fast Reserve,2021-09-08T20:37:00,60,180,2021-09-08T20:56:00,2021-09-08T20:35:13,2021-09-08T20:53:55
11618,Non-BM Fast Reserve,2021-09-08T20:37:00,46,195,2021-09-08T20:53:46,2021-09-08T20:35:13,2021-09-08T20:52:55
11619,Non-BM Fast Reserve,2021-09-08T21:35:00,46,195,2021-09-08T21:40:46,2021-09-08T21:33:29,2021-09-08T21:39:59
11620,Non-BM Fast Reserve,2021-09-08T21:38:00,80,250,2021-09-08T21:46:00,2021-09-08T21:35:29,2021-09-08T21:43:29
11621,Non-BM Fast Reserve,2021-09-08T21:38:00,80,250,2021-09-08T21:46:00,2021-09-08T21:35:29,2021-09-08T21:43:29
11622,Non-BM Fast Reserve,2021-09-08T22:07:00,80,180,2021-09-08T22:28:00,2021-09-08T22:04:30,2021-09-08T22:25:34
11623,Non-BM Fast Reserve,2021-09-08T22:08:00,80,180,2021-09-08T22:28:00,2021-09-08T22:06:00,2021-09-08T22:25:34
11624,Non-BM Fast Reserve,2021-09-08T22:21:00,100,190,2021-09-08T22:29:00,2021-09-08T22:19:03,2021-09-08T22:26:34
11626,Non-BM Fast Reserve,2021-09-09T05:37:00,80,225,2021-09-09T05:58:00,2021-09-09T05:34:59,2021-09-09T05:55:29
11625,Non-BM Fast Reserve,2021-09-09T05:37:00,41,200,,2021-09-09T05:34:59,
11627,Non-BM Fast Reserve,2021-09-09T05:37:00,28,225,2021-09-09T05:58:00,2021-09-09T05:34:59,2021-09-09T05:55:29
11628,Non-BM Fast Reserve,2021-09-09T05:41:00,100,225,2021-09-09T06:02:00,2021-09-09T05:38:59,2021-09-09T05:59:29
11629,Non-BM Fast Reserve,2021-09-09T05:41:00,80,225,2021-09-09T06:02:00,2021-09-09T05:38:59,2021-09-09T05:59:29
11640,Non-BM STOR,2021-09-09T06:11:00,20,300,2021-09-09T10:29:00,2021-09-09T06:11:00,2021-09-09T10:18:42
11635,Non-BM STOR,2021-09-09T06:11:00,10,190,2021-09-09T09:29:59,2021-09-09T06:11:00,2021-09-09T09:22:48
11631,Non-BM STOR,2021-09-09T06:11:00,45,128,2021-09-09T10:26:00,2021-09-09T06:11:00,2021-09-09T10:22:12
11636,Non-BM STOR,2021-09-09T06:12:00,12,289.12,2021-09-09T09:28:57,2021-09-09T06:11:00,2021-09-09T09:19:48
11630,Non-BM STOR,2021-09-09T06:11:00,43,128,2021-09-09T10:26:00,2021-09-09T06:11:00,2021-09-09T10:22:12
11637,Non-BM STOR,2021-09-09T06:14:00,7,289.12,2021-09-09T09:24:58,2021-09-09T06:11:00,2021-09-09T09:18:47
11634,Non-BM STOR,2021-09-09T06:12:00,12,289.12,2021-09-09T09:28:57,2021-09-09T06:11:00,2021-09-09T09:19:48
11639,Non-BM STOR,2021-09-09T06:12:00,10,289.12,2021-09-09T09:28:55,2021-09-09T06:11:00,2021-09-09T09:19:48
11633,Non-BM STOR,2021-09-09T06:11:00,4,178,2021-09-09T08:27:00,2021-09-09T06:11:00,2021-09-09T08:19:02
11638,Non-BM STOR,2021-09-09T06:11:00,10,198,2021-09-09T08:27:00,2021-09-09T06:11:00,2021-09-09T08:19:02
11632,Non-BM STOR,2021-09-09T06:12:00,10,289.12,2021-09-09T09:28:55,2021-09-09T06:11:00,2021-09-09T09:19:48
11641,Non-BM Fast Reserve,2021-09-09T06:13:00,100,225,2021-09-09T06:32:00,2021-09-09T06:11:30,2021-09-09T06:30:10
11642,Non-BM Fast Reserve,2021-09-09T06:13:00,80,225,2021-09-09T06:32:00,2021-09-09T06:11:30,2021-09-09T06:30:10
11643,Non-BM Fast Reserve,2021-09-09T06:43:00,100,225,2021-09-09T07:58:00,2021-09-09T06:41:12,2021-09-09T07:56:05
11644,Non-BM Fast Reserve,2021-09-09T06:43:00,80,225,2021-09-09T07:28:00,2021-09-09T06:41:12,2021-09-09T07:25:30
11647,Non-BM STOR,2021-09-09T07:18:00,5,400,2021-09-09T10:27:00,2021-09-09T07:17:47,2021-09-09T10:22:12
11646,Non-BM STOR,2021-09-09T07:18:00,3,400,2021-09-09T10:27:00,2021-09-09T07:17:47,2021-09-09T10:22:12
11645,Non-BM STOR,2021-09-09T07:19:00,12,400,2021-09-09T10:30:57,2021-09-09T07:17:47,2021-09-09T10:22:12
11648,Non-BM Fast Reserve,2021-09-09T08:16:00,55,185,2021-09-09T08:31:55,2021-09-09T08:13:35,2021-09-09T08:31:33
11649,Non-BM Fast Reserve,2021-09-09T09:02:00,55,185,2021-09-09T09:18:55,2021-09-09T09:00:15,2021-09-09T09:17:46
11650,Non-BM Fast Reserve,2021-09-09T10:16:00,52,200,2021-09-09T10:32:52,2021-09-09T10:13:42,2021-09-09T10:31:27
11651,Non-BM Fast Reserve,2021-09-09T10:52:00,52,200,2021-09-09T11:07:52,2021-09-09T10:49:27,2021-09-09T11:07:28
11652,Non-BM Fast Reserve,2021-09-09T11:32:00,52,200,2021-09-09T11:48:52,2021-09-09T11:29:29,2021-09-09T11:47:29
11653,Non-BM Fast Reserve,2021-09-09T12:10:00,52,200,2021-09-09T12:25:52,2021-09-09T12:07:33,2021-09-09T12:25:09
11654,Non-BM Fast Reserve,2021-09-09T12:45:00,52,200,2021-09-09T12:56:52,2021-09-09T12:43:09,2021-09-09T12:55:40
11655,Non-BM Fast Reserve,2021-09-09T14:44:00,55,175,2021-09-09T15:00:55,2021-09-09T14:41:54,2021-09-09T14:59:55
11656,Non-BM STOR,2021-09-09T15:26:00,45,128,2021-09-09T16:18:00,2021-09-09T15:25:26,2021-09-09T16:13:36
11657,Non-BM STOR,2021-09-09T15:27:00,12,289.12,2021-09-09T16:05:57,2021-09-09T15:25:56,2021-09-09T15:57:00
11659,Non-BM STOR,2021-09-09T15:26:00,4,178,2021-09-09T16:22:00,2021-09-09T15:25:56,2021-09-09T16:13:36
11660,Non-BM STOR,2021-09-09T15:26:00,3,400,2021-09-09T16:02:00,2021-09-09T15:25:56,2021-09-09T15:57:00
11658,Non-BM STOR,2021-09-09T15:27:00,10,289.12,2021-09-09T16:22:55,2021-09-09T15:25:56,2021-09-09T16:13:36
11662,Non-BM STOR,2021-09-09T15:27:00,10,289.12,2021-09-09T16:22:55,2021-09-09T15:25:56,2021-09-09T16:13:36
11663,Non-BM STOR,2021-09-09T15:27:00,12,289.12,2021-09-09T16:22:57,2021-09-09T15:25:56,2021-09-09T16:13:36
11661,Non-BM STOR,2021-09-09T15:26:00,5,400,2021-09-09T16:02:00,2021-09-09T15:25:56,2021-09-09T15:57:00
11664,Non-BM STOR,2021-09-09T15:26:00,43,128,2021-09-09T16:18:00,2021-09-09T15:25:56,2021-09-09T16:13:36
11665,Non-BM STOR,2021-09-09T15:29:00,7,289.12,2021-09-09T16:19:58,2021-09-09T15:25:56,2021-09-09T16:13:36
11666,Non-BM STOR,2021-09-09T15:26:00,10,198,2021-09-09T16:22:00,2021-09-09T15:25:56,2021-09-09T16:13:36
11667,Non-BM Fast Reserve,2021-09-09T15:29:00,55,175,2021-09-09T15:45:55,2021-09-09T15:26:56,2021-09-09T15:44:59
11668,Non-BM Fast Reserve,2021-09-09T21:13:00,80,400,2021-09-09T21:45:00,2021-09-09T21:11:27,2021-09-09T21:42:27
11669,Non-BM Fast Reserve,2021-09-09T21:13:00,60,400,2021-09-09T21:46:00,2021-09-09T21:11:27,2021-09-09T21:43:58
11670,Non-BM Fast Reserve,2021-09-09T21:13:00,80,400,2021-09-09T21:38:00,2021-09-09T21:11:27,2021-09-09T21:35:57
11671,Non-BM Fast Reserve,2021-09-09T22:15:00,100,200,2021-09-09T22:34:00,2021-09-09T22:13:28,2021-09-09T22:32:02
11672,Non-BM Fast Reserve,2021-09-09T22:15:00,80,200,2021-09-09T22:37:00,2021-09-09T22:13:28,2021-09-09T22:35:05
11673,Non-BM Fast Reserve,2021-09-09T22:15:00,28,200,2021-09-09T22:39:00,2021-09-09T22:13:28,2021-09-09T22:37:05
11675,Non-BM Fast Reserve,2021-09-10T05:30:00,80,305,2021-09-10T06:02:00,2021-09-10T05:28:11,2021-09-10T06:00:14
11674,Non-BM Fast Reserve,2021-09-10T05:30:00,80,305,2021-09-10T06:02:00,2021-09-10T05:28:11,2021-09-10T06:00:14
11676,Non-BM Fast Reserve,2021-09-10T05:54:00,80,305,2021-09-10T06:04:00,2021-09-10T05:51:44,2021-09-10T06:01:14
11677,Non-BM Fast Reserve,2021-09-10T06:22:00,80,305,2021-09-10T06:58:00,2021-09-10T06:19:16,2021-09-10T06:55:57
11678,Non-BM Fast Reserve,2021-09-10T06:22:00,52,185,2021-09-10T06:37:52,2021-09-10T06:19:46,2021-09-10T06:37:18
11679,Non-BM Fast Reserve,2021-09-10T06:22:00,80,305,2021-09-10T07:01:00,2021-09-10T06:20:16,2021-09-10T06:58:27
11680,Non-BM Fast Reserve,2021-09-10T06:25:00,80,305,2021-09-10T06:58:00,2021-09-10T06:23:16,2021-09-10T06:55:57
11682,Non-BM STOR,2021-09-10T06:42:00,3,300,2021-09-10T09:59:00,2021-09-10T06:27:47,2021-09-10T09:57:24
11681,Non-BM STOR,2021-09-10T06:28:00,10,198,2021-09-10T08:44:00,2021-09-10T06:27:47,2021-09-10T08:36:07
11693,Non-BM STOR,2021-09-10T06:28:00,3,400,2021-09-10T10:03:00,2021-09-10T06:28:17,2021-09-10T09:57:24
11683,Non-BM STOR,2021-09-10T06:29:00,12,289.12,2021-09-10T08:10:57,2021-09-10T06:28:17,2021-09-10T08:02:03
11694,Non-BM STOR,2021-09-10T06:28:00,5,400,2021-09-10T10:03:00,2021-09-10T06:28:17,2021-09-10T09:57:24
11684,Non-BM STOR,2021-09-10T06:32:00,45,700,2021-09-10T10:13:31,2021-09-10T06:28:17,2021-09-10T09:57:24
11689,Non-BM STOR,2021-09-10T06:29:00,12,289.12,2021-09-10T08:10:57,2021-09-10T06:28:17,2021-09-10T08:02:03
11685,Non-BM STOR,2021-09-10T06:28:00,20,799,2021-09-10T09:39:59,2021-09-10T06:28:17,2021-09-10T09:33:51
11687,Non-BM STOR,2021-09-10T06:29:00,10,289.12,2021-09-10T08:10:55,2021-09-10T06:28:17,2021-09-10T08:02:03
11692,Non-BM STOR,2021-09-10T06:28:00,20,799,2021-09-10T09:39:59,2021-09-10T06:28:17,2021-09-10T09:33:51
11690,Non-BM STOR,2021-09-10T06:28:00,4,178,2021-09-10T08:44:00,2021-09-10T06:28:17,2021-09-10T08:36:07
11686,Non-BM STOR,2021-09-10T06:31:00,7,289.12,2021-09-10T08:07:58,2021-09-10T06:28:17,2021-09-10T08:02:03
11691,Non-BM STOR,2021-09-10T06:28:00,10,190,2021-09-10T06:31:59,2021-09-10T06:28:17,2021-09-10T06:29:47
11688,Non-BM STOR,2021-09-10T06:29:00,10,289.12,2021-09-10T08:10:55,2021-09-10T06:28:17,2021-09-10T08:02:03
11695,Non-BM Fast Reserve,2021-09-10T07:56:00,52,185,2021-09-10T08:12:52,2021-09-10T07:54:03,2021-09-10T08:11:34
11696,Non-BM STOR,2021-09-10T08:04:00,23,1000,2021-09-10T10:02:36,2021-09-10T07:57:33,2021-09-10T09:57:24
11697,Non-BM STOR,2021-09-10T07:58:00,20,799,2021-09-10T10:03:59,2021-09-10T07:57:33,2021-09-10T09:57:24
11698,Non-BM STOR,2021-09-10T07:58:00,6,3125,2021-09-10T10:06:00,2021-09-10T07:58:03,2021-09-10T09:57:24
11701,Non-BM STOR,2021-09-10T07:58:00,20,3125,2021-09-10T09:48:00,2021-09-10T07:58:03,2021-09-10T09:39:21
11699,Non-BM STOR,2021-09-10T07:58:00,20,3125,2021-09-10T09:48:00,2021-09-10T07:58:03,2021-09-10T09:39:21
11702,Non-BM STOR,2021-09-10T07:58:00,10,3125,2021-09-10T10:06:00,2021-09-10T07:58:03,2021-09-10T09:57:24
11700,Non-BM STOR,2021-09-10T07:58:00,20,3125,2021-09-10T09:48:00,2021-09-10T07:58:03,2021-09-10T09:39:21
11703,Non-BM Fast Reserve,2021-09-10T09:11:00,52,185,2021-09-10T09:27:52,2021-09-10T09:09:20,2021-09-10T09:27:21
11704,Non-BM Fast Reserve,2021-09-10T10:25:00,52,250,2021-09-10T10:41:52,2021-09-10T10:22:58,2021-09-10T10:40:30
11705,Non-BM Fast Reserve,2021-09-10T11:36:00,52,250,2021-09-10T11:40:52,2021-09-10T11:33:33,2021-09-10T11:40:04
11706,Non-BM Fast Reserve,2021-09-10T12:16:00,52,250,2021-09-10T12:27:52,2021-09-10T12:14:09,2021-09-10T12:27:10
11707,Non-BM Fast Reserve,2021-09-10T13:50:00,52,250,2021-09-10T13:54:52,2021-09-10T13:47:48,2021-09-10T13:53:48
11709,Non-BM Fast Reserve,2021-09-10T15:51:00,60,430,2021-09-10T16:07:00,2021-09-10T15:48:34,2021-09-10T16:04:35
11708,Non-BM Fast Reserve,2021-09-10T15:51:00,55,250,2021-09-10T16:05:55,2021-09-10T15:48:34,2021-09-10T16:04:35
11711,Non-BM Fast Reserve,2021-09-10T17:01:00,55,250,2021-09-10T17:06:55,2021-09-10T16:59:17,2021-09-10T17:05:47
11710,Non-BM Fast Reserve,2021-09-10T17:01:00,60,430,2021-09-10T17:09:00,2021-09-10T16:59:17,2021-09-10T17:07:17
11712,Non-BM Fast Reserve,2021-09-10T19:33:00,80,430,2021-09-10T19:41:00,2021-09-10T19:30:31,2021-09-10T19:39:02
11713,Non-BM Fast Reserve,2021-09-10T19:33:00,60,430,2021-09-10T19:41:00,2021-09-10T19:30:31,2021-09-10T19:39:02
11714,Non-BM Fast Reserve,2021-09-10T19:35:00,46,250,2021-09-10T19:40:46,2021-09-10T19:33:02,2021-09-10T19:39:32
11717,Non-BM Fast Reserve,2021-09-10T20:04:00,80,430,2021-09-10T20:35:00,2021-09-10T20:01:43,2021-09-10T20:33:15
11716,Non-BM Fast Reserve,2021-09-10T20:04:00,60,430,2021-09-10T20:35:00,2021-09-10T20:01:43,2021-09-10T20:33:15
11715,Non-BM Fast Reserve,2021-09-10T20:04:00,46,250,2021-09-10T20:20:46,2021-09-10T20:01:43,2021-09-10T20:19:13
11719,Non-BM Fast Reserve,2021-09-10T23:04:00,80,190,2021-09-10T23:59:00,2021-09-10T23:02:24,2021-09-10T23:56:57
11718,Non-BM Fast Reserve,2021-09-10T23:04:00,60,190,2021-09-10T23:59:00,2021-09-10T23:02:24,2021-09-10T23:56:57
11722,Non-BM Fast Reserve,2021-09-11T05:15:00,28,225,2021-09-11T05:25:00,2021-09-11T05:12:44,2021-09-11T05:22:45
11720,Non-BM Fast Reserve,2021-09-11T05:15:00,80,225,2021-09-11T05:25:00,2021-09-11T05:12:44,2021-09-11T05:22:45
11721,Non-BM Fast Reserve,2021-09-11T05:15:00,60,225,2021-09-11T05:25:00,2021-09-11T05:12:44,2021-09-11T05:22:45
11724,Non-BM Fast Reserve,2021-09-11T05:45:00,28,225,2021-09-11T05:53:00,2021-09-11T05:42:52,2021-09-11T05:50:55
11723,Non-BM Fast Reserve,2021-09-11T05:45:00,60,225,2021-09-11T05:53:00,2021-09-11T05:42:52,2021-09-11T05:50:55
11725,Non-BM Fast Reserve,2021-09-11T05:45:00,80,225,2021-09-11T05:53:00,2021-09-11T05:42:52,2021-09-11T05:50:55
11727,Non-BM Fast Reserve,2021-09-11T08:01:00,28,225,2021-09-11T08:20:00,2021-09-11T07:58:23,2021-09-11T08:17:24
11726,Non-BM Fast Reserve,2021-09-11T08:01:00,60,225,2021-09-11T08:20:00,2021-09-11T07:58:23,2021-09-11T08:17:24
11729,Non-BM Fast Reserve,2021-09-11T09:04:00,80,225,2021-09-11T09:37:00,2021-09-11T09:02:03,2021-09-11T09:35:10
11728,Non-BM Fast Reserve,2021-09-11T09:04:00,28,225,2021-09-11T09:39:00,2021-09-11T09:02:03,2021-09-11T09:36:40
11730,Non-BM Fast Reserve,2021-09-11T09:04:00,60,225,2021-09-11T09:38:00,2021-09-11T09:02:03,2021-09-11T09:35:40
11731,Non-BM Fast Reserve,2021-09-11T09:07:00,80,225,2021-09-11T09:16:00,2021-09-11T09:05:03,2021-09-11T09:14:07
11732,Non-BM Fast Reserve,2021-09-11T12:48:00,80,225,2021-09-11T12:58:00,2021-09-11T12:46:22,2021-09-11T12:55:52
11733,Non-BM Fast Reserve,2021-09-11T12:52:00,80,225,2021-09-11T13:01:00,2021-09-11T12:50:22,2021-09-11T12:58:53
11734,Non-BM Fast Reserve,2021-09-11T15:30:00,80,200,2021-09-11T15:40:00,2021-09-11T15:28:13,2021-09-11T15:38:13
11735,Non-BM Fast Reserve,2021-09-11T15:30:00,60,200,2021-09-11T16:23:00,2021-09-11T15:28:13,2021-09-11T16:20:49
11736,Non-BM Fast Reserve,2021-09-11T15:30:00,80,200,2021-09-11T15:40:00,2021-09-11T15:28:13,2021-09-11T15:38:13
11737,Non-BM Fast Reserve,2021-09-11T15:31:00,80,200,2021-09-11T16:23:00,2021-09-11T15:28:43,2021-09-11T16:20:49
11738,Non-BM Fast Reserve,2021-09-11T16:16:00,80,200,2021-09-11T16:24:00,2021-09-11T16:13:49,2021-09-11T16:21:49
11739,Non-BM Fast Reserve,2021-09-11T16:16:00,80,180,2021-09-11T16:24:13,2021-09-11T16:13:49,2021-09-11T16:21:49
11740,Non-BM Fast Reserve,2021-09-11T16:49:00,60,200,2021-09-11T16:59:00,2021-09-11T16:46:28,2021-09-11T16:56:28
11742,Non-BM Fast Reserve,2021-09-11T17:40:00,80,210,2021-09-11T17:57:00,2021-09-11T17:38:00,2021-09-11T17:55:07
11741,Non-BM Fast Reserve,2021-09-11T17:40:00,60,210,2021-09-11T17:57:00,2021-09-11T17:38:00,2021-09-11T17:55:07
11743,Non-BM Fast Reserve,2021-09-11T18:29:00,80,210,2021-09-11T19:08:00,2021-09-11T18:27:13,2021-09-11T19:06:02
11744,Non-BM Fast Reserve,2021-09-11T18:29:00,60,210,2021-09-11T19:12:00,2021-09-11T18:27:13,2021-09-11T19:10:02
11746,Non-BM Fast Reserve,2021-09-11T18:49:00,80,210,2021-09-11T19:11:00,2021-09-11T18:46:23,2021-09-11T19:08:32
11745,Non-BM Fast Reserve,2021-09-11T18:49:00,80,210,2021-09-11T19:09:00,2021-09-11T18:46:23,2021-09-11T19:07:02
11747,Non-BM Fast Reserve,2021-09-11T21:47:00,80,180,2021-09-11T22:14:00,2021-09-11T21:44:46,2021-09-11T22:11:17
11748,Non-BM Fast Reserve,2021-09-11T21:47:00,60,180,2021-09-11T22:22:00,2021-09-11T21:44:46,2021-09-11T22:20:17
11749,Non-BM Fast Reserve,2021-09-11T22:46:00,80,180,2021-09-11T22:56:00,2021-09-11T22:44:32,2021-09-11T22:54:02
11750,Non-BM Fast Reserve,2021-09-11T22:46:00,60,180,2021-09-11T22:56:00,2021-09-11T22:44:32,2021-09-11T22:54:02
11751,Non-BM Fast Reserve,2021-09-12T06:25:00,60,225,2021-09-12T06:39:00,2021-09-12T06:23:12,2021-09-12T06:36:43
11752,Non-BM Fast Reserve,2021-09-12T06:25:00,80,225,2021-09-12T06:39:00,2021-09-12T06:23:12,2021-09-12T06:36:43
11753,Non-BM Fast Reserve,2021-09-12T08:42:00,80,220,2021-09-12T08:52:13,2021-09-12T08:39:54,2021-09-12T08:49:54
11754,Non-BM Fast Reserve,2021-09-12T08:42:00,80,220,2021-09-12T08:52:00,2021-09-12T08:39:54,2021-09-12T08:49:24
11755,Non-BM Fast Reserve,2021-09-12T09:51:00,80,220,2021-09-12T10:09:13,2021-09-12T09:49:07,2021-09-12T10:06:40
11756,Non-BM Fast Reserve,2021-09-12T09:51:00,80,220,2021-09-12T10:10:00,2021-09-12T09:49:07,2021-09-12T10:07:40
11757,Non-BM Fast Reserve,2021-09-12T10:53:00,80,220,2021-09-12T11:24:00,2021-09-12T10:51:12,2021-09-12T11:22:17
11758,Non-BM Fast Reserve,2021-09-12T10:53:00,80,220,2021-09-12T11:25:00,2021-09-12T10:51:12,2021-09-12T11:22:47
11759,Non-BM Fast Reserve,2021-09-12T11:43:00,80,220,2021-09-12T12:24:00,2021-09-12T11:40:48,2021-09-12T12:21:50
11760,Non-BM Fast Reserve,2021-09-12T11:43:00,80,220,2021-09-12T12:44:00,2021-09-12T11:40:48,2021-09-12T12:42:23
11761,Non-BM Fast Reserve,2021-09-12T12:07:00,80,220,2021-09-12T12:43:00,2021-09-12T12:04:49,2021-09-12T12:40:52
11762,Non-BM Fast Reserve,2021-09-12T14:24:00,80,220,2021-09-12T14:44:00,2021-09-12T14:21:30,2021-09-12T14:42:01
11763,Non-BM Fast Reserve,2021-09-12T14:24:00,60,220,2021-09-12T14:44:00,2021-09-12T14:21:30,2021-09-12T14:42:31
11764,Non-BM Fast Reserve,2021-09-12T14:27:00,80,220,2021-09-12T14:41:00,2021-09-12T14:25:30,2021-09-12T14:38:31
11765,Non-BM Fast Reserve,2021-09-12T14:28:00,80,220,2021-09-12T14:41:00,2021-09-12T14:26:00,2021-09-12T14:38:31
11766,Non-BM Fast Reserve,2021-09-12T15:09:00,60,220,2021-09-12T16:35:00,2021-09-12T15:07:04,2021-09-12T16:32:58
11767,Non-BM Fast Reserve,2021-09-12T15:09:00,80,220,2021-09-12T16:34:00,2021-09-12T15:07:04,2021-09-12T16:31:58
11768,Non-BM Fast Reserve,2021-09-12T15:09:00,28,220,2021-09-12T15:58:00,2021-09-12T15:07:04,2021-09-12T15:55:49
11769,Non-BM Fast Reserve,2021-09-12T15:19:00,80,220,2021-09-12T15:58:00,2021-09-12T15:16:35,2021-09-12T15:55:49
11771,Non-BM Fast Reserve,2021-09-12T15:39:00,80,220,2021-09-12T16:34:13,2021-09-12T15:37:09,2021-09-12T16:31:58
11770,Non-BM Fast Reserve,2021-09-12T15:39:00,80,220,2021-09-12T15:58:00,2021-09-12T15:37:09,2021-09-12T15:55:19
11772,Non-BM Fast Reserve,2021-09-12T15:48:00,100,220,2021-09-12T16:21:00,2021-09-12T15:45:39,2021-09-12T16:19:27
11773,Non-BM Fast Reserve,2021-09-12T16:49:00,60,220,2021-09-12T16:58:00,2021-09-12T16:46:29,2021-09-12T16:55:29
11774,Non-BM Fast Reserve,2021-09-12T17:06:00,80,220,2021-09-12T17:22:00,2021-09-12T17:03:32,2021-09-12T17:20:09
11776,Non-BM Fast Reserve,2021-09-12T18:56:00,80,220,2021-09-12T19:06:00,2021-09-12T18:53:15,2021-09-12T19:04:16
11775,Non-BM Fast Reserve,2021-09-12T18:56:00,80,220,2021-09-12T19:11:13,2021-09-12T18:53:15,2021-09-12T19:09:17
11777,Non-BM Fast Reserve,2021-09-12T21:03:00,80,220,2021-09-12T21:26:00,2021-09-12T21:01:27,2021-09-12T21:23:57
11778,Non-BM Fast Reserve,2021-09-12T21:03:00,80,220,2021-09-12T21:25:13,2021-09-12T21:01:27,2021-09-12T21:22:27
11779,Non-BM Fast Reserve,2021-09-13T06:54:00,80,300,2021-09-13T07:41:00,2021-09-13T06:51:58,2021-09-13T07:39:11
11780,Non-BM Fast Reserve,2021-09-13T06:54:00,60,300,2021-09-13T07:41:00,2021-09-13T06:51:58,2021-09-13T07:39:11
11781,Non-BM Fast Reserve,2021-09-13T12:36:00,80,249.85,2021-09-13T12:52:00,2021-09-13T12:34:27,2021-09-13T12:50:00
11782,Non-BM Fast Reserve,2021-09-13T14:32:00,60,249.85,2021-09-13T14:58:00,2021-09-13T14:29:42,2021-09-13T14:55:43
11783,Non-BM Fast Reserve,2021-09-13T14:32:00,80,249.85,2021-09-13T14:58:13,2021-09-13T14:29:42,2021-09-13T14:55:43
11784,Non-BM Fast Reserve,2021-09-13T14:49:00,80,249.85,2021-09-13T14:58:00,2021-09-13T14:46:43,2021-09-13T14:55:43
11785,Non-BM Fast Reserve,2021-09-13T14:49:00,55,210,2021-09-13T14:57:55,2021-09-13T14:46:43,2021-09-13T14:57:13
11786,Non-BM Fast Reserve,2021-09-13T15:41:00,55,210,2021-09-13T15:52:55,2021-09-13T15:38:46,2021-09-13T15:51:51
11787,Non-BM Fast Reserve,2021-09-13T15:43:00,80,249.85,2021-09-13T15:54:13,2021-09-13T15:40:47,2021-09-13T15:51:51
11788,Non-BM Fast Reserve,2021-09-13T15:45:00,100,254.85,2021-09-13T15:53:00,2021-09-13T15:43:17,2021-09-13T15:51:21
11789,Non-BM Fast Reserve,2021-09-13T16:51:00,55,210,2021-09-13T17:11:55,2021-09-13T16:48:57,2021-09-13T17:10:28
11790,Non-BM Fast Reserve,2021-09-13T16:51:00,80,289.99,2021-09-13T17:13:13,2021-09-13T16:49:27,2021-09-13T17:10:28
11791,Non-BM Fast Reserve,2021-09-13T17:38:00,55,210,2021-09-13T17:56:55,2021-09-13T17:36:29,2021-09-13T17:56:03
11792,Non-BM Fast Reserve,2021-09-13T17:38:00,80,289.99,2021-09-13T17:58:13,2021-09-13T17:36:29,2021-09-13T17:56:03
11794,Non-BM Fast Reserve,2021-09-13T20:04:00,43,210,2021-09-13T20:26:43,2021-09-13T20:01:42,2021-09-13T20:25:13
11793,Non-BM Fast Reserve,2021-09-13T20:04:00,80,249.99,2021-09-13T20:28:13,2021-09-13T20:01:42,2021-09-13T20:25:13
11796,Non-BM Fast Reserve,2021-09-13T21:01:00,80,249.99,2021-09-13T21:12:00,2021-09-13T20:58:44,2021-09-13T21:09:44
11795,Non-BM Fast Reserve,2021-09-13T21:01:00,80,249.99,2021-09-13T21:12:00,2021-09-13T20:58:44,2021-09-13T21:09:44
11797,Non-BM Fast Reserve,2021-09-13T21:48:00,80,249.99,2021-09-13T23:12:00,2021-09-13T21:45:45,2021-09-13T23:09:12
11798,Non-BM Fast Reserve,2021-09-13T21:53:00,80,249.99,2021-09-13T23:48:00,2021-09-13T21:50:46,2021-09-13T23:45:44
11799,Non-BM Fast Reserve,2021-09-13T22:00:00,80,249.99,2021-09-13T23:29:13,2021-09-13T21:57:20,2021-09-13T23:26:42
11800,Non-BM Fast Reserve,2021-09-13T22:13:00,100,249.99,2021-09-13T22:41:00,2021-09-13T22:10:31,2021-09-13T22:39:32
11801,Non-BM Fast Reserve,2021-09-14T05:15:00,60,249.99,2021-09-14T05:57:00,2021-09-14T05:12:39,2021-09-14T05:55:10
11802,Non-BM Fast Reserve,2021-09-14T05:15:00,80,249.99,2021-09-14T06:04:00,2021-09-14T05:12:39,2021-09-14T06:02:11
11803,Non-BM Fast Reserve,2021-09-14T05:18:00,80,249.99,2021-09-14T06:05:00,2021-09-14T05:16:09,2021-09-14T06:03:11
11804,Non-BM Fast Reserve,2021-09-14T05:18:00,80,249.99,2021-09-14T06:04:00,2021-09-14T05:16:09,2021-09-14T06:02:11
11805,Non-BM Fast Reserve,2021-09-14T05:26:00,80,249.99,2021-09-14T05:57:13,2021-09-14T05:23:39,2021-09-14T05:55:10
11806,Non-BM Fast Reserve,2021-09-14T05:26:00,100,249.99,2021-09-14T06:03:00,2021-09-14T05:23:39,2021-09-14T06:01:11
11809,Non-BM Fast Reserve,2021-09-14T06:21:00,55,210,2021-09-14T06:52:55,2021-09-14T06:18:41,2021-09-14T06:51:43
11807,Non-BM Fast Reserve,2021-09-14T06:21:00,80,449.85,2021-09-14T06:58:00,2021-09-14T06:18:41,2021-09-14T06:55:43
11808,Non-BM Fast Reserve,2021-09-14T06:21:00,80,449.85,2021-09-14T06:57:00,2021-09-14T06:18:41,2021-09-14T06:54:43
11810,Non-BM Fast Reserve,2021-09-14T06:34:00,100,449.85,2021-09-14T06:56:00,2021-09-14T06:32:12,2021-09-14T06:53:43
11811,Non-BM Fast Reserve,2021-09-14T06:34:00,80,449.85,2021-09-14T06:58:00,2021-09-14T06:32:12,2021-09-14T06:55:43
11812,Non-BM Fast Reserve,2021-09-14T08:01:00,55,210,2021-09-14T08:32:55,2021-09-14T07:58:58,2021-09-14T08:31:31
11813,Non-BM Fast Reserve,2021-09-14T08:03:00,80,449.85,2021-09-14T10:35:00,2021-09-14T08:00:28,2021-09-14T10:32:46
11814,Non-BM Fast Reserve,2021-09-14T08:03:00,80,449.85,2021-09-14T10:37:00,2021-09-14T08:00:58,2021-09-14T10:35:16
11815,Non-BM Fast Reserve,2021-09-14T08:36:00,80,449.85,2021-09-14T10:35:00,2021-09-14T08:34:02,2021-09-14T10:32:46
11816,Non-BM Fast Reserve,2021-09-14T08:36:00,100,449.85,2021-09-14T09:58:00,2021-09-14T08:34:02,2021-09-14T09:55:44
11817,Non-BM Fast Reserve,2021-09-14T09:22:00,55,210,2021-09-14T09:53:55,2021-09-14T09:20:10,2021-09-14T09:52:44
11818,Non-BM Fast Reserve,2021-09-14T10:14:00,100,449.85,2021-09-14T10:34:00,2021-09-14T10:12:15,2021-09-14T10:31:46
11819,Non-BM Fast Reserve,2021-09-14T10:47:00,80,449.85,2021-09-14T12:14:00,2021-09-14T10:44:47,2021-09-14T12:11:56
11820,Non-BM Fast Reserve,2021-09-14T10:47:00,80,449.85,2021-09-14T12:11:00,2021-09-14T10:44:47,2021-09-14T12:08:55
11821,Non-BM Fast Reserve,2021-09-14T10:47:00,52,210,2021-09-14T11:18:52,2021-09-14T10:44:47,2021-09-14T11:17:51
11822,Non-BM Fast Reserve,2021-09-14T10:55:00,80,449.85,2021-09-14T12:11:00,2021-09-14T10:52:48,2021-09-14T12:08:55
11823,Non-BM Fast Reserve,2021-09-14T10:55:00,100,449.85,2021-09-14T11:04:00,2021-09-14T10:52:48,2021-09-14T11:01:20
11824,Non-BM Fast Reserve,2021-09-14T11:13:00,100,449.85,2021-09-14T12:10:00,2021-09-14T11:10:50,2021-09-14T12:07:55
11825,Non-BM Fast Reserve,2021-09-14T11:47:00,52,210,2021-09-14T12:12:52,2021-09-14T11:44:53,2021-09-14T12:11:56
11826,Non-BM STOR,2021-09-14T12:09:00,20,0,2021-09-14T12:25:00,2021-09-14T12:08:55,2021-09-14T12:16:56
11827,Non-BM Fast Reserve,2021-09-14T13:16:00,80,499.85,2021-09-14T13:29:00,2021-09-14T13:14:28,2021-09-14T13:26:29
11828,Non-BM Fast Reserve,2021-09-14T13:16:00,52,210,2021-09-14T13:27:52,2021-09-14T13:14:28,2021-09-14T13:26:59
11829,Non-BM Fast Reserve,2021-09-14T15:47:00,55,210,2021-09-14T15:55:55,2021-09-14T15:44:42,2021-09-14T15:54:43
11830,Non-BM Fast Reserve,2021-09-14T18:39:00,43,210,2021-09-14T19:10:43,2021-09-14T18:37:25,2021-09-14T19:10:00
11831,Non-BM Fast Reserve,2021-09-14T19:43:00,43,210,2021-09-14T20:14:43,2021-09-14T19:41:04,2021-09-14T20:14:08
11832,Non-BM Fast Reserve,2021-09-15T05:52:00,80,450,2021-09-15T06:34:00,2021-09-15T05:50:27,2021-09-15T06:31:58
11833,Non-BM Fast Reserve,2021-09-15T05:52:00,80,450,2021-09-15T06:34:00,2021-09-15T05:50:27,2021-09-15T06:31:58
11834,Non-BM Fast Reserve,2021-09-15T05:52:00,80,450,2021-09-15T05:51:00,2021-09-15T05:50:27,2021-09-15T05:50:57
11835,Non-BM Fast Reserve,2021-09-15T07:37:00,55,210,2021-09-15T08:08:55,2021-09-15T07:34:40,2021-09-15T08:07:41
11836,Non-BM Fast Reserve,2021-09-15T07:37:00,80,424.85,2021-09-15T07:55:00,2021-09-15T07:34:40,2021-09-15T07:53:11
11837,Non-BM Fast Reserve,2021-09-15T07:38:00,80,424.85,2021-09-15T07:55:00,2021-09-15T07:35:10,2021-09-15T07:53:11
11838,Non-BM Fast Reserve,2021-09-15T21:04:00,43,230,2021-09-15T21:30:43,2021-09-15T21:01:59,2021-09-15T21:29:29
11839,Non-BM Fast Reserve,2021-09-16T05:54:00,80,350,2021-09-16T06:02:00,2021-09-16T05:51:34,2021-09-16T05:59:34
11841,Non-BM Fast Reserve,2021-09-16T11:03:00,100,248.98,2021-09-16T11:21:00,2021-09-16T11:00:43,2021-09-16T11:18:44
11840,Non-BM Fast Reserve,2021-09-16T11:03:00,80,248.98,2021-09-16T11:21:00,2021-09-16T11:00:43,2021-09-16T11:18:44
11842,Non-BM Fast Reserve,2021-09-17T05:25:00,43,220,2021-09-17T05:34:43,2021-09-17T05:23:06,2021-09-17T05:34:12
11843,Non-BM Fast Reserve,2021-09-17T05:25:00,80,250,2021-09-17T05:36:13,2021-09-17T05:23:06,2021-09-17T05:34:12
11844,Non-BM Fast Reserve,2021-09-17T06:10:00,80,229.65,2021-09-17T07:33:00,2021-09-17T06:07:44,2021-09-17T07:30:57
11845,Non-BM Fast Reserve,2021-09-17T06:10:00,80,229.65,2021-09-17T08:17:00,2021-09-17T06:08:14,2021-09-17T08:15:01
11847,Non-BM Fast Reserve,2021-09-17T06:15:00,80,229.65,2021-09-17T08:19:00,2021-09-17T06:13:16,2021-09-17T08:16:31
11846,Non-BM Fast Reserve,2021-09-17T06:15:00,80,229.65,2021-09-17T08:12:13,2021-09-17T06:13:16,2021-09-17T08:10:29
11848,Non-BM Fast Reserve,2021-09-17T06:37:00,28,229.65,2021-09-17T08:12:00,2021-09-17T06:34:54,2021-09-17T08:10:29
11849,Non-BM Fast Reserve,2021-09-17T06:38:00,60,229.65,2021-09-17T08:21:00,2021-09-17T06:35:54,2021-09-17T08:18:31
11851,Non-BM Fast Reserve,2021-09-17T06:41:00,55,230,2021-09-17T07:12:55,2021-09-17T06:39:24,2021-09-17T07:12:27
11850,Non-BM Fast Reserve,2021-09-17T06:41:00,100,234.65,2021-09-17T07:32:00,2021-09-17T06:39:24,2021-09-17T07:29:57
11852,Non-BM Fast Reserve,2021-09-17T07:50:00,80,229.65,2021-09-17T08:15:00,2021-09-17T07:47:28,2021-09-17T08:13:00
11853,Non-BM Fast Reserve,2021-09-17T07:51:00,100,234.65,2021-09-17T08:04:00,2021-09-17T07:49:29,2021-09-17T08:01:59
11854,Non-BM Fast Reserve,,,,2021-09-17T08:21:55,,2021-09-17T08:20:31
11856,Non-BM Fast Reserve,2021-09-17T09:02:00,60,239.65,2021-09-17T09:54:00,2021-09-17T08:59:34,2021-09-17T09:51:48
11855,Non-BM Fast Reserve,2021-09-17T09:02:00,55,230,2021-09-17T09:33:55,2021-09-17T08:59:34,2021-09-17T09:32:36
11857,Non-BM Fast Reserve,2021-09-17T09:04:00,80,239.65,2021-09-17T09:51:00,2021-09-17T09:01:34,2021-09-17T09:49:18
11858,Non-BM Fast Reserve,2021-09-17T09:04:00,80,239.65,2021-09-17T09:12:00,2021-09-17T09:01:34,2021-09-17T09:10:04
11859,Non-BM Fast Reserve,2021-09-17T09:04:00,80,239.65,2021-09-17T09:52:00,2021-09-17T09:02:04,2021-09-17T09:49:48
11860,Non-BM Fast Reserve,2021-09-17T12:49:00,80,239.65,2021-09-17T14:28:00,2021-09-17T12:47:16,2021-09-17T14:26:00
11861,Non-BM Fast Reserve,2021-09-17T13:04:00,80,239.65,2021-09-17T13:19:00,2021-09-17T13:01:18,2021-09-17T13:16:52
11862,Non-BM Fast Reserve,2021-09-17T13:33:00,80,239.65,2021-09-17T14:26:00,2021-09-17T13:30:23,2021-09-17T14:24:00
11863,Non-BM Fast Reserve,2021-09-17T13:34:00,80,239.65,2021-09-17T13:57:00,2021-09-17T13:31:27,2021-09-17T13:55:28
11864,Non-BM Fast Reserve,,,,2021-09-17T13:35:52,,2021-09-17T13:34:27
11865,Non-BM Fast Reserve,2021-09-17T13:39:00,80,239.65,2021-09-17T13:55:13,2021-09-17T13:36:27,2021-09-17T13:52:28
11867,Non-BM Fast Reserve,2021-09-17T14:43:00,80,239.65,2021-09-17T15:57:00,2021-09-17T14:40:32,2021-09-17T15:55:09
11866,Non-BM Fast Reserve,2021-09-17T14:43:00,60,239.65,2021-09-17T15:58:00,2021-09-17T14:40:32,2021-09-17T15:55:09
11868,Non-BM Fast Reserve,2021-09-17T14:44:00,80,239.65,2021-09-17T17:58:00,2021-09-17T14:41:32,2021-09-17T17:55:34
11869,Non-BM Fast Reserve,2021-09-17T14:45:00,80,239.65,2021-09-17T16:57:00,2021-09-17T14:43:02,2021-09-17T16:55:17
11870,Non-BM Fast Reserve,2021-09-17T15:15:00,80,239.65,2021-09-17T15:31:13,2021-09-17T15:12:33,2021-09-17T15:28:37
11871,Non-BM Fast Reserve,2021-09-17T15:20:00,100,244.65,2021-09-17T15:29:00,2021-09-17T15:17:35,2021-09-17T15:27:07
11872,Non-BM Fast Reserve,2021-09-17T15:20:00,28,244.65,2021-09-17T15:31:00,2021-09-17T15:17:35,2021-09-17T15:28:37
11873,Non-BM Fast Reserve,2021-09-17T15:46:00,80,239.65,2021-09-17T15:58:13,2021-09-17T15:43:39,2021-09-17T15:55:39
11874,Non-BM Fast Reserve,2021-09-17T16:18:00,57,230,2021-09-17T16:49:57,2021-09-17T16:16:12,2021-09-17T16:49:17
11875,Non-BM Fast Reserve,2021-09-17T16:27:00,80,325,2021-09-17T17:36:13,2021-09-17T16:25:12,2021-09-17T17:34:27
11876,Non-BM Fast Reserve,2021-09-17T16:44:00,100,335,2021-09-17T17:34:00,2021-09-17T16:42:13,2021-09-17T17:32:27
11877,Non-BM Fast Reserve,2021-09-17T17:15:00,57,230,2021-09-17T17:46:57,2021-09-17T17:12:49,2021-09-17T17:45:27
11878,Non-BM Fast Reserve,2021-09-17T17:56:00,100,335,2021-09-17T19:26:00,2021-09-17T17:53:34,2021-09-17T19:23:17
11879,Non-BM Fast Reserve,2021-09-17T18:19:00,45,230,2021-09-17T18:50:45,2021-09-17T18:16:41,2021-09-17T18:49:13
11880,Non-BM Fast Reserve,2021-09-17T19:10:00,45,230,2021-09-17T19:28:45,2021-09-17T19:07:46,2021-09-17T19:27:47
11881,Non-BM Fast Reserve,2021-09-17T19:47:00,80,325,2021-09-17T20:25:00,2021-09-17T19:44:48,2021-09-17T20:23:26
11882,Non-BM Fast Reserve,2021-09-17T19:47:00,45,230,2021-09-17T20:18:45,2021-09-17T19:44:48,2021-09-17T20:17:26
11883,Non-BM Fast Reserve,2021-09-17T19:55:00,80,325,2021-09-17T20:16:00,2021-09-17T19:52:50,2021-09-17T20:13:55
11884,Non-BM Fast Reserve,2021-09-17T19:55:00,80,325,2021-09-17T20:15:13,2021-09-17T19:52:50,2021-09-17T20:12:25
11885,Non-BM Fast Reserve,2021-09-17T20:02:00,100,355,2021-09-17T20:15:00,2021-09-17T19:59:25,2021-09-17T20:12:25
11886,Non-BM Fast Reserve,2021-09-17T21:03:00,45,230,2021-09-17T21:26:45,2021-09-17T21:00:58,2021-09-17T21:25:31
11887,Non-BM Fast Reserve,2021-09-17T22:23:00,30,175,2021-09-17T22:49:30,2021-09-17T22:21:36,2021-09-17T22:48:40
11888,Non-BM Fast Reserve,2021-09-18T00:13:00,30,175,2021-09-18T00:21:30,2021-09-18T00:10:42,2021-09-18T00:21:12
11889,Non-BM Fast Reserve,2021-09-18T00:51:00,30,175,2021-09-18T01:18:30,2021-09-18T00:49:13,2021-09-18T01:18:14
11890,Non-BM Fast Reserve,2021-09-18T05:12:00,28,250,2021-09-18T05:40:00,2021-09-18T05:09:15,2021-09-18T05:38:17
11891,Non-BM Fast Reserve,2021-09-18T05:12:00,80,250,2021-09-18T05:31:00,2021-09-18T05:09:15,2021-09-18T05:28:46
11892,Non-BM Fast Reserve,2021-09-18T05:12:00,43,200,2021-09-18T05:42:43,2021-09-18T05:09:45,2021-09-18T05:42:17
11893,Non-BM Fast Reserve,2021-09-18T05:23:00,80,250,2021-09-18T05:35:00,2021-09-18T05:21:15,2021-09-18T05:33:16
11894,Non-BM Fast Reserve,2021-09-18T07:00:00,55,200,2021-09-18T07:28:55,2021-09-18T06:57:28,2021-09-18T07:27:29
11895,Non-BM Fast Reserve,2021-09-18T11:01:00,52,200,2021-09-18T11:32:52,2021-09-18T10:58:59,2021-09-18T11:31:50
11896,Non-BM Fast Reserve,2021-09-18T12:07:00,52,200,2021-09-18T12:38:52,2021-09-18T12:04:34,2021-09-18T12:37:38
11898,Non-BM Fast Reserve,2021-09-18T12:17:00,80,269,2021-09-18T12:52:00,2021-09-18T12:14:35,2021-09-18T12:50:10
11897,Non-BM Fast Reserve,2021-09-18T12:17:00,80,269,2021-09-18T12:51:00,2021-09-18T12:14:35,2021-09-18T12:49:10
11899,Non-BM Fast Reserve,2021-09-18T14:08:00,57,200,2021-09-18T14:19:57,2021-09-18T14:06:03,2021-09-18T14:19:03
11900,Non-BM Fast Reserve,2021-09-19T04:58:00,43,200,2021-09-19T05:11:43,2021-09-19T04:56:20,2021-09-19T05:11:22
11901,Non-BM Fast Reserve,2021-09-19T15:21:00,57,200,2021-09-19T15:52:57,2021-09-19T15:18:54,2021-09-19T15:51:55
11902,Non-BM Fast Reserve,2021-09-19T16:39:00,80,223,2021-09-19T17:39:00,2021-09-19T16:36:35,2021-09-19T17:37:08
11903,Non-BM Fast Reserve,2021-09-19T16:39:00,57,200,2021-09-19T17:10:57,2021-09-19T16:37:05,2021-09-19T17:09:37
11904,Non-BM Fast Reserve,2021-09-19T16:42:00,80,223,2021-09-19T17:38:13,2021-09-19T16:39:35,2021-09-19T17:36:08
11906,Non-BM Fast Reserve,2021-09-19T18:36:00,28,221,2021-09-19T19:24:00,2021-09-19T18:33:10,2021-09-19T19:22:12
11905,Non-BM Fast Reserve,2021-09-19T18:36:00,60,221,2021-09-19T19:24:00,2021-09-19T18:33:10,2021-09-19T19:22:12
11907,Non-BM Fast Reserve,2021-09-19T18:36:00,80,221,2021-09-19T19:24:00,2021-09-19T18:33:10,2021-09-19T19:22:12
11909,Non-BM Fast Reserve,2021-09-19T20:03:00,80,224,2021-09-19T20:12:13,2021-09-19T20:01:16,2021-09-19T20:09:17
11908,Non-BM Fast Reserve,2021-09-19T20:03:00,60,224,2021-09-19T20:12:00,2021-09-19T20:01:16,2021-09-19T20:09:17
11910,Non-BM Fast Reserve,2021-09-19T21:08:00,80,224,2021-09-19T21:40:13,2021-09-19T21:05:49,2021-09-19T21:38:21
11911,Non-BM Fast Reserve,2021-09-19T21:08:00,60,224,2021-09-19T21:40:00,2021-09-19T21:05:49,2021-09-19T21:38:21
11912,Non-BM Fast Reserve,2021-09-20T06:25:00,80,299,2021-09-20T07:04:00,2021-09-20T06:22:59,2021-09-20T07:01:39
11913,Non-BM Fast Reserve,2021-09-20T06:25:00,60,299,2021-09-20T07:04:00,2021-09-20T06:22:59,2021-09-20T07:01:39
11914,Non-BM Fast Reserve,2021-09-20T06:28:00,80,299,2021-09-20T07:04:00,2021-09-20T06:26:04,2021-09-20T07:01:39
11915,Non-BM Fast Reserve,2021-09-20T06:28:00,55,230,2021-09-20T06:59:55,2021-09-20T06:26:04,2021-09-20T06:59:09
11917,Non-BM Fast Reserve,2021-09-20T19:09:00,52,299.89,2021-09-20T19:16:02,2021-09-20T19:06:26,2021-09-20T19:14:57
11916,Non-BM Fast Reserve,2021-09-20T19:09:00,80,299.89,2021-09-20T19:16:00,2021-09-20T19:06:26,2021-09-20T19:13:57
11918,Non-BM Fast Reserve,2021-09-20T19:09:00,43,220,2021-09-20T19:14:43,2021-09-20T19:06:26,2021-09-20T19:13:27
11919,Non-BM Fast Reserve,2021-09-20T20:14:00,43,220,2021-09-20T20:20:43,2021-09-20T20:11:31,2021-09-20T20:20:01
11920,Non-BM Fast Reserve,2021-09-20T20:14:00,52,249.89,2021-09-20T20:21:02,2021-09-20T20:11:31,2021-09-20T20:20:01
11921,Non-BM Fast Reserve,2021-09-20T21:49:00,80,219.89,2021-09-20T21:56:00,2021-09-20T21:46:42,2021-09-20T21:53:43
11922,Non-BM Fast Reserve,2021-09-20T21:49:00,60,219.89,2021-09-20T21:56:00,2021-09-20T21:46:42,2021-09-20T21:53:43
11924,Non-BM Fast Reserve,2021-09-20T23:07:00,80,209.89,2021-09-20T23:17:00,2021-09-20T23:04:49,2021-09-20T23:14:19
11923,Non-BM Fast Reserve,2021-09-20T23:07:00,60,199.89,2021-09-20T23:22:00,2021-09-20T23:04:49,2021-09-20T23:20:20
11925,Non-BM Fast Reserve,2021-09-20T23:07:00,52,209.89,2021-09-20T23:18:02,2021-09-20T23:04:49,2021-09-20T23:16:19
11927,Non-BM Fast Reserve,2021-09-21T07:36:00,55,220,2021-09-21T07:45:55,2021-09-21T07:34:18,2021-09-21T07:44:49
11926,Non-BM Fast Reserve,2021-09-21T07:36:00,60,239.89,2021-09-21T07:47:00,2021-09-21T07:34:18,2021-09-21T07:44:49
11929,Non-BM Fast Reserve,2021-09-21T08:07:00,55,220,2021-09-21T08:17:55,2021-09-21T08:04:53,2021-09-21T08:16:23
11928,Non-BM Fast Reserve,2021-09-21T08:07:00,60,239.89,2021-09-21T08:19:00,2021-09-21T08:04:53,2021-09-21T08:16:23
11931,Non-BM Fast Reserve,2021-09-21T08:37:00,55,220,2021-09-21T08:44:55,2021-09-21T08:34:55,2021-09-21T08:43:26
11930,Non-BM Fast Reserve,2021-09-21T08:37:00,60,239.89,2021-09-21T08:46:00,2021-09-21T08:34:55,2021-09-21T08:43:26
11932,Non-BM Fast Reserve,2021-09-21T10:04:00,60,239.89,2021-09-21T10:14:00,2021-09-21T10:01:42,2021-09-21T10:11:43
11933,Non-BM Fast Reserve,2021-09-21T10:19:00,80,239.89,2021-09-21T10:38:13,2021-09-21T10:16:43,2021-09-21T10:35:44
11934,Non-BM Fast Reserve,2021-09-21T10:19:00,50,220,2021-09-21T10:36:50,2021-09-21T10:17:13,2021-09-21T10:35:44
11935,Non-BM Fast Reserve,2021-09-21T10:33:00,60,239.89,2021-09-21T10:44:00,2021-09-21T10:30:43,2021-09-21T10:41:46
11936,Non-BM Fast Reserve,2021-09-21T11:01:00,60,239.89,2021-09-21T12:56:00,2021-09-21T10:58:20,2021-09-21T12:54:05
11937,Non-BM Fast Reserve,2021-09-21T11:01:00,80,239.89,2021-09-21T12:14:13,2021-09-21T10:58:55,2021-09-21T12:11:58
11938,Non-BM Fast Reserve,2021-09-21T11:16:00,28,243.9,2021-09-21T12:14:00,2021-09-21T11:13:55,2021-09-21T12:11:58
11939,Non-BM Fast Reserve,2021-09-21T11:16:00,80,243.9,2021-09-21T11:50:00,2021-09-21T11:13:55,2021-09-21T11:48:27
11940,Non-BM Fast Reserve,,,,2021-09-21T11:31:50,,2021-09-21T11:31:26
11941,Non-BM Fast Reserve,2021-09-21T12:06:00,80,232.89,2021-09-21T12:56:00,2021-09-21T12:03:27,2021-09-21T12:54:05
11942,Non-BM Fast Reserve,2021-09-21T12:06:00,50,220,2021-09-21T12:36:50,2021-09-21T12:03:27,2021-09-21T12:36:04
11943,Non-BM Fast Reserve,2021-09-21T13:00:00,80,232.89,2021-09-21T13:21:13,2021-09-21T12:57:35,2021-09-21T13:19:06
11944,Non-BM Fast Reserve,2021-09-21T13:00:00,50,220,2021-09-21T13:20:50,2021-09-21T12:58:05,2021-09-21T13:20:06
11945,Non-BM Fast Reserve,2021-09-21T13:02:00,28,235.9,2021-09-21T13:21:00,2021-09-21T12:59:35,2021-09-21T13:18:36
11946,Non-BM Fast Reserve,2021-09-21T17:10:00,57,220,2021-09-21T17:41:57,2021-09-21T17:07:37,2021-09-21T17:40:38
11947,Non-BM Fast Reserve,2021-09-21T17:47:00,60,229.89,2021-09-21T18:55:00,2021-09-21T17:44:38,2021-09-21T18:53:13
11948,Non-BM Fast Reserve,2021-09-21T17:47:00,80,229.89,2021-09-21T18:54:13,2021-09-21T17:44:38,2021-09-21T18:52:13
11949,Non-BM Fast Reserve,2021-09-21T18:02:00,80,229.89,2021-09-21T18:53:00,2021-09-21T18:00:09,2021-09-21T18:51:13
11950,Non-BM Fast Reserve,2021-09-21T18:11:00,52,234.89,2021-09-21T18:52:02,2021-09-21T18:08:39,2021-09-21T18:51:13
11951,Non-BM Fast Reserve,2021-09-21T18:17:00,43,200,2021-09-21T18:48:43,2021-09-21T18:15:10,2021-09-21T18:48:13
11952,Non-BM Fast Reserve,2021-09-21T19:06:00,80,229.89,2021-09-21T19:32:00,2021-09-21T19:03:45,2021-09-21T19:30:22
11953,Non-BM Fast Reserve,2021-09-21T19:06:00,43,200,2021-09-21T19:34:43,2021-09-21T19:03:45,2021-09-21T19:33:52
11954,Non-BM Fast Reserve,2021-09-21T19:06:00,60,229.89,2021-09-21T19:32:00,2021-09-21T19:03:45,2021-09-21T19:30:22
11955,Non-BM Fast Reserve,2021-09-22T01:01:00,30,175,2021-09-22T01:31:30,2021-09-22T00:58:33,2021-09-22T01:31:07
11956,Non-BM Fast Reserve,2021-09-22T01:01:00,60,199.89,2021-09-22T01:34:00,2021-09-22T00:58:33,2021-09-22T01:31:37
11957,Non-BM Fast Reserve,2021-09-22T01:05:00,80,199.89,2021-09-22T01:18:00,2021-09-22T01:03:03,2021-09-22T01:16:06
11958,Non-BM Fast Reserve,2021-09-22T05:25:00,80,224.48,2021-09-22T05:41:00,2021-09-22T05:22:47,2021-09-22T05:38:52
11960,Non-BM Fast Reserve,2021-09-22T05:25:00,60,224.48,2021-09-22T05:44:00,2021-09-22T05:22:47,2021-09-22T05:41:52
11959,Non-BM Fast Reserve,2021-09-22T05:25:00,80,224.48,2021-09-22T05:43:00,2021-09-22T05:22:47,2021-09-22T05:40:52
11961,Non-BM Fast Reserve,2021-09-22T06:16:00,60,224.48,2021-09-22T07:34:00,2021-09-22T06:14:02,2021-09-22T07:32:13
11963,Non-BM Fast Reserve,2021-09-22T06:16:00,80,224.48,2021-09-22T07:32:00,2021-09-22T06:14:02,2021-09-22T07:30:13
11962,Non-BM Fast Reserve,2021-09-22T06:16:00,80,224.48,2021-09-22T07:34:00,2021-09-22T06:14:02,2021-09-22T07:32:13
11967,Non-BM Fast Reserve,2021-09-22T06:37:00,80,224.48,2021-09-22T07:32:00,2021-09-22T06:35:04,2021-09-22T07:30:13
11966,Non-BM Fast Reserve,2021-09-22T06:37:00,28,229.48,2021-09-22T07:33:00,2021-09-22T06:35:04,2021-09-22T07:30:43
11965,Non-BM Fast Reserve,2021-09-22T06:37:00,80,224.48,2021-09-22T07:33:13,2021-09-22T06:35:04,2021-09-22T07:30:43
11964,Non-BM Fast Reserve,2021-09-22T06:37:00,52,229.48,2021-09-22T07:32:02,2021-09-22T06:35:04,2021-09-22T07:30:43
11968,Non-BM Fast Reserve,2021-09-22T08:03:00,80,224.48,2021-09-22T08:13:00,2021-09-22T08:00:44,2021-09-22T08:11:14
11970,Non-BM Fast Reserve,2021-09-22T08:03:00,60,224.48,2021-09-22T08:13:00,2021-09-22T08:00:44,2021-09-22T08:11:14
11969,Non-BM Fast Reserve,2021-09-22T08:03:00,80,224.48,2021-09-22T08:13:13,2021-09-22T08:00:44,2021-09-22T08:11:14
11971,Non-BM Fast Reserve,2021-09-22T08:33:00,60,224.48,2021-09-22T10:13:00,2021-09-22T08:31:19,2021-09-22T10:10:58
11972,Non-BM Fast Reserve,2021-09-22T08:33:00,80,224.48,2021-09-22T10:13:00,2021-09-22T08:31:19,2021-09-22T10:10:58
11973,Non-BM Fast Reserve,2021-09-22T08:34:00,80,224.48,2021-09-22T08:55:13,2021-09-22T08:31:49,2021-09-22T08:52:52
11974,Non-BM Fast Reserve,2021-09-22T08:34:00,28,226.9,2021-09-22T08:55:00,2021-09-22T08:31:49,2021-09-22T08:52:52
11976,Non-BM Fast Reserve,2021-09-22T08:37:00,80,226.9,2021-09-22T08:54:00,2021-09-22T08:34:49,2021-09-22T08:51:22
11975,Non-BM Fast Reserve,2021-09-22T08:37:00,52,226.9,2021-09-22T08:53:02,2021-09-22T08:34:49,2021-09-22T08:51:22
11977,Non-BM Fast Reserve,2021-09-22T18:00:00,80,219.89,2021-09-22T18:44:13,2021-09-22T17:57:43,2021-09-22T18:41:49
11978,Non-BM Fast Reserve,2021-09-22T18:00:00,80,219.89,2021-09-22T18:44:00,2021-09-22T17:57:43,2021-09-22T18:41:49
11979,Non-BM Fast Reserve,2021-09-23T05:26:00,80,214.89,2021-09-23T05:44:00,2021-09-23T05:24:04,2021-09-23T05:41:35
11981,Non-BM Fast Reserve,2021-09-23T08:04:00,80,214.89,2021-09-23T12:05:13,2021-09-23T08:01:58,2021-09-23T12:02:48
11980,Non-BM Fast Reserve,2021-09-23T08:04:00,80,219.89,2021-09-23T08:25:00,2021-09-23T08:01:58,2021-09-23T08:22:59
11982,Non-BM Fast Reserve,2021-09-23T08:05:00,55,220,2021-09-23T08:22:55,2021-09-23T08:02:58,2021-09-23T08:21:29
11984,Non-BM Fast Reserve,2021-09-23T08:45:00,55,220,2021-09-23T09:16:55,2021-09-23T08:43:30,2021-09-23T09:16:11
11983,Non-BM Fast Reserve,2021-09-23T08:45:00,80,219.89,2021-09-23T12:05:00,2021-09-23T08:43:30,2021-09-23T12:02:48
11985,Non-BM Fast Reserve,2021-09-23T13:26:00,80,214.89,2021-09-23T15:58:00,2021-09-23T13:24:20,2021-09-23T15:55:55
11987,Non-BM Fast Reserve,2021-09-23T13:26:00,60,214.89,2021-09-23T16:05:00,2021-09-23T13:24:20,2021-09-23T16:02:25
11986,Non-BM Fast Reserve,2021-09-23T13:26:00,80,214.89,2021-09-23T16:02:13,2021-09-23T13:24:20,2021-09-23T16:00:25
11989,Non-BM Fast Reserve,2021-09-23T14:17:00,80,219.89,2021-09-23T14:28:00,2021-09-23T14:15:22,2021-09-23T14:25:23
11988,Non-BM Fast Reserve,2021-09-23T14:17:00,80,219.89,2021-09-23T14:28:00,2021-09-23T14:15:22,2021-09-23T14:25:53
11990,Non-BM Fast Reserve,2021-09-23T15:01:00,52,219.89,2021-09-23T16:01:02,2021-09-23T14:58:53,2021-09-23T16:00:25
11991,Non-BM Fast Reserve,2021-09-23T15:17:00,80,219.89,2021-09-23T16:02:00,2021-09-23T15:15:24,2021-09-23T16:00:25
11992,Non-BM Fast Reserve,2021-09-23T15:17:00,80,219.89,2021-09-23T16:05:00,2021-09-23T15:15:24,2021-09-23T16:02:25
11994,Non-BM Fast Reserve,2021-09-23T16:22:00,80,249.89,2021-09-23T17:12:13,2021-09-23T16:19:56,2021-09-23T17:09:57
11993,Non-BM Fast Reserve,2021-09-23T16:22:00,52,249.89,2021-09-23T17:21:02,2021-09-23T16:19:56,2021-09-23T17:19:27
11995,Non-BM Fast Reserve,2021-09-23T16:22:00,80,249.89,2021-09-23T17:12:00,2021-09-23T16:19:56,2021-09-23T17:09:57
11996,Non-BM Fast Reserve,2021-09-23T18:33:00,52,259.89,2021-09-23T18:44:02,2021-09-23T18:31:29,2021-09-23T18:43:00
11997,Non-BM Fast Reserve,2021-09-23T18:33:00,80,259.89,2021-09-23T18:45:00,2021-09-23T18:31:29,2021-09-23T18:43:00
11998,Non-BM Fast Reserve,2021-09-23T22:24:00,80,214.89,2021-09-23T23:23:00,2021-09-23T22:21:41,2021-09-23T23:21:14
11999,Non-BM Fast Reserve,2021-09-23T22:24:00,80,214.89,2021-09-23T23:25:00,2021-09-23T22:21:41,2021-09-23T23:22:44
12000,Non-BM Fast Reserve,2021-09-23T22:46:00,80,214.89,2021-09-23T23:23:13,2021-09-23T22:43:41,2021-09-23T23:21:14
12001,Non-BM Fast Reserve,2021-09-24T04:50:00,80,199.89,2021-09-24T05:00:00,2021-09-24T04:48:12,2021-09-24T04:58:12
12002,Non-BM Fast Reserve,2021-09-24T04:50:00,80,199.89,2021-09-24T05:00:00,2021-09-24T04:48:12,2021-09-24T04:58:12
12006,Non-BM Fast Reserve,2021-09-24T07:10:00,28,219.89,2021-09-24T07:53:00,2021-09-24T07:07:59,2021-09-24T07:51:00
12005,Non-BM Fast Reserve,2021-09-24T07:10:00,60,219.89,2021-09-24T07:53:00,2021-09-24T07:07:59,2021-09-24T07:51:00
12007,Non-BM Fast Reserve,2021-09-24T07:10:00,80,219.89,2021-09-24T07:28:00,2021-09-24T07:07:59,2021-09-24T07:25:29
12003,Non-BM Fast Reserve,2021-09-24T06:11:00,80,219.89,2021-09-24T07:28:00,2021-09-24T06:08:47,2021-09-24T07:25:29
12004,Non-BM Fast Reserve,2021-09-24T06:11:00,80,219.89,2021-09-24T07:53:00,2021-09-24T06:08:47,2021-09-24T07:51:00
12008,Non-BM Fast Reserve,2021-09-24T15:45:00,57,200,2021-09-24T15:56:57,2021-09-24T15:42:59,2021-09-24T15:56:00
12009,Non-BM Fast Reserve,2021-09-24T16:03:00,80,219.95,2021-09-24T16:12:00,2021-09-24T16:00:30,2021-09-24T16:09:31
12010,Non-BM Fast Reserve,2021-09-24T16:03:00,60,219.95,2021-09-24T16:14:00,2021-09-24T16:00:30,2021-09-24T16:11:31
12013,Non-BM Fast Reserve,2021-09-24T16:28:00,60,219.95,2021-09-24T17:35:00,2021-09-24T16:25:31,2021-09-24T17:33:06
12011,Non-BM Fast Reserve,2021-09-24T16:28:00,80,219.95,2021-09-24T17:10:00,2021-09-24T16:25:31,2021-09-24T17:08:02
12012,Non-BM Fast Reserve,2021-09-24T16:28:00,57,200,2021-09-24T16:59:57,2021-09-24T16:25:31,2021-09-24T16:58:32
12014,Non-BM Fast Reserve,2021-09-24T16:29:00,80,219.95,2021-09-24T17:25:00,2021-09-24T16:26:31,2021-09-24T17:23:04
12015,Non-BM Fast Reserve,2021-09-24T16:49:00,80,219.95,2021-09-24T17:11:00,2021-09-24T16:47:02,2021-09-24T17:09:02
12016,Non-BM Fast Reserve,2021-09-24T17:01:00,80,219.95,2021-09-24T17:31:13,2021-09-24T16:58:32,2021-09-24T17:29:06
12017,Non-BM Fast Reserve,2021-09-24T17:05:00,28,224.95,2021-09-24T17:25:00,2021-09-24T17:03:02,2021-09-24T17:23:04
12018,Non-BM Fast Reserve,2021-09-24T18:20:00,53,200,2021-09-24T18:35:53,2021-09-24T18:17:44,2021-09-24T18:35:14
12019,Non-BM Fast Reserve,2021-09-24T18:20:00,80,229.95,2021-09-24T18:34:00,2021-09-24T18:17:44,2021-09-24T18:32:14
12020,Non-BM Fast Reserve,2021-09-24T18:24:00,80,229.95,2021-09-24T18:36:00,2021-09-24T18:21:44,2021-09-24T18:34:14
12021,Non-BM Fast Reserve,2021-09-24T18:24:00,80,229.95,2021-09-24T18:34:00,2021-09-24T18:21:44,2021-09-24T18:32:14
12022,Non-BM Fast Reserve,2021-09-24T18:24:00,80,229.95,2021-09-24T18:36:13,2021-09-24T18:21:44,2021-09-24T18:34:14
12023,Non-BM Fast Reserve,2021-09-25T04:54:00,80,198.95,2021-09-25T05:49:13,2021-09-25T04:51:39,2021-09-25T05:47:11
12024,Non-BM Fast Reserve,2021-09-25T04:54:00,80,198.95,2021-09-25T05:53:00,2021-09-25T04:51:39,2021-09-25T05:51:11
12025,Non-BM Fast Reserve,2021-09-25T05:12:00,80,212.95,2021-09-25T05:48:00,2021-09-25T05:09:40,2021-09-25T05:45:41
12026,Non-BM Fast Reserve,2021-09-25T05:12:00,60,212.95,2021-09-25T05:53:00,2021-09-25T05:09:40,2021-09-25T05:51:11
12027,Non-BM Fast Reserve,2021-09-25T05:21:00,80,214.95,2021-09-25T05:47:00,2021-09-25T05:19:10,2021-09-25T05:45:11
12028,Non-BM Fast Reserve,2021-09-25T05:21:00,28,214.95,2021-09-25T05:47:00,2021-09-25T05:19:10,2021-09-25T05:45:11
12029,Non-BM Fast Reserve,2021-09-25T05:28:00,100,214.95,2021-09-25T05:46:00,2021-09-25T05:25:40,2021-09-25T05:43:41
12031,Non-BM Fast Reserve,2021-09-25T06:18:00,80,212.95,2021-09-25T06:41:00,2021-09-25T06:15:42,2021-09-25T06:38:45
12032,Non-BM Fast Reserve,2021-09-25T06:18:00,60,212.95,2021-09-25T08:24:00,2021-09-25T06:15:42,2021-09-25T08:21:30
12030,Non-BM Fast Reserve,2021-09-25T06:18:00,80,212.95,2021-09-25T06:41:00,2021-09-25T06:15:42,2021-09-25T06:38:45
12033,Non-BM Fast Reserve,2021-09-25T07:01:00,80,212.95,2021-09-25T07:59:00,2021-09-25T06:59:17,2021-09-25T07:56:56
12034,Non-BM Fast Reserve,2021-09-25T07:30:00,80,212.95,2021-09-25T08:24:00,2021-09-25T07:28:19,2021-09-25T08:21:30
12035,Non-BM Fast Reserve,2021-09-25T07:30:00,80,212.95,2021-09-25T07:59:13,2021-09-25T07:28:19,2021-09-25T07:56:56
12037,Non-BM Fast Reserve,2021-09-25T11:05:00,80,212.95,2021-09-25T11:53:00,2021-09-25T11:03:15,2021-09-25T11:51:17
12036,Non-BM Fast Reserve,2021-09-25T11:05:00,60,212.95,2021-09-25T11:53:00,2021-09-25T11:03:15,2021-09-25T11:51:17
12038,Non-BM Fast Reserve,2021-09-25T11:05:00,80,212.95,2021-09-25T11:47:00,2021-09-25T11:03:15,2021-09-25T11:44:17
12039,Non-BM Fast Reserve,2021-09-25T11:09:00,28,214.95,2021-09-25T11:45:00,2021-09-25T11:07:16,2021-09-25T11:43:17
12040,Non-BM Fast Reserve,2021-09-25T11:09:00,80,212.95,2021-09-25T11:45:13,2021-09-25T11:07:16,2021-09-25T11:43:17
12041,Non-BM Fast Reserve,2021-09-25T12:34:00,80,212.95,2021-09-25T12:56:00,2021-09-25T12:31:53,2021-09-25T12:53:24
12042,Non-BM Fast Reserve,2021-09-25T12:34:00,60,212.95,2021-09-25T12:58:00,2021-09-25T12:31:53,2021-09-25T12:55:54
12043,Non-BM Fast Reserve,2021-09-25T12:35:00,80,212.95,2021-09-25T12:56:00,2021-09-25T12:32:53,2021-09-25T12:53:24
12046,Non-BM Fast Reserve,2021-09-26T07:59:00,60,210.9,2021-09-26T08:09:00,2021-09-26T07:57:01,2021-09-26T08:06:32
12045,Non-BM Fast Reserve,2021-09-26T07:59:00,80,210.9,2021-09-26T08:08:00,2021-09-26T07:57:01,2021-09-26T08:05:32
12044,Non-BM Fast Reserve,2021-09-26T07:59:00,50,200,2021-09-26T08:24:50,2021-09-26T07:57:01,2021-09-26T08:23:33
12047,Non-BM Fast Reserve,2021-09-26T15:46:00,60,210.9,2021-09-26T16:24:00,2021-09-26T15:44:16,2021-09-26T16:21:25
12048,Non-BM Fast Reserve,2021-09-26T15:46:00,57,200,2021-09-26T16:17:57,2021-09-26T15:44:16,2021-09-26T16:17:25
12049,Non-BM Fast Reserve,2021-09-26T18:17:00,60,210.9,2021-09-26T18:26:00,2021-09-26T18:15:00,2021-09-26T18:24:00
12051,Non-BM Fast Reserve,2021-09-26T18:17:00,80,210.9,2021-09-26T18:25:00,2021-09-26T18:15:00,2021-09-26T18:22:30
12050,Non-BM Fast Reserve,2021-09-26T18:17:00,80,210.9,2021-09-26T18:26:00,2021-09-26T18:15:00,2021-09-26T18:24:00
12052,Non-BM Fast Reserve,2021-09-26T21:53:00,60,198,2021-09-26T22:01:00,2021-09-26T21:50:28,2021-09-26T21:58:59
12053,Non-BM Fast Reserve,2021-09-26T21:53:00,80,198,2021-09-26T22:01:00,2021-09-26T21:50:28,2021-09-26T21:58:59
12055,Non-BM Fast Reserve,2021-09-26T22:40:00,60,198,2021-09-26T22:56:00,2021-09-26T22:38:07,2021-09-26T22:54:07
12054,Non-BM Fast Reserve,2021-09-26T22:40:00,80,198,2021-09-26T22:56:00,2021-09-26T22:38:07,2021-09-26T22:54:07
12056,Non-BM Fast Reserve,2021-09-27T01:20:00,60,198,2021-09-27T02:44:00,2021-09-27T01:17:58,2021-09-27T02:41:51
12057,Non-BM Fast Reserve,2021-09-27T01:20:00,80,198,2021-09-27T02:39:00,2021-09-27T01:17:58,2021-09-27T02:37:21
12059,Non-BM Fast Reserve,2021-09-27T01:22:00,80,198,2021-09-27T01:51:00,2021-09-27T01:19:58,2021-09-27T01:48:59
12058,Non-BM Fast Reserve,2021-09-27T01:22:00,80,198,2021-09-27T02:44:00,2021-09-27T01:19:58,2021-09-27T02:41:51
12061,Non-BM Fast Reserve,2021-09-27T01:23:00,100,199,2021-09-27T01:47:00,2021-09-27T01:21:28,2021-09-27T01:44:59
12062,Non-BM Fast Reserve,2021-09-27T01:23:00,80,198,2021-09-27T02:43:13,2021-09-27T01:21:28,2021-09-27T02:40:51
12060,Non-BM Fast Reserve,2021-09-27T01:23:00,28,199,2021-09-27T01:51:00,2021-09-27T01:21:28,2021-09-27T01:48:59
12063,Non-BM Fast Reserve,2021-09-27T02:01:00,80,198,2021-09-27T02:39:00,2021-09-27T01:58:59,2021-09-27T02:37:21
12065,Non-BM Fast Reserve,2021-09-27T02:02:00,100,199,2021-09-27T02:38:00,2021-09-27T01:59:29,2021-09-27T02:35:21
12064,Non-BM Fast Reserve,2021-09-27T02:02:00,28,199,2021-09-27T02:38:00,2021-09-27T01:59:29,2021-09-27T02:35:21
12067,Non-BM Fast Reserve,2021-09-27T17:45:00,80,210.9,2021-09-27T18:25:00,2021-09-27T17:42:43,2021-09-27T18:22:45
12066,Non-BM Fast Reserve,2021-09-27T17:45:00,80,210.9,2021-09-27T18:25:00,2021-09-27T17:42:43,2021-09-27T18:22:45
12068,Non-BM Fast Reserve,2021-09-27T23:04:00,80,198,2021-09-27T23:17:00,2021-09-27T23:01:41,2021-09-27T23:14:41
12069,Non-BM Fast Reserve,2021-09-27T23:04:00,60,198,2021-09-27T23:24:00,2021-09-27T23:01:41,2021-09-27T23:22:11
12070,Non-BM Fast Reserve,2021-09-27T23:06:00,80,198,2021-09-27T23:18:00,2021-09-27T23:03:41,2021-09-27T23:15:41
12071,Non-BM Fast Reserve,2021-09-27T23:06:00,80,198,2021-09-27T23:17:00,2021-09-27T23:04:11,2021-09-27T23:14:41
12072,Non-BM Fast Reserve,2021-09-27T23:46:00,60,198,2021-09-28T00:13:00,2021-09-27T23:43:47,2021-09-28T00:11:17
12073,Non-BM Fast Reserve,2021-09-27T23:46:00,80,198,2021-09-28T00:12:00,2021-09-27T23:43:47,2021-09-28T00:09:47
12074,Non-BM Fast Reserve,2021-09-27T23:47:00,80,198,2021-09-28T00:08:00,2021-09-27T23:44:47,2021-09-28T00:06:17
12075,Non-BM Fast Reserve,2021-09-27T23:48:00,80,198,2021-09-28T00:11:00,2021-09-27T23:45:47,2021-09-28T00:08:17
12076,Non-BM Fast Reserve,2021-09-28T00:03:00,80,198,2021-09-28T00:12:13,2021-09-28T00:00:47,2021-09-28T00:10:17
12077,Non-BM Fast Reserve,2021-09-28T00:04:00,28,199,2021-09-28T00:12:00,2021-09-28T00:01:17,2021-09-28T00:09:47
12078,Non-BM Fast Reserve,2021-09-28T03:49:00,80,198,2021-09-28T04:00:13,2021-09-28T03:47:05,2021-09-28T03:58:06
12079,Non-BM Fast Reserve,2021-09-28T03:49:00,43,195,2021-09-28T03:58:43,2021-09-28T03:47:05,2021-09-28T03:58:06
12080,Non-BM Fast Reserve,2021-09-28T04:22:00,80,198,2021-09-28T04:44:13,2021-09-28T04:19:38,2021-09-28T04:42:09
12081,Non-BM Fast Reserve,2021-09-28T04:22:00,43,195,2021-09-28T04:42:43,2021-09-28T04:19:38,2021-09-28T04:42:09
12082,Non-BM Fast Reserve,2021-09-28T04:23:00,80,198,2021-09-28T04:44:00,2021-09-28T04:20:38,2021-09-28T04:42:09
12084,Non-BM Fast Reserve,2021-09-28T05:38:00,80,207.9,2021-09-28T05:56:13,2021-09-28T05:35:45,2021-09-28T05:54:16
12083,Non-BM Fast Reserve,2021-09-28T05:38:00,60,207.9,2021-09-28T05:57:00,2021-09-28T05:35:45,2021-09-28T05:54:46
12085,Non-BM Fast Reserve,2021-09-28T05:38:00,43,195,2021-09-28T05:55:43,2021-09-28T05:36:15,2021-09-28T05:54:46
12087,Non-BM Fast Reserve,2021-09-28T06:12:00,80,207.9,2021-09-28T07:44:13,2021-09-28T06:09:46,2021-09-28T07:41:28
12086,Non-BM Fast Reserve,2021-09-28T06:12:00,60,207.9,2021-09-28T08:35:00,2021-09-28T06:09:46,2021-09-28T08:33:01
12088,Non-BM Fast Reserve,2021-09-28T06:21:00,80,207.9,2021-09-28T07:07:00,2021-09-28T06:19:17,2021-09-28T07:05:22
12089,Non-BM Fast Reserve,2021-09-28T06:22:00,80,207.9,2021-09-28T07:08:00,2021-09-28T06:19:47,2021-09-28T07:05:22
12090,Non-BM Fast Reserve,2021-09-28T06:27:00,80,207.9,2021-09-28T07:42:00,2021-09-28T06:24:47,2021-09-28T07:40:28
12091,Non-BM Fast Reserve,2021-09-28T06:27:00,50,200,2021-09-28T06:58:50,2021-09-28T06:25:17,2021-09-28T06:57:50
12092,Non-BM Fast Reserve,2021-09-28T06:29:00,28,211.9,2021-09-28T08:57:00,2021-09-28T06:27:17,2021-09-28T08:55:03
12093,Non-BM Fast Reserve,2021-09-28T06:29:00,52,211.9,2021-09-28T08:34:02,2021-09-28T06:27:17,2021-09-28T08:33:01
12094,Non-BM Fast Reserve,2021-09-28T08:04:00,80,207.9,2021-09-28T08:32:13,2021-09-28T08:01:29,2021-09-28T08:29:31
12095,Non-BM Fast Reserve,2021-09-28T08:04:00,50,200,2021-09-28T08:35:50,2021-09-28T08:01:59,2021-09-28T08:34:32
12096,Non-BM Fast Reserve,2021-09-28T08:11:00,80,207.9,2021-09-28T08:32:00,2021-09-28T08:08:59,2021-09-28T08:30:01
12097,Non-BM Fast Reserve,2021-09-28T08:21:00,80,207.9,2021-09-28T08:33:00,2021-09-28T08:18:31,2021-09-28T08:31:31
12098,Non-BM Fast Reserve,2021-09-28T11:00:00,80,207.9,2021-09-28T12:26:13,2021-09-28T10:57:48,2021-09-28T12:23:33
12099,Non-BM Fast Reserve,2021-09-28T11:00:00,50,200,2021-09-28T11:31:50,2021-09-28T10:57:48,2021-09-28T11:30:27
12100,Non-BM Fast Reserve,2021-09-28T11:21:00,52,207,2021-09-28T12:28:02,2021-09-28T11:18:54,2021-09-28T12:27:03
12101,Non-BM Fast Reserve,2021-09-28T11:21:00,60,207.9,2021-09-28T12:29:00,2021-09-28T11:18:54,2021-09-28T12:27:03
12102,Non-BM Fast Reserve,2021-09-28T11:21:00,28,207,2021-09-28T12:32:00,2021-09-28T11:18:54,2021-09-28T12:29:33
12103,Non-BM Fast Reserve,2021-09-28T13:20:00,80,207.9,2021-09-28T14:10:00,2021-09-28T13:17:34,2021-09-28T14:07:37
12105,Non-BM Fast Reserve,2021-09-28T13:20:00,28,207,2021-09-28T14:10:00,2021-09-28T13:17:34,2021-09-28T14:07:37
12104,Non-BM Fast Reserve,2021-09-28T13:20:00,50,200,2021-09-28T13:51:50,2021-09-28T13:17:34,2021-09-28T13:50:36
12106,Non-BM Fast Reserve,2021-09-28T13:28:00,80,207.9,2021-09-28T16:06:00,2021-09-28T13:26:05,2021-09-28T16:04:17
12107,Non-BM Fast Reserve,2021-09-28T13:32:00,52,207,2021-09-28T14:09:02,2021-09-28T13:30:05,2021-09-28T14:07:37
12108,Non-BM Fast Reserve,2021-09-28T13:32:00,60,207.9,2021-09-28T16:06:00,2021-09-28T13:30:05,2021-09-28T16:04:17
12109,Non-BM Fast Reserve,2021-09-28T13:43:00,80,207.9,2021-09-28T14:11:00,2021-09-28T13:40:35,2021-09-28T14:08:37
12110,Non-BM Fast Reserve,2021-09-28T13:43:00,80,207.9,2021-09-28T16:05:13,2021-09-28T13:40:35,2021-09-28T16:02:47
12112,Non-BM Fast Reserve,2021-09-28T14:35:00,80,207.9,2021-09-28T16:05:00,2021-09-28T14:32:38,2021-09-28T16:02:47
12111,Non-BM Fast Reserve,2021-09-28T14:35:00,50,200,2021-09-28T15:05:50,2021-09-28T14:32:38,2021-09-28T15:05:13
12113,Non-BM STOR,2021-09-28T16:12:00,12,289.12,2021-09-28T18:27:57,2021-09-28T16:10:47,2021-09-28T18:18:42
12117,Non-BM STOR,2021-09-28T16:12:00,10,289.12,2021-09-28T18:27:55,2021-09-28T16:10:47,2021-09-28T18:18:42
12114,Non-BM STOR,2021-09-28T16:14:00,7,289.12,2021-09-28T18:24:58,2021-09-28T16:10:47,2021-09-28T18:18:42
12116,Non-BM STOR,2021-09-28T16:12:00,12,289.12,2021-09-28T18:27:57,2021-09-28T16:10:47,2021-09-28T18:18:42
12115,Non-BM STOR,2021-09-28T16:11:00,4,178,2021-09-28T18:27:00,2021-09-28T16:10:47,2021-09-28T18:18:42
12118,Non-BM STOR,2021-09-28T16:12:00,10,289.12,2021-09-28T18:27:55,2021-09-28T16:10:47,2021-09-28T18:18:42
12120,Non-BM Fast Reserve,2021-09-28T22:15:00,80,204.9,2021-09-28T22:35:00,2021-09-28T22:13:10,2021-09-28T22:32:41
12119,Non-BM Fast Reserve,2021-09-28T22:15:00,80,204.9,2021-09-28T22:39:13,2021-09-28T22:13:10,2021-09-28T22:36:41
12121,Non-BM Fast Reserve,2021-09-28T22:25:00,30,175,2021-09-28T22:41:30,2021-09-28T22:23:10,2021-09-28T22:40:11
12122,Non-BM Fast Reserve,2021-09-28T22:25:00,60,204.9,2021-09-28T22:42:00,2021-09-28T22:23:10,2021-09-28T22:39:41
12123,Non-BM Fast Reserve,2021-09-28T23:35:00,60,204.9,2021-09-29T01:05:00,2021-09-28T23:32:14,2021-09-29T01:03:24
12124,Non-BM Fast Reserve,2021-09-28T23:35:00,30,175,2021-09-29T00:05:30,2021-09-28T23:32:44,2021-09-29T00:04:49
12125,Non-BM Fast Reserve,2021-09-28T23:43:00,80,204.9,2021-09-28T23:59:13,2021-09-28T23:41:14,2021-09-28T23:57:15
12126,Non-BM Fast Reserve,2021-09-29T00:18:00,80,204.9,2021-09-29T00:49:00,2021-09-29T00:16:21,2021-09-29T00:46:53
12127,Non-BM Fast Reserve,2021-09-29T00:18:00,80,204.9,2021-09-29T00:44:13,2021-09-29T00:16:21,2021-09-29T00:42:23
12128,Non-BM Fast Reserve,2021-09-29T01:13:00,80,204.9,2021-09-29T01:27:00,2021-09-29T01:10:25,2021-09-29T01:24:55
12129,Non-BM Fast Reserve,2021-09-29T01:13:00,80,204.9,2021-09-29T01:53:13,2021-09-29T01:10:25,2021-09-29T01:50:28
12130,Non-BM Fast Reserve,2021-09-29T01:13:00,30,175,2021-09-29T01:43:30,2021-09-29T01:10:25,2021-09-29T01:42:58
12131,Non-BM Fast Reserve,2021-09-29T01:13:00,80,204.9,2021-09-29T01:31:00,2021-09-29T01:11:25,2021-09-29T01:28:56
12133,Non-BM Fast Reserve,2021-09-29T05:13:00,60,211.9,2021-09-29T05:23:00,2021-09-29T05:10:42,2021-09-29T05:21:12
12132,Non-BM Fast Reserve,2021-09-29T05:13:00,43,195,2021-09-29T05:21:43,2021-09-29T05:10:42,2021-09-29T05:21:12
12135,Non-BM Fast Reserve,2021-09-29T08:08:00,60,207,2021-09-29T08:18:00,2021-09-29T08:06:25,2021-09-29T08:15:55
12134,Non-BM Fast Reserve,2021-09-29T08:08:00,50,200,2021-09-29T08:16:50,2021-09-29T08:06:25,2021-09-29T08:15:55
12136,Non-BM Fast Reserve,2021-09-29T11:06:00,60,207,2021-09-29T11:27:00,2021-09-29T11:04:06,2021-09-29T11:25:08
12137,Non-BM Fast Reserve,2021-09-29T11:06:00,50,200,2021-09-29T11:25:50,2021-09-29T11:04:06,2021-09-29T11:25:08
12138,Non-BM Fast Reserve,2021-09-29T11:10:00,80,207,2021-09-29T11:22:13,2021-09-29T11:08:06,2021-09-29T11:19:38
12139,Non-BM Fast Reserve,2021-09-29T11:11:00,80,207,2021-09-29T11:27:00,2021-09-29T11:08:36,2021-09-29T11:25:08
12140,Non-BM Fast Reserve,2021-09-29T16:16:00,60,211.9,2021-09-29T17:06:00,2021-09-29T16:13:59,2021-09-29T17:04:05
12141,Non-BM Fast Reserve,2021-09-29T16:16:00,80,211.9,2021-09-29T16:36:13,2021-09-29T16:13:59,2021-09-29T16:33:31
12142,Non-BM Fast Reserve,2021-09-29T16:16:00,50,200,2021-09-29T16:47:50,2021-09-29T16:13:59,2021-09-29T16:46:33
12143,Non-BM Fast Reserve,2021-09-29T16:26:00,80,211.9,2021-09-29T17:06:00,2021-09-29T16:24:00,2021-09-29T17:04:05
12145,Non-BM Fast Reserve,2021-09-29T16:29:00,80,211.9,2021-09-29T17:05:00,2021-09-29T16:27:01,2021-09-29T17:03:05
12144,Non-BM Fast Reserve,2021-09-29T16:29:00,80,211.9,2021-09-29T17:05:00,2021-09-29T16:27:01,2021-09-29T17:03:05
12146,Non-BM Fast Reserve,2021-09-29T16:49:00,28,214.9,2021-09-29T17:04:00,2021-09-29T16:47:03,2021-09-29T17:01:34
12148,Non-BM Fast Reserve,2021-09-29T16:49:00,80,211.9,2021-09-29T17:04:13,2021-09-29T16:47:03,2021-09-29T17:01:34
12147,Non-BM Fast Reserve,2021-09-29T16:49:00,52,214.9,2021-09-29T16:57:02,2021-09-29T16:47:03,2021-09-29T16:56:04
12150,Non-BM Fast Reserve,2021-09-29T17:42:00,60,216.9,2021-09-29T19:14:00,2021-09-29T17:40:10,2021-09-29T19:12:15
12149,Non-BM Fast Reserve,2021-09-29T17:42:00,50,200,2021-09-29T18:13:50,2021-09-29T17:40:10,2021-09-29T18:13:12
12152,Non-BM Fast Reserve,2021-09-29T17:45:00,80,216.9,2021-09-29T19:12:00,2021-09-29T17:42:40,2021-09-29T19:10:15
12151,Non-BM Fast Reserve,2021-09-29T17:45:00,80,216.9,2021-09-29T19:12:13,2021-09-29T17:42:40,2021-09-29T19:10:15
12153,Non-BM Fast Reserve,2021-09-29T18:08:00,80,216.9,2021-09-29T19:14:00,2021-09-29T18:06:12,2021-09-29T19:11:15
12154,Non-BM Fast Reserve,2021-09-29T18:15:00,28,217.9,2021-09-29T19:11:00,2021-09-29T18:13:12,2021-09-29T19:08:15
12155,Non-BM Fast Reserve,2021-09-29T18:15:00,80,216.9,2021-09-29T19:11:00,2021-09-29T18:13:12,2021-09-29T19:08:15
12156,Non-BM Fast Reserve,2021-09-29T18:18:00,52,217.9,2021-09-29T19:09:02,2021-09-29T18:15:42,2021-09-29T19:08:15
12157,Non-BM Fast Reserve,2021-09-29T18:32:00,50,190,2021-09-29T19:03:50,2021-09-29T18:30:13,2021-09-29T19:02:44
12158,Non-BM Fast Reserve,2021-09-30T08:09:00,60,206.9,2021-09-30T09:37:00,2021-09-30T08:07:01,2021-09-30T09:34:55
12159,Non-BM Fast Reserve,2021-09-30T08:09:00,80,206.9,2021-09-30T09:37:13,2021-09-30T08:07:01,2021-09-30T09:34:55
12160,Non-BM Fast Reserve,2021-09-30T11:47:00,60,206.9,2021-09-30T12:02:00,2021-09-30T11:44:59,2021-09-30T11:59:59
12161,Non-BM Fast Reserve,2021-09-30T11:47:00,80,206.9,2021-09-30T11:55:13,2021-09-30T11:44:59,2021-09-30T11:52:59
12162,Non-BM Fast Reserve,2021-09-30T11:47:00,50,200,2021-09-30T12:00:50,2021-09-30T11:44:59,2021-09-30T11:59:59
12163,Non-BM Fast Reserve,2021-09-30T13:19:00,50,200,2021-09-30T13:34:50,2021-09-30T13:17:10,2021-09-30T13:34:10
12164,Non-BM Fast Reserve,2021-09-30T14:55:00,50,200,2021-09-30T15:12:50,2021-09-30T14:52:43,2021-09-30T15:11:14
12165,Non-BM Fast Reserve,2021-09-30T14:55:00,28,215,2021-09-30T15:14:00,2021-09-30T14:52:43,2021-09-30T15:11:14
12167,Non-BM Fast Reserve,2021-09-30T16:22:00,60,234.95,2021-09-30T16:34:00,2021-09-30T16:19:52,2021-09-30T16:31:23
12166,Non-BM Fast Reserve,2021-09-30T16:22:00,50,200,2021-09-30T16:53:50,2021-09-30T16:19:52,2021-09-30T16:52:55
12168,Non-BM Fast Reserve,2021-09-30T16:28:00,80,234.95,2021-09-30T16:46:00,2021-09-30T16:25:22,2021-09-30T16:43:53
12169,Non-BM Fast Reserve,2021-09-30T16:28:00,80,234.95,2021-09-30T16:38:00,2021-09-30T16:25:22,2021-09-30T16:35:23
12170,Non-BM Fast Reserve,2021-09-30T17:37:00,60,244.95,2021-09-30T18:14:00,2021-09-30T17:35:13,2021-09-30T18:11:44
12171,Non-BM Fast Reserve,2021-09-30T17:37:00,50,200,2021-09-30T18:08:50,2021-09-30T17:35:13,2021-09-30T18:08:13
12173,Non-BM Fast Reserve,2021-09-30T17:45:00,80,244.95,2021-09-30T18:08:00,2021-09-30T17:43:13,2021-09-30T18:06:13
12172,Non-BM Fast Reserve,2021-09-30T17:45:00,80,244.95,2021-09-30T18:14:00,2021-09-30T17:43:13,2021-09-30T18:11:44
12174,Non-BM Fast Reserve,2021-09-30T17:49:00,80,244.95,2021-09-30T18:12:13,2021-09-30T17:47:13,2021-09-30T18:10:14
12175,Non-BM Fast Reserve,2021-09-30T17:49:00,80,244.95,2021-09-30T18:10:00,2021-09-30T17:47:13,2021-09-30T18:07:43
12176,Non-BM Fast Reserve,2021-09-30T17:50:00,52,246.95,2021-09-30T18:05:02,2021-09-30T17:48:13,2021-09-30T18:04:13
12177,Non-BM Fast Reserve,2021-09-30T17:50:00,28,246.95,2021-09-30T18:06:00,2021-09-30T17:48:13,2021-09-30T18:04:13
