EntryID,ServiceType,InstructionStartDateTime,MW,IndicativePrice,InstructionCeaseDateTime,DispatchDateTimeStamp,CeaseDateTimeStamp,PartyID,AssetID,Tendered
33988,Non-BM Fast Reserve,2023-12-01T07:50:00,83,163.68,2023-12-01T08:07:23,2023-12-01T07:48:00,2023-12-01T08:05:32,ENWL,OFR-ENWL-1,Non-tendered
33989,Non-BM Fast Reserve,2023-12-01T07:51:00,80,192,2023-12-01T07:59:25,2023-12-01T07:48:30,2023-12-01T07:57:00,UKPR,OFR-UKPR-3,Non-tendered
33990,Non-BM Fast Reserve,2023-12-01T07:55:00,80,192.25,2023-12-01T08:08:40,2023-12-01T07:52:30,2023-12-01T08:05:32,UKPR,OFR-UKPR-4,Non-tendered
33992,Non-BM Fast Reserve,2023-12-01T08:49:00,80,192.25,2023-12-01T08:58:40,2023-12-01T08:47:03,2023-12-01T08:56:03,UKPR,OFR-UKPR-4,Non-tendered
33991,Non-BM Fast Reserve,2023-12-01T08:49:00,83,162.68,2023-12-01T08:58:23,2023-12-01T08:47:03,2023-12-01T08:57:03,ENWL,OFR-ENWL-1,Non-tendered
33993,Non-BM Fast Reserve,2023-12-01T12:39:00,80,192.25,2023-12-01T13:27:40,2023-12-01T12:37:09,2023-12-01T13:24:40,UKPR,OFR-UKPR-4,Non-tendered
33994,Non-BM Fast Reserve,2023-12-01T12:39:00,83,178.42,2023-12-01T13:09:23,2023-12-01T12:37:39,2023-12-01T13:07:40,ENWL,OFR-ENWL-1,Non-tendered
33995,Non-BM Fast Reserve,,,,2023-12-01T16:41:23,,2023-12-01T16:39:48,,,
33996,Non-BM Fast Reserve,2023-12-01T18:02:00,83,182.56,2023-12-01T18:11:23,2023-12-01T18:00:20,2023-12-01T18:09:50,ENWL,OFR-ENWL-1,Non-tendered
33997,Non-BM Fast Reserve,2023-12-02T12:11:00,85,167.42,2023-12-02T12:40:25,2023-12-02T12:09:16,2023-12-02T12:39:17,ENWL,OFR-ENWL-1,Non-tendered
33998,Non-BM Fast Reserve,2023-12-02T13:06:00,85,167.42,2023-12-02T13:35:25,2023-12-02T13:03:17,2023-12-02T13:33:48,ENWL,OFR-ENWL-1,Non-tendered
33999,Non-BM Fast Reserve,2023-12-02T18:00:00,85,176.56,2023-12-02T18:14:25,2023-12-02T17:58:17,2023-12-02T18:13:17,ENWL,OFR-ENWL-1,Non-tendered
34000,Non-BM Fast Reserve,2023-12-02T23:15:00,60,170,2023-12-02T23:23:30,2023-12-02T23:12:54,2023-12-02T23:21:54,UKPR,OFR-UKPR-2,Non-tendered
34001,Non-BM Fast Reserve,2023-12-02T23:39:00,60,170,2023-12-02T23:46:30,2023-12-02T23:36:54,2023-12-02T23:44:54,UKPR,OFR-UKPR-2,Non-tendered
34002,Non-BM Fast Reserve,2023-12-03T08:08:00,80,171.25,2023-12-03T08:45:25,2023-12-03T08:06:08,2023-12-03T08:43:09,UKPR,OFR-UKPR-3,Non-tendered
34003,Non-BM Fast Reserve,2023-12-03T08:08:00,60,171,2023-12-03T08:44:30,2023-12-03T08:06:08,2023-12-03T08:43:09,UKPR,OFR-UKPR-2,Non-tendered
34004,Non-BM Fast Reserve,2023-12-03T08:08:00,85,162.68,2023-12-03T08:37:25,2023-12-03T08:06:08,2023-12-03T08:36:09,ENWL,OFR-ENWL-1,Non-tendered
34005,Non-BM Fast Reserve,2023-12-03T08:39:00,80,171.25,2023-12-03T09:01:40,2023-12-03T08:37:09,2023-12-03T08:58:40,UKPR,OFR-UKPR-4,Non-tendered
34006,Non-BM Fast Reserve,2023-12-03T08:39:00,80,171.5,2023-12-03T09:00:36,2023-12-03T08:37:09,2023-12-03T08:58:40,UKPR,OFR-UKPR-6,Non-tendered
34007,Non-BM Fast Reserve,2023-12-03T08:39:00,60,171.5,2023-12-03T09:01:00,2023-12-03T08:37:09,2023-12-03T08:58:40,UKPR,OFR-UKPR-5,Non-tendered
34008,Non-BM Fast Reserve,2023-12-03T23:30:00,80,166.5,2023-12-04T00:13:25,2023-12-03T23:28:22,2023-12-04T00:10:55,UKPR,OFR-UKPR-3,Non-tendered
34009,Non-BM Fast Reserve,2023-12-03T23:30:00,60,166.25,2023-12-04T00:12:30,2023-12-03T23:28:22,2023-12-04T00:10:55,UKPR,OFR-UKPR-2,Non-tendered
34012,Non-BM Fast Reserve,2023-12-04T06:14:00,80,166.5,2023-12-04T06:43:25,2023-12-04T06:12:04,2023-12-04T06:41:05,UKPR,OFR-UKPR-3,Non-tendered
34011,Non-BM Fast Reserve,2023-12-04T06:14:00,80,166.5,2023-12-04T06:43:40,2023-12-04T06:12:04,2023-12-04T06:41:05,UKPR,OFR-UKPR-4,Non-tendered
34010,Non-BM Fast Reserve,2023-12-04T06:14:00,60,166.25,2023-12-04T06:48:30,2023-12-04T06:12:04,2023-12-04T06:47:05,UKPR,OFR-UKPR-2,Non-tendered
34013,Non-BM Fast Reserve,2023-12-04T07:28:00,60,166.25,2023-12-04T07:55:30,2023-12-04T07:25:36,2023-12-04T07:53:38,UKPR,OFR-UKPR-2,Non-tendered
34014,Non-BM Fast Reserve,2023-12-04T07:28:00,90,157.68,2023-12-04T07:55:30,2023-12-04T07:25:36,2023-12-04T07:53:38,ENWL,OFR-ENWL-1,Non-tendered
34017,Non-BM Fast Reserve,2023-12-04T07:32:00,80,166.5,2023-12-04T07:55:40,2023-12-04T07:30:07,2023-12-04T07:53:08,UKPR,OFR-UKPR-4,Non-tendered
34016,Non-BM Fast Reserve,2023-12-04T07:32:00,60,166.75,2023-12-04T07:53:00,2023-12-04T07:30:07,2023-12-04T07:51:08,UKPR,OFR-UKPR-5,Non-tendered
34015,Non-BM Fast Reserve,2023-12-04T07:32:00,80,166.5,2023-12-04T07:54:25,2023-12-04T07:30:07,2023-12-04T07:51:38,UKPR,OFR-UKPR-3,Non-tendered
34018,Non-BM Fast Reserve,2023-12-04T08:09:00,60,166.25,2023-12-04T10:39:30,2023-12-04T08:07:08,2023-12-04T10:38:13,UKPR,OFR-UKPR-2,Non-tendered
34020,Non-BM Fast Reserve,2023-12-04T08:09:00,80,166.5,2023-12-04T10:11:40,2023-12-04T08:07:08,2023-12-04T10:08:42,UKPR,OFR-UKPR-4,Non-tendered
34019,Non-BM Fast Reserve,2023-12-04T08:09:00,80,166.5,2023-12-04T08:59:25,2023-12-04T08:07:08,2023-12-04T08:57:10,UKPR,OFR-UKPR-3,Non-tendered
34021,Non-BM Fast Reserve,2023-12-04T09:05:00,90,157.88,2023-12-04T09:35:30,2023-12-04T09:03:40,2023-12-04T09:33:41,ENWL,OFR-ENWL-1,Non-tendered
34022,Non-BM Fast Reserve,2023-12-04T09:34:00,80,166.75,2023-12-04T10:01:36,2023-12-04T09:32:11,2023-12-04T10:00:11,UKPR,OFR-UKPR-6,Non-tendered
34024,Non-BM Fast Reserve,2023-12-04T09:34:00,80,166.5,2023-12-04T10:38:25,2023-12-04T09:32:11,2023-12-04T10:35:43,UKPR,OFR-UKPR-3,Non-tendered
34023,Non-BM Fast Reserve,2023-12-04T09:34:00,60,166.75,2023-12-04T10:10:00,2023-12-04T09:32:11,2023-12-04T10:08:12,UKPR,OFR-UKPR-5,Non-tendered
34025,Non-BM Fast Reserve,2023-12-04T10:26:00,90,157.88,2023-12-04T10:41:30,2023-12-04T10:23:42,2023-12-04T10:39:43,ENWL,OFR-ENWL-1,Non-tendered
34026,Non-BM Fast Reserve,2023-12-04T10:26:00,80,166.5,2023-12-04T10:38:40,2023-12-04T10:23:42,2023-12-04T10:36:13,UKPR,OFR-UKPR-4,Non-tendered
34027,Non-BM Fast Reserve,2023-12-04T10:57:00,60,166.25,2023-12-04T12:10:30,2023-12-04T10:54:43,2023-12-04T12:08:16,UKPR,OFR-UKPR-2,Non-tendered
34028,Non-BM Fast Reserve,2023-12-04T10:57:00,80,166.5,2023-12-04T12:10:40,2023-12-04T10:54:43,2023-12-04T12:07:16,UKPR,OFR-UKPR-4,Non-tendered
34029,Non-BM Fast Reserve,2023-12-04T10:57:00,80,166.5,2023-12-04T12:00:25,2023-12-04T10:54:43,2023-12-04T11:57:15,UKPR,OFR-UKPR-3,Non-tendered
34030,Non-BM Fast Reserve,2023-12-04T11:16:00,90,157.41,2023-12-04T11:46:30,2023-12-04T11:14:14,2023-12-04T11:44:15,ENWL,OFR-ENWL-1,Non-tendered
34031,Non-BM Fast Reserve,2023-12-04T11:17:00,60,166.75,2023-12-04T12:00:00,2023-12-04T11:15:14,2023-12-04T11:57:15,UKPR,OFR-UKPR-5,Non-tendered
34032,Non-BM Fast Reserve,2023-12-04T11:18:00,80,166.75,2023-12-04T11:44:36,2023-12-04T11:15:14,2023-12-04T11:43:15,UKPR,OFR-UKPR-6,Non-tendered
34033,Non-BM Fast Reserve,2023-12-04T12:21:00,90,157.41,2023-12-04T12:50:30,2023-12-04T12:18:46,2023-12-04T12:49:17,ENWL,OFR-ENWL-1,Non-tendered
34034,Non-BM Fast Reserve,2023-12-04T12:21:00,60,166.25,2023-12-04T13:25:30,2023-12-04T12:18:46,2023-12-04T13:23:48,UKPR,OFR-UKPR-2,Non-tendered
34036,Non-BM Fast Reserve,2023-12-04T12:59:00,80,166.5,2023-12-04T13:16:25,2023-12-04T12:57:17,2023-12-04T13:13:18,UKPR,OFR-UKPR-3,Non-tendered
34035,Non-BM Fast Reserve,2023-12-04T12:59:00,80,166.5,2023-12-04T13:19:40,2023-12-04T12:57:17,2023-12-04T13:16:48,UKPR,OFR-UKPR-4,Non-tendered
34037,Non-BM Fast Reserve,2023-12-04T13:56:00,60,166.75,2023-12-04T14:21:00,2023-12-04T13:53:19,2023-12-04T14:19:19,UKPR,OFR-UKPR-5,Non-tendered
34038,Non-BM Fast Reserve,2023-12-04T13:56:00,90,157.41,2023-12-04T14:25:30,2023-12-04T13:53:19,2023-12-04T14:23:50,ENWL,OFR-ENWL-1,Non-tendered
34040,Non-BM Fast Reserve,2023-12-05T08:13:00,90,147.68,2023-12-05T08:30:30,2023-12-05T08:11:25,2023-12-05T08:28:56,ENWL,OFR-ENWL-1,Non-tendered
34039,Non-BM Fast Reserve,2023-12-05T08:13:00,60,156,2023-12-05T08:28:30,2023-12-05T08:11:25,2023-12-05T08:26:56,UKPR,OFR-UKPR-2,Non-tendered
34042,Non-BM Fast Reserve,2023-12-05T09:01:00,90,147.68,2023-12-05T09:21:30,2023-12-05T08:58:56,2023-12-05T09:19:57,ENWL,OFR-ENWL-1,Non-tendered
34041,Non-BM Fast Reserve,2023-12-05T09:01:00,60,156,2023-12-05T09:21:30,2023-12-05T08:58:56,2023-12-05T09:19:57,UKPR,OFR-UKPR-2,Non-tendered
34043,Non-BM Fast Reserve,2023-12-05T11:05:00,90,147.41,2023-12-05T11:16:30,2023-12-05T11:02:29,2023-12-05T11:15:00,ENWL,OFR-ENWL-1,Non-tendered
34044,Non-BM Fast Reserve,2023-12-05T12:17:00,90,147.41,2023-12-05T12:25:30,2023-12-05T12:15:01,2023-12-05T12:24:01,ENWL,OFR-ENWL-1,Non-tendered
34045,Non-BM Fast Reserve,2023-12-05T13:55:00,90,147.41,2023-12-05T14:24:30,2023-12-05T13:53:03,2023-12-05T14:23:04,ENWL,OFR-ENWL-1,Non-tendered
34046,Non-BM Fast Reserve,2023-12-06T10:21:00,90,137.88,2023-12-06T10:50:30,2023-12-06T10:18:49,2023-12-06T10:49:20,ENWL,OFR-ENWL-1,Non-tendered
34047,Non-BM Fast Reserve,2023-12-06T10:31:00,60,167,2023-12-06T10:51:30,2023-12-06T10:29:20,2023-12-06T10:49:50,UKPR,OFR-UKPR-2,Non-tendered
34049,Non-BM Fast Reserve,2023-12-06T11:40:00,60,154,2023-12-06T11:47:30,2023-12-06T11:38:22,2023-12-06T11:45:52,UKPR,OFR-UKPR-2,Non-tendered
34048,Non-BM Fast Reserve,2023-12-06T11:40:00,90,137.41,2023-12-06T11:50:30,2023-12-06T11:38:22,2023-12-06T11:49:22,ENWL,OFR-ENWL-1,Non-tendered
34050,Non-BM Fast Reserve,2023-12-06T12:32:00,60,154,2023-12-06T13:13:30,2023-12-06T12:29:53,2023-12-06T13:11:56,UKPR,OFR-UKPR-2,Non-tendered
34051,Non-BM Fast Reserve,2023-12-06T12:32:00,90,137.41,2023-12-06T12:58:30,2023-12-06T12:29:53,2023-12-06T12:56:25,ENWL,OFR-ENWL-1,Non-tendered
34052,Non-BM Fast Reserve,2023-12-06T13:05:00,80,163,2023-12-06T13:14:25,2023-12-06T13:02:55,2023-12-06T13:11:56,UKPR,OFR-UKPR-3,Non-tendered
34053,Non-BM Fast Reserve,2023-12-06T15:32:00,80,163,2023-12-06T15:41:40,2023-12-06T15:30:14,2023-12-06T15:38:45,UKPR,OFR-UKPR-4,Non-tendered
34054,Non-BM Fast Reserve,2023-12-06T15:32:00,90,147.78,2023-12-06T15:41:30,2023-12-06T15:30:45,2023-12-06T15:40:15,ENWL,OFR-ENWL-1,Non-tendered
34056,Non-BM Fast Reserve,2023-12-06T15:50:00,60,164,2023-12-06T15:58:00,2023-12-06T15:47:45,2023-12-06T15:56:15,UKPR,OFR-UKPR-5,Non-tendered
34055,Non-BM Fast Reserve,2023-12-06T15:50:00,80,164,2023-12-06T15:57:36,2023-12-06T15:47:45,2023-12-06T15:56:15,UKPR,OFR-UKPR-6,Non-tendered
34057,Non-BM Fast Reserve,2023-12-06T15:58:00,86,178,2023-12-06T16:08:05,2023-12-06T15:56:15,2023-12-06T16:05:45,UKPR,OFR-UKPR-7,Non-tendered
34058,Non-BM Fast Reserve,2023-12-06T16:32:00,90,147.78,2023-12-06T17:02:30,2023-12-06T16:30:16,2023-12-06T17:00:47,ENWL,OFR-ENWL-1,Non-tendered
34059,Non-BM Fast Reserve,2023-12-06T19:07:00,90,157.33,2023-12-06T19:26:30,2023-12-06T19:05:20,2023-12-06T19:24:51,ENWL,OFR-ENWL-1,Non-tendered
34060,Non-BM Fast Reserve,2023-12-06T19:58:00,90,157.33,2023-12-06T20:25:30,2023-12-06T19:56:21,2023-12-06T20:23:52,ENWL,OFR-ENWL-1,Non-tendered
34061,Non-BM Fast Reserve,2023-12-06T19:59:00,60,162,2023-12-06T20:25:30,2023-12-06T19:56:51,2023-12-06T20:23:22,UKPR,OFR-UKPR-2,Non-tendered
34062,Non-BM Fast Reserve,2023-12-06T20:18:00,80,163,2023-12-06T20:25:25,2023-12-06T20:15:22,2023-12-06T20:22:22,UKPR,OFR-UKPR-3,Non-tendered
34063,Non-BM Fast Reserve,2023-12-06T20:46:00,60,162,2023-12-06T20:55:30,2023-12-06T20:43:23,2023-12-06T20:54:23,UKPR,OFR-UKPR-2,Non-tendered
34064,Non-BM Fast Reserve,2023-12-06T20:46:00,80,163,2023-12-06T20:53:25,2023-12-06T20:43:23,2023-12-06T20:50:23,UKPR,OFR-UKPR-3,Non-tendered
34065,Non-BM Fast Reserve,2023-12-07T11:48:00,60,148,2023-12-07T12:21:30,2023-12-07T11:45:45,2023-12-07T12:19:46,UKPR,OFR-UKPR-2,Non-tendered
34066,Non-BM Fast Reserve,2023-12-07T11:48:00,85,146.41,2023-12-07T12:17:25,2023-12-07T11:46:15,2023-12-07T12:16:16,ENWL,OFR-ENWL-1,Non-tendered
34067,Non-BM Fast Reserve,2023-12-07T11:51:00,80,149,2023-12-07T12:21:25,2023-12-07T11:48:45,2023-12-07T12:18:16,UKPR,OFR-UKPR-3,Non-tendered
34068,Non-BM Fast Reserve,2023-12-07T12:06:00,80,149,2023-12-07T12:21:40,2023-12-07T12:03:46,2023-12-07T12:18:16,UKPR,OFR-UKPR-4,Non-tendered
34069,Non-BM Fast Reserve,2023-12-07T14:36:00,60,148,2023-12-07T14:50:30,2023-12-07T14:33:19,2023-12-07T14:48:51,UKPR,OFR-UKPR-2,Non-tendered
34070,Non-BM Fast Reserve,2023-12-07T14:35:00,85,142.05,2023-12-07T14:50:25,2023-12-07T14:33:19,2023-12-07T14:49:21,ENWL,OFR-ENWL-1,Non-tendered
34071,Non-BM Fast Reserve,2023-12-07T15:36:00,85,142.68,2023-12-07T16:06:25,2023-12-07T15:34:50,2023-12-07T16:04:51,ENWL,OFR-ENWL-1,Non-tendered
34072,Non-BM Fast Reserve,2023-12-07T15:49:00,60,148,2023-12-07T16:26:30,2023-12-07T15:46:20,2023-12-07T16:24:52,UKPR,OFR-UKPR-2,Non-tendered
34073,Non-BM Fast Reserve,2023-12-07T16:53:00,85,137.68,2023-12-07T17:22:25,2023-12-07T16:50:52,2023-12-07T17:20:54,ENWL,OFR-ENWL-1,Non-tendered
34074,Non-BM Fast Reserve,2023-12-07T16:53:00,60,157,2023-12-07T17:55:30,2023-12-07T16:50:52,2023-12-07T17:54:25,UKPR,OFR-UKPR-2,Non-tendered
34075,Non-BM Fast Reserve,2023-12-07T17:45:00,85,141.56,2023-12-07T18:14:25,2023-12-07T17:42:54,2023-12-07T18:13:26,ENWL,OFR-ENWL-1,Non-tendered
34076,Non-BM Fast Reserve,2023-12-07T18:37:00,85,141.56,2023-12-07T18:45:25,2023-12-07T18:34:56,2023-12-07T18:43:26,ENWL,OFR-ENWL-1,Non-tendered
34077,Non-BM Fast Reserve,2023-12-07T20:23:00,60,157,2023-12-07T20:36:30,2023-12-07T20:21:29,2023-12-07T20:34:30,UKPR,OFR-UKPR-2,Non-tendered
34078,Non-BM Fast Reserve,2023-12-08T06:05:00,53,141.68,2023-12-08T06:25:53,2023-12-08T06:02:47,2023-12-08T06:24:47,ENWL,OFR-ENWL-1,Non-tendered
34079,Non-BM Fast Reserve,2023-12-08T06:05:00,60,148,2023-12-08T06:26:30,2023-12-08T06:02:47,2023-12-08T06:24:47,UKPR,OFR-UKPR-2,Non-tendered
34080,Non-BM Fast Reserve,2023-12-08T06:06:00,80,149,2023-12-08T06:25:25,2023-12-08T06:03:17,2023-12-08T06:23:17,UKPR,OFR-UKPR-3,Non-tendered
34081,Non-BM Fast Reserve,2023-12-08T06:06:00,80,149,2023-12-08T06:26:40,2023-12-08T06:03:17,2023-12-08T06:23:47,UKPR,OFR-UKPR-4,Non-tendered
34082,Non-BM Fast Reserve,2023-12-08T06:07:00,80,150,2023-12-08T06:18:36,2023-12-08T06:05:17,2023-12-08T06:16:47,UKPR,OFR-UKPR-6,Non-tendered
34083,Non-BM Fast Reserve,2023-12-08T06:09:00,42,170,2023-12-08T06:16:24,2023-12-08T06:06:47,2023-12-08T06:14:47,UKPR,OFR-UKPR-1,Non-tendered
34084,Non-BM Fast Reserve,2023-12-08T06:09:00,60,150,2023-12-08T06:22:00,2023-12-08T06:06:47,2023-12-08T06:20:17,UKPR,OFR-UKPR-5,Non-tendered
34085,Non-BM Fast Reserve,2023-12-08T17:41:00,85,138.56,2023-12-08T17:48:25,2023-12-08T17:38:44,2023-12-08T17:46:14,ENWL,OFR-ENWL-1,Non-tendered
34086,Non-BM Fast Reserve,2023-12-08T19:45:00,60,139,2023-12-08T19:53:30,2023-12-08T19:42:47,2023-12-08T19:52:17,UKPR,OFR-UKPR-2,Non-tendered
34087,Non-BM Fast Reserve,2023-12-08T20:06:00,60,139,2023-12-08T20:18:30,2023-12-08T20:03:18,2023-12-08T20:16:48,UKPR,OFR-UKPR-2,Non-tendered
34090,Non-BM Fast Reserve,2023-12-09T01:04:00,80,140,2023-12-09T01:12:40,2023-12-09T01:01:26,2023-12-09T01:09:26,UKPR,OFR-UKPR-4,Non-tendered
34088,Non-BM Fast Reserve,2023-12-09T01:04:00,60,139,2023-12-09T01:18:30,2023-12-09T01:01:26,2023-12-09T01:16:27,UKPR,OFR-UKPR-2,Non-tendered
34091,Non-BM Fast Reserve,2023-12-09T01:04:00,80,140,2023-12-09T01:15:25,2023-12-09T01:01:26,2023-12-09T01:12:26,UKPR,OFR-UKPR-3,Non-tendered
34089,Non-BM Fast Reserve,2023-12-09T01:04:00,53,127.78,2023-12-09T01:17:53,2023-12-09T01:01:26,2023-12-09T01:16:27,ENWL,OFR-ENWL-1,Non-tendered
34092,Non-BM Fast Reserve,2023-12-09T13:41:00,79,127.42,2023-12-09T13:57:19,2023-12-09T13:38:46,2023-12-09T13:55:47,ENWL,OFR-ENWL-1,Non-tendered
34093,Non-BM Fast Reserve,2023-12-09T13:44:00,60,132,2023-12-09T13:52:30,2023-12-09T13:41:16,2023-12-09T13:50:46,UKPR,OFR-UKPR-2,Non-tendered
34094,Non-BM Fast Reserve,2023-12-09T15:11:00,60,132,2023-12-09T15:31:30,2023-12-09T15:08:48,2023-12-09T15:29:49,UKPR,OFR-UKPR-2,Non-tendered
34095,Non-BM Fast Reserve,2023-12-09T15:11:00,79,128.68,2023-12-09T15:31:19,2023-12-09T15:09:18,2023-12-09T15:29:49,ENWL,OFR-ENWL-1,Non-tendered
34096,Non-BM Fast Reserve,2023-12-10T07:51:00,60,130,2023-12-10T07:59:30,2023-12-10T07:48:46,2023-12-10T07:57:46,UKPR,OFR-UKPR-2,Non-tendered
34097,Non-BM Fast Reserve,2023-12-10T07:51:00,79,121.68,2023-12-10T07:59:19,2023-12-10T07:49:16,2023-12-10T07:57:46,ENWL,OFR-ENWL-1,Non-tendered
34098,Non-BM Fast Reserve,2023-12-10T10:18:00,60,130,2023-12-10T10:40:30,2023-12-10T10:15:49,2023-12-10T10:38:51,UKPR,OFR-UKPR-2,Non-tendered
34099,Non-BM Fast Reserve,2023-12-10T10:18:00,79,121.88,2023-12-10T10:40:19,2023-12-10T10:15:49,2023-12-10T10:38:51,ENWL,OFR-ENWL-1,Non-tendered
34100,Non-BM Fast Reserve,2023-12-10T12:22:00,60,130,2023-12-10T12:51:30,2023-12-10T12:19:24,2023-12-10T12:49:55,UKPR,OFR-UKPR-2,Non-tendered
34101,Non-BM Fast Reserve,2023-12-10T12:22:00,79,121.42,2023-12-10T12:51:19,2023-12-10T12:19:54,2023-12-10T12:49:55,ENWL,OFR-ENWL-1,Non-tendered
34102,Non-BM Fast Reserve,2023-12-11T06:09:00,80,133,2023-12-11T06:21:25,2023-12-11T06:06:56,2023-12-11T06:18:27,UKPR,OFR-UKPR-3,Non-tendered
34103,Non-BM Fast Reserve,2023-12-11T06:09:00,60,129.5,2023-12-11T06:20:30,2023-12-11T06:06:56,2023-12-11T06:18:27,UKPR,OFR-UKPR-2,Non-tendered
34104,Non-BM Fast Reserve,2023-12-11T06:09:00,80,133,2023-12-11T06:21:40,2023-12-11T06:06:56,2023-12-11T06:18:27,UKPR,OFR-UKPR-4,Non-tendered
34107,Non-BM Fast Reserve,2023-12-11T07:07:00,60,150,2023-12-11T07:30:30,2023-12-11T07:04:28,2023-12-11T07:28:58,UKPR,OFR-UKPR-2,Non-tendered
34106,Non-BM Fast Reserve,2023-12-11T07:07:00,80,151,2023-12-11T07:22:25,2023-12-11T07:04:28,2023-12-11T07:19:28,UKPR,OFR-UKPR-3,Non-tendered
34105,Non-BM Fast Reserve,2023-12-11T07:07:00,80,151,2023-12-11T07:28:40,2023-12-11T07:04:28,2023-12-11T07:25:58,UKPR,OFR-UKPR-4,Non-tendered
34108,Non-BM Fast Reserve,2023-12-11T07:07:00,85,121.68,2023-12-11T07:36:25,2023-12-11T07:04:58,2023-12-11T07:34:59,ENWL,OFR-ENWL-1,Non-tendered
34111,Non-BM Fast Reserve,2023-12-11T07:48:00,80,151,2023-12-11T07:59:40,2023-12-11T07:45:59,2023-12-11T07:57:30,UKPR,OFR-UKPR-4,Non-tendered
34110,Non-BM Fast Reserve,2023-12-11T07:48:00,80,151,2023-12-11T07:59:25,2023-12-11T07:45:59,2023-12-11T07:57:30,UKPR,OFR-UKPR-3,Non-tendered
34109,Non-BM Fast Reserve,2023-12-11T07:48:00,60,150,2023-12-11T07:59:30,2023-12-11T07:45:59,2023-12-11T07:58:00,UKPR,OFR-UKPR-2,Non-tendered
34112,Non-BM Fast Reserve,2023-12-12T08:59:00,80,129.69,2023-12-12T09:07:25,2023-12-12T08:57:02,2023-12-12T09:04:33,UKPR,OFR-UKPR-3,Non-tendered
34113,Non-BM Fast Reserve,2023-12-12T08:59:00,60,129.5,2023-12-12T11:03:30,2023-12-12T08:57:02,2023-12-12T11:01:37,UKPR,OFR-UKPR-2,Non-tendered
34114,Non-BM Fast Reserve,2023-12-12T08:59:00,85,128.68,2023-12-12T09:06:25,2023-12-12T08:57:32,2023-12-12T09:04:33,ENWL,OFR-ENWL-1,Non-tendered
34115,Non-BM Fast Reserve,2023-12-12T09:21:00,80,142,2023-12-12T10:03:25,2023-12-12T09:18:34,2023-12-12T10:01:05,UKPR,OFR-UKPR-3,Non-tendered
34116,Non-BM Fast Reserve,2023-12-12T09:21:00,80,142,2023-12-12T10:03:40,2023-12-12T09:18:34,2023-12-12T10:01:05,UKPR,OFR-UKPR-4,Non-tendered
34117,Non-BM Fast Reserve,2023-12-12T09:27:00,85,127.88,2023-12-12T09:56:25,2023-12-12T09:25:04,2023-12-12T09:55:05,ENWL,OFR-ENWL-1,Non-tendered
34119,Non-BM Fast Reserve,2023-12-12T10:15:00,85,137.88,2023-12-12T10:44:25,2023-12-12T10:12:36,2023-12-12T10:43:06,ENWL,OFR-ENWL-1,Non-tendered
34118,Non-BM Fast Reserve,2023-12-12T10:15:00,80,142,2023-12-12T11:04:25,2023-12-12T10:12:36,2023-12-12T11:01:37,UKPR,OFR-UKPR-3,Non-tendered
34120,Non-BM Fast Reserve,2023-12-12T10:22:00,60,143,2023-12-12T11:04:00,2023-12-12T10:20:06,2023-12-12T11:01:37,UKPR,OFR-UKPR-5,Non-tendered
34121,Non-BM Fast Reserve,2023-12-12T10:22:00,80,142,2023-12-12T11:04:40,2023-12-12T10:20:06,2023-12-12T11:01:37,UKPR,OFR-UKPR-4,Non-tendered
34122,Non-BM Fast Reserve,2023-12-12T11:27:00,60,141,2023-12-12T13:11:30,2023-12-12T11:25:07,2023-12-12T13:10:12,UKPR,OFR-UKPR-2,Non-tendered
34123,Non-BM Fast Reserve,2023-12-12T11:27:00,80,142,2023-12-12T13:05:25,2023-12-12T11:25:07,2023-12-12T13:02:12,UKPR,OFR-UKPR-3,Non-tendered
34124,Non-BM Fast Reserve,2023-12-12T11:27:00,85,132.41,2023-12-12T11:57:25,2023-12-12T11:25:37,2023-12-12T11:55:38,ENWL,OFR-ENWL-1,Non-tendered
34125,Non-BM Fast Reserve,2023-12-12T11:59:00,80,142,2023-12-12T13:05:40,2023-12-12T11:56:38,2023-12-12T13:02:12,UKPR,OFR-UKPR-4,Non-tendered
34126,Non-BM Fast Reserve,2023-12-12T11:59:00,60,143,2023-12-12T13:05:00,2023-12-12T11:56:38,2023-12-12T13:02:12,UKPR,OFR-UKPR-5,Non-tendered
34127,Non-BM Fast Reserve,2023-12-12T13:35:00,60,141,2023-12-12T13:57:30,2023-12-12T13:33:12,2023-12-12T13:55:43,UKPR,OFR-UKPR-2,Non-tendered
34128,Non-BM Fast Reserve,2023-12-12T13:35:00,85,131.41,2023-12-12T13:57:25,2023-12-12T13:33:12,2023-12-12T13:55:43,ENWL,OFR-ENWL-1,Non-tendered
34129,Non-BM Fast Reserve,2023-12-12T13:41:00,80,142,2023-12-12T13:57:40,2023-12-12T13:39:13,2023-12-12T13:54:43,UKPR,OFR-UKPR-4,Non-tendered
34130,Non-BM Fast Reserve,2023-12-12T13:41:00,80,142,2023-12-12T13:57:25,2023-12-12T13:39:13,2023-12-12T13:54:43,UKPR,OFR-UKPR-3,Non-tendered
34132,Non-BM Fast Reserve,2023-12-12T13:42:00,80,143,2023-12-12T13:53:36,2023-12-12T13:39:43,2023-12-12T13:51:43,UKPR,OFR-UKPR-6,Non-tendered
34131,Non-BM Fast Reserve,2023-12-12T13:42:00,60,143,2023-12-12T13:57:00,2023-12-12T13:39:43,2023-12-12T13:54:43,UKPR,OFR-UKPR-5,Non-tendered
34133,Non-BM Fast Reserve,2023-12-12T18:38:00,85,131.56,2023-12-12T19:08:25,2023-12-12T18:36:20,2023-12-12T19:06:51,ENWL,OFR-ENWL-1,Non-tendered
34134,Non-BM Fast Reserve,2023-12-12T19:50:00,86,154,2023-12-12T19:58:05,2023-12-12T19:48:22,2023-12-12T19:55:52,UKPR,OFR-UKPR-7,Non-tendered
34136,Non-BM Fast Reserve,2023-12-12T20:45:00,60,141,2023-12-12T21:31:30,2023-12-12T20:43:23,2023-12-12T21:29:24,UKPR,OFR-UKPR-2,Non-tendered
34135,Non-BM Fast Reserve,2023-12-12T20:45:00,80,142,2023-12-12T21:32:40,2023-12-12T20:43:23,2023-12-12T21:29:24,UKPR,OFR-UKPR-4,Non-tendered
34137,Non-BM Fast Reserve,2023-12-12T20:45:00,80,142,2023-12-12T21:26:25,2023-12-12T20:43:23,2023-12-12T21:23:24,UKPR,OFR-UKPR-3,Non-tendered
34139,Non-BM Fast Reserve,2023-12-12T21:05:00,53,131.33,2023-12-12T21:30:53,2023-12-12T21:02:53,2023-12-12T21:29:54,ENWL,OFR-ENWL-1,Non-tendered
34138,Non-BM Fast Reserve,2023-12-12T21:05:00,80,143,2023-12-12T21:17:36,2023-12-12T21:02:53,2023-12-12T21:16:24,UKPR,OFR-UKPR-6,Non-tendered
34140,Non-BM Fast Reserve,2023-12-12T22:01:00,60,141,2023-12-12T22:11:30,2023-12-12T21:58:55,2023-12-12T22:09:55,UKPR,OFR-UKPR-2,Non-tendered
34141,Non-BM Fast Reserve,2023-12-12T22:01:00,53,131.33,2023-12-12T22:10:53,2023-12-12T21:59:25,2023-12-12T22:09:55,ENWL,OFR-ENWL-1,Non-tendered
34142,Non-BM Fast Reserve,2023-12-12T23:41:00,53,130.56,2023-12-12T23:45:53,2023-12-12T23:38:58,2023-12-12T23:45:28,ENWL,OFR-ENWL-1,Non-tendered
34143,Non-BM Fast Reserve,2023-12-13T01:34:00,60,141,2023-12-13T01:41:30,2023-12-13T01:32:01,2023-12-13T01:40:01,UKPR,OFR-UKPR-2,Non-tendered
34144,Non-BM Fast Reserve,2023-12-13T01:34:00,53,126.78,2023-12-13T01:40:53,2023-12-13T01:32:31,2023-12-13T01:40:01,ENWL,OFR-ENWL-1,Non-tendered
34145,Non-BM Fast Reserve,2023-12-13T04:04:00,60,141,2023-12-13T04:16:30,2023-12-13T04:01:35,2023-12-13T04:15:05,UKPR,OFR-UKPR-2,Non-tendered
34146,Non-BM Fast Reserve,2023-12-13T04:04:00,53,126.78,2023-12-13T04:15:53,2023-12-13T04:02:05,2023-12-13T04:15:05,ENWL,OFR-ENWL-1,Non-tendered
34147,Non-BM Fast Reserve,2023-12-13T19:56:00,85,127.33,2023-12-13T20:26:25,2023-12-13T19:54:20,2023-12-13T20:24:51,ENWL,OFR-ENWL-1,Non-tendered
34149,Non-BM Fast Reserve,2023-12-13T20:11:00,60,141,2023-12-13T20:43:30,2023-12-13T20:08:20,2023-12-13T20:41:51,UKPR,OFR-UKPR-2,Non-tendered
34148,Non-BM Fast Reserve,2023-12-13T20:11:00,80,142,2023-12-13T20:44:25,2023-12-13T20:08:20,2023-12-13T20:41:51,UKPR,OFR-UKPR-3,Non-tendered
34150,Non-BM Fast Reserve,2023-12-13T20:58:00,60,141,2023-12-13T21:27:30,2023-12-13T20:55:51,2023-12-13T21:25:22,UKPR,OFR-UKPR-2,Non-tendered
34151,Non-BM Fast Reserve,2023-12-13T20:58:00,52,127.33,2023-12-13T21:26:52,2023-12-13T20:55:51,2023-12-13T21:25:22,ENWL,OFR-ENWL-1,Non-tendered
34152,Non-BM Fast Reserve,2023-12-13T22:26:00,60,141,2023-12-13T22:47:30,2023-12-13T22:23:53,2023-12-13T22:45:54,UKPR,OFR-UKPR-2,Non-tendered
34153,Non-BM Fast Reserve,2023-12-13T22:26:00,52,133.86,2023-12-13T22:47:52,2023-12-13T22:23:53,2023-12-13T22:46:24,ENWL,OFR-ENWL-1,Non-tendered
34155,Non-BM Fast Reserve,2023-12-13T23:00:00,80,142,2023-12-13T23:10:25,2023-12-13T22:57:54,2023-12-13T23:07:54,UKPR,OFR-UKPR-3,Non-tendered
34154,Non-BM Fast Reserve,2023-12-13T23:00:00,60,141,2023-12-13T23:09:30,2023-12-13T22:57:54,2023-12-13T23:08:24,UKPR,OFR-UKPR-2,Non-tendered
34156,Non-BM Fast Reserve,2023-12-13T23:39:00,52,132.13,2023-12-13T23:44:52,2023-12-13T23:37:25,2023-12-13T23:43:55,ENWL,OFR-ENWL-1,Non-tendered
34157,Non-BM Fast Reserve,2023-12-14T02:22:00,60,141,2023-12-14T02:28:30,2023-12-14T02:19:29,2023-12-14T02:27:00,UKPR,OFR-UKPR-2,Non-tendered
34158,Non-BM Fast Reserve,2023-12-14T02:22:00,52,131.9,2023-12-14T02:27:52,2023-12-14T02:19:29,2023-12-14T02:27:00,ENWL,OFR-ENWL-1,Non-tendered
34159,Non-BM Fast Reserve,2023-12-14T04:05:00,60,141,2023-12-14T04:13:30,2023-12-14T04:03:02,2023-12-14T04:12:02,UKPR,OFR-UKPR-2,Non-tendered
34160,Non-BM Fast Reserve,2023-12-14T04:05:00,52,131.9,2023-12-14T04:13:52,2023-12-14T04:03:32,2023-12-14T04:13:02,ENWL,OFR-ENWL-1,Non-tendered
34162,Non-BM Fast Reserve,2023-12-14T04:36:00,60,141,2023-12-14T04:51:30,2023-12-14T04:33:32,2023-12-14T04:49:33,UKPR,OFR-UKPR-2,Non-tendered
34161,Non-BM Fast Reserve,2023-12-14T04:36:00,52,131.9,2023-12-14T04:50:52,2023-12-14T04:33:32,2023-12-14T04:49:33,ENWL,OFR-ENWL-1,Non-tendered
34164,Non-BM Fast Reserve,2023-12-14T05:08:00,52,131.9,2023-12-14T05:16:52,2023-12-14T05:06:03,2023-12-14T05:16:03,ENWL,OFR-ENWL-1,Non-tendered
34163,Non-BM Fast Reserve,2023-12-14T05:08:00,60,141,2023-12-14T05:17:30,2023-12-14T05:06:03,2023-12-14T05:16:03,UKPR,OFR-UKPR-2,Non-tendered
34165,Non-BM Fast Reserve,2023-12-14T06:33:00,60,141,2023-12-14T06:44:30,2023-12-14T06:31:05,2023-12-14T06:42:36,UKPR,OFR-UKPR-2,Non-tendered
34166,Non-BM Fast Reserve,2023-12-14T06:33:00,80,142,2023-12-14T06:43:25,2023-12-14T06:31:05,2023-12-14T06:40:35,UKPR,OFR-UKPR-3,Non-tendered
34167,Non-BM Fast Reserve,2023-12-14T08:46:00,80,148,2023-12-14T09:03:25,2023-12-14T08:44:08,2023-12-14T09:00:39,UKPR,OFR-UKPR-3,Non-tendered
34169,Non-BM Fast Reserve,2023-12-14T08:46:00,60,147,2023-12-14T09:02:30,2023-12-14T08:44:08,2023-12-14T09:00:39,UKPR,OFR-UKPR-2,Non-tendered
34168,Non-BM Fast Reserve,2023-12-14T08:46:00,87,130,2023-12-14T09:02:27,2023-12-14T08:44:08,2023-12-14T09:00:39,ENWL,OFR-ENWL-1,Non-tendered
34170,Non-BM Fast Reserve,2023-12-14T15:59:00,87,132.52,2023-12-14T16:08:27,2023-12-14T15:57:07,2023-12-14T16:07:07,ENWL,OFR-ENWL-1,Non-tendered
34171,Non-BM Fast Reserve,2023-12-14T15:59:00,80,147,2023-12-14T16:09:40,2023-12-14T15:57:07,2023-12-14T16:07:07,UKPR,OFR-UKPR-4,Non-tendered
34172,Non-BM Fast Reserve,2023-12-14T20:20:00,87,135.33,2023-12-14T20:27:27,2023-12-14T20:17:42,2023-12-14T20:26:13,ENWL,OFR-ENWL-1,Non-tendered
34173,Non-BM Fast Reserve,2023-12-14T20:20:00,86,154,2023-12-14T20:34:05,2023-12-14T20:17:42,2023-12-14T20:32:13,UKPR,OFR-UKPR-7,Non-tendered
34174,Non-BM Fast Reserve,2023-12-14T21:44:00,59,135.33,2023-12-14T21:51:59,2023-12-14T21:42:15,2023-12-14T21:51:15,ENWL,OFR-ENWL-1,Non-tendered
34175,Non-BM Fast Reserve,2023-12-14T23:08:00,60,141,2023-12-14T23:22:30,2023-12-14T23:06:16,2023-12-14T23:20:17,UKPR,OFR-UKPR-2,Non-tendered
34176,Non-BM Fast Reserve,2023-12-14T23:08:00,59,135.56,2023-12-14T23:21:59,2023-12-14T23:06:16,2023-12-14T23:20:17,ENWL,OFR-ENWL-1,Non-tendered
34177,Non-BM Fast Reserve,2023-12-15T00:07:00,60,141,2023-12-15T00:23:30,2023-12-15T00:04:48,2023-12-15T00:21:48,UKPR,OFR-UKPR-2,Non-tendered
34178,Non-BM Fast Reserve,2023-12-15T00:07:00,59,135.56,2023-12-15T00:23:59,2023-12-15T00:04:48,2023-12-15T00:22:48,ENWL,OFR-ENWL-1,Non-tendered
34179,Non-BM Fast Reserve,2023-12-15T00:07:00,80,141,2023-12-15T00:24:25,2023-12-15T00:05:18,2023-12-15T00:21:48,UKPR,OFR-UKPR-3,Non-tendered
34180,Non-BM Fast Reserve,2023-12-15T02:52:00,59,132.78,2023-12-15T03:10:59,2023-12-15T02:49:51,2023-12-15T03:09:22,ENWL,OFR-ENWL-1,Non-tendered
34181,Non-BM Fast Reserve,2023-12-15T02:55:00,60,141,2023-12-15T03:10:30,2023-12-15T02:52:51,2023-12-15T03:08:52,UKPR,OFR-UKPR-2,Non-tendered
34182,Non-BM Fast Reserve,2023-12-15T02:55:00,80,141,2023-12-15T03:11:25,2023-12-15T02:53:21,2023-12-15T03:08:22,UKPR,OFR-UKPR-3,Non-tendered
34183,Non-BM Fast Reserve,2023-12-15T04:05:00,60,141,2023-12-15T04:33:30,2023-12-15T04:02:53,2023-12-15T04:31:24,UKPR,OFR-UKPR-2,Non-tendered
34184,Non-BM Fast Reserve,2023-12-15T04:05:00,59,132.78,2023-12-15T04:33:59,2023-12-15T04:02:53,2023-12-15T04:32:54,ENWL,OFR-ENWL-1,Non-tendered
34185,Non-BM Fast Reserve,2023-12-15T06:28:00,80,141,2023-12-15T06:54:25,2023-12-15T06:25:57,2023-12-15T06:51:28,UKPR,OFR-UKPR-3,Non-tendered
34186,Non-BM Fast Reserve,2023-12-15T06:28:00,60,141,2023-12-15T06:54:30,2023-12-15T06:25:57,2023-12-15T06:52:28,UKPR,OFR-UKPR-2,Non-tendered
34187,Non-BM Fast Reserve,2023-12-15T09:09:00,80,142,2023-12-15T10:30:40,2023-12-15T09:06:31,2023-12-15T10:27:33,UKPR,OFR-UKPR-4,Non-tendered
34189,Non-BM Fast Reserve,2023-12-15T09:09:00,60,143.4,2023-12-15T09:47:00,2023-12-15T09:06:31,2023-12-15T09:44:32,UKPR,OFR-UKPR-5,Non-tendered
34188,Non-BM Fast Reserve,2023-12-15T09:09:00,80,141,2023-12-15T09:47:25,2023-12-15T09:06:31,2023-12-15T09:44:32,UKPR,OFR-UKPR-3,Non-tendered
34190,Non-BM Fast Reserve,2023-12-15T09:09:00,60,141.4,2023-12-15T10:41:30,2023-12-15T09:06:31,2023-12-15T10:40:04,UKPR,OFR-UKPR-2,Non-tendered
34191,Non-BM Fast Reserve,2023-12-15T09:09:00,80,144.4,2023-12-15T09:40:36,2023-12-15T09:06:31,2023-12-15T09:39:32,UKPR,OFR-UKPR-6,Non-tendered
34192,Non-BM Fast Reserve,2023-12-15T09:09:00,87,137.88,2023-12-15T09:25:27,2023-12-15T09:07:01,2023-12-15T09:24:02,ENWL,OFR-ENWL-1,Non-tendered
34194,Non-BM Fast Reserve,2023-12-15T09:15:00,25,154,2023-12-15T09:39:50,2023-12-15T09:12:31,2023-12-15T09:39:32,UKPR,OFR-UKPR-1,Non-tendered
34193,Non-BM Fast Reserve,2023-12-15T09:15:00,86,154,2023-12-15T09:41:05,2023-12-15T09:12:31,2023-12-15T09:39:02,UKPR,OFR-UKPR-7,Non-tendered
34195,Non-BM Fast Reserve,2023-12-15T10:07:00,80,139,2023-12-15T10:30:25,2023-12-15T10:04:33,2023-12-15T10:27:33,UKPR,OFR-UKPR-3,Non-tendered
34196,Non-BM Fast Reserve,2023-12-15T10:07:00,87,137.88,2023-12-15T10:36:27,2023-12-15T10:05:03,2023-12-15T10:35:04,ENWL,OFR-ENWL-1,Non-tendered
34198,Non-BM Fast Reserve,2023-12-15T17:07:00,87,128.68,2023-12-15T17:37:27,2023-12-15T17:05:08,2023-12-15T17:35:39,ENWL,OFR-ENWL-1,Non-tendered
34197,Non-BM Fast Reserve,2023-12-15T17:07:00,60,129,2023-12-15T17:35:30,2023-12-15T17:05:08,2023-12-15T17:33:39,UKPR,OFR-UKPR-2,Non-tendered
34199,Non-BM Fast Reserve,2023-12-15T17:32:00,80,130,2023-12-15T17:44:25,2023-12-15T17:29:39,2023-12-15T17:42:09,UKPR,OFR-UKPR-3,Non-tendered
34200,Non-BM Fast Reserve,2023-12-16T06:44:00,60,115.5,2023-12-16T07:00:49,2023-12-16T06:41:30,2023-12-16T06:58:30,UKPR,OFR-UKPR-3,Non-tendered
34203,Non-BM Fast Reserve,2023-12-16T06:44:00,80,117,2023-12-16T07:00:36,2023-12-16T06:41:30,2023-12-16T06:58:30,UKPR,OFR-UKPR-6,Non-tendered
34202,Non-BM Fast Reserve,2023-12-16T06:44:00,60,115,2023-12-16T07:00:30,2023-12-16T06:41:30,2023-12-16T06:58:30,UKPR,OFR-UKPR-2,Non-tendered
34201,Non-BM Fast Reserve,2023-12-16T06:44:00,80,116,2023-12-16T07:01:40,2023-12-16T06:41:30,2023-12-16T06:58:30,UKPR,OFR-UKPR-4,Non-tendered
34204,Non-BM Fast Reserve,2023-12-16T07:31:00,60,115,2023-12-16T07:39:30,2023-12-16T07:29:01,2023-12-16T07:37:31,UKPR,OFR-UKPR-2,Non-tendered
34205,Non-BM Fast Reserve,2023-12-16T07:31:00,60,115.5,2023-12-16T07:39:49,2023-12-16T07:29:01,2023-12-16T07:37:31,UKPR,OFR-UKPR-3,Non-tendered
34208,Non-BM Fast Reserve,2023-12-16T22:01:00,52,105.33,2023-12-16T22:11:52,2023-12-16T21:59:07,2023-12-16T22:10:37,ENWL,OFR-ENWL-1,Non-tendered
34209,Non-BM Fast Reserve,2023-12-16T22:01:00,60,126,2023-12-16T22:12:49,2023-12-16T21:59:07,2023-12-16T22:10:37,UKPR,OFR-UKPR-3,Non-tendered
34206,Non-BM Fast Reserve,2023-12-16T22:01:00,60,125,2023-12-16T22:12:30,2023-12-16T21:59:07,2023-12-16T22:10:37,UKPR,OFR-UKPR-2,Non-tendered
34207,Non-BM Fast Reserve,2023-12-16T22:01:00,80,126,2023-12-16T22:13:40,2023-12-16T21:59:07,2023-12-16T22:10:37,UKPR,OFR-UKPR-4,Non-tendered
34210,Non-BM Fast Reserve,2023-12-16T22:47:00,60,125,2023-12-16T23:28:30,2023-12-16T22:45:08,2023-12-16T23:26:09,UKPR,OFR-UKPR-2,Non-tendered
34211,Non-BM Fast Reserve,2023-12-16T22:47:00,52,105.33,2023-12-16T23:15:52,2023-12-16T22:45:08,2023-12-16T23:15:09,ENWL,OFR-ENWL-1,Non-tendered
34212,Non-BM Fast Reserve,2023-12-16T22:47:00,60,126,2023-12-16T23:28:49,2023-12-16T22:45:08,2023-12-16T23:26:09,UKPR,OFR-UKPR-3,Non-tendered
34213,Non-BM Fast Reserve,2023-12-16T22:47:00,80,126,2023-12-16T23:29:40,2023-12-16T22:45:08,2023-12-16T23:26:09,UKPR,OFR-UKPR-4,Non-tendered
34214,Non-BM Fast Reserve,2023-12-17T15:05:00,75,103.68,2023-12-17T15:30:15,2023-12-17T15:02:33,2023-12-17T15:29:01,ENWL,OFR-ENWL-1,Non-tendered
34215,Non-BM Fast Reserve,2023-12-17T15:05:00,60,120,2023-12-17T15:30:30,2023-12-17T15:02:33,2023-12-17T15:29:01,UKPR,OFR-UKPR-2,Non-tendered
34216,Non-BM Fast Reserve,2023-12-17T15:05:00,60,121,2023-12-17T15:30:49,2023-12-17T15:02:33,2023-12-17T15:29:01,UKPR,OFR-UKPR-3,Non-tendered
34218,Non-BM Fast Reserve,2023-12-17T17:06:00,60,125,2023-12-17T17:41:30,2023-12-17T17:04:03,2023-12-17T17:40:05,UKPR,OFR-UKPR-2,Non-tendered
34217,Non-BM Fast Reserve,2023-12-17T17:06:00,60,126,2023-12-17T17:41:49,2023-12-17T17:04:03,2023-12-17T17:40:05,UKPR,OFR-UKPR-3,Non-tendered
34219,Non-BM Fast Reserve,2023-12-17T17:06:00,75,103.68,2023-12-17T17:36:15,2023-12-17T17:04:33,2023-12-17T17:34:35,ENWL,OFR-ENWL-1,Non-tendered
34220,Non-BM Fast Reserve,2023-12-17T18:33:00,60,125,2023-12-17T19:01:30,2023-12-17T18:30:37,2023-12-17T18:59:09,UKPR,OFR-UKPR-2,Non-tendered
34222,Non-BM Fast Reserve,2023-12-17T18:33:00,75,112.56,2023-12-17T19:01:15,2023-12-17T18:30:37,2023-12-17T18:59:09,ENWL,OFR-ENWL-1,Non-tendered
34221,Non-BM Fast Reserve,2023-12-17T18:33:00,60,126,2023-12-17T19:01:49,2023-12-17T18:30:37,2023-12-17T18:59:09,UKPR,OFR-UKPR-3,Non-tendered
34224,Non-BM Fast Reserve,2023-12-17T20:00:00,60,125,2023-12-17T20:26:30,2023-12-17T19:58:11,2023-12-17T20:25:12,UKPR,OFR-UKPR-2,Non-tendered
34223,Non-BM Fast Reserve,2023-12-17T20:00:00,60,126,2023-12-17T20:26:49,2023-12-17T19:58:11,2023-12-17T20:25:12,UKPR,OFR-UKPR-3,Non-tendered
34225,Non-BM Fast Reserve,2023-12-17T20:00:00,75,111.7,2023-12-17T20:26:15,2023-12-17T19:58:11,2023-12-17T20:25:12,ENWL,OFR-ENWL-1,Non-tendered
34226,Non-BM Fast Reserve,2023-12-18T00:08:00,60,125,2023-12-18T00:47:30,2023-12-18T00:06:17,2023-12-18T00:45:49,UKPR,OFR-UKPR-2,Non-tendered
34228,Non-BM Fast Reserve,2023-12-18T00:08:00,60,126,2023-12-18T00:47:49,2023-12-18T00:06:17,2023-12-18T00:45:49,UKPR,OFR-UKPR-3,Non-tendered
34227,Non-BM Fast Reserve,2023-12-18T00:08:00,56,112.56,2023-12-18T00:36:56,2023-12-18T00:06:17,2023-12-18T00:36:19,ENWL,OFR-ENWL-1,Non-tendered
34229,Non-BM Fast Reserve,2023-12-18T00:18:00,80,126,2023-12-18T00:48:40,2023-12-18T00:15:17,2023-12-18T00:45:49,UKPR,OFR-UKPR-4,Non-tendered
34230,Non-BM Fast Reserve,2023-12-18T00:18:00,60,127,2023-12-18T00:48:00,2023-12-18T00:15:17,2023-12-18T00:45:49,UKPR,OFR-UKPR-5,Non-tendered
34231,Non-BM Fast Reserve,2023-12-18T00:18:00,80,127,2023-12-18T00:46:36,2023-12-18T00:15:17,2023-12-18T00:44:49,UKPR,OFR-UKPR-6,Non-tendered
34232,Non-BM Fast Reserve,2023-12-18T07:54:00,60,125,2023-12-18T08:03:30,2023-12-18T07:51:31,2023-12-18T08:02:01,UKPR,OFR-UKPR-2,Non-tendered
34233,Non-BM Fast Reserve,2023-12-18T07:54:00,87,108.68,2023-12-18T08:03:27,2023-12-18T07:52:01,2023-12-18T08:02:01,ENWL,OFR-ENWL-1,Non-tendered
34234,Non-BM Fast Reserve,2023-12-18T14:34:00,60,114,2023-12-18T15:37:30,2023-12-18T14:31:39,2023-12-18T15:36:19,UKPR,OFR-UKPR-2,Non-tendered
34235,Non-BM Fast Reserve,2023-12-18T15:29:00,60,118,2023-12-18T15:36:49,2023-12-18T15:26:41,2023-12-18T15:34:49,UKPR,OFR-UKPR-3,Non-tendered
34236,Non-BM Fast Reserve,2023-12-18T15:29:00,87,117.68,2023-12-18T15:36:27,2023-12-18T15:26:41,2023-12-18T15:34:49,ENWL,OFR-ENWL-1,Non-tendered
34237,Non-BM Fast Reserve,2023-12-18T15:49:00,60,114,2023-12-18T16:52:30,2023-12-18T15:46:20,2023-12-18T16:51:22,UKPR,OFR-UKPR-2,Non-tendered
34238,Non-BM Fast Reserve,2023-12-18T15:57:00,87,117.68,2023-12-18T16:26:27,2023-12-18T15:54:50,2023-12-18T16:24:51,ENWL,OFR-ENWL-1,Non-tendered
34240,Non-BM Fast Reserve,2023-12-19T00:39:00,60,118,2023-12-19T01:52:49,2023-12-19T00:36:32,2023-12-19T01:51:05,UKPR,OFR-UKPR-3,Non-tendered
34239,Non-BM Fast Reserve,2023-12-19T00:39:00,60,116,2023-12-19T01:52:30,2023-12-19T00:36:32,2023-12-19T01:51:05,UKPR,OFR-UKPR-2,Non-tendered
34241,Non-BM Fast Reserve,2023-12-19T01:01:00,80,118,2023-12-19T01:35:40,2023-12-19T00:59:03,2023-12-19T01:33:05,UKPR,OFR-UKPR-4,Non-tendered
34242,Non-BM Fast Reserve,2023-12-19T01:01:00,57,106.56,2023-12-19T01:29:57,2023-12-19T00:59:33,2023-12-19T01:29:04,ENWL,OFR-ENWL-1,Non-tendered
34243,Non-BM Fast Reserve,2023-12-19T04:23:00,80,118,2023-12-19T05:14:40,2023-12-19T04:21:08,2023-12-19T05:12:10,UKPR,OFR-UKPR-4,Non-tendered
34246,Non-BM Fast Reserve,2023-12-19T04:23:00,57,102.78,2023-12-19T04:51:57,2023-12-19T04:21:08,2023-12-19T04:50:40,ENWL,OFR-ENWL-1,Non-tendered
34244,Non-BM Fast Reserve,2023-12-19T04:23:00,60,118,2023-12-19T05:16:49,2023-12-19T04:21:08,2023-12-19T05:14:40,UKPR,OFR-UKPR-3,Non-tendered
34245,Non-BM Fast Reserve,2023-12-19T04:23:00,60,116,2023-12-19T05:16:30,2023-12-19T04:21:08,2023-12-19T05:14:40,UKPR,OFR-UKPR-2,Non-tendered
34247,Non-BM Fast Reserve,2023-12-19T04:42:00,80,120,2023-12-19T05:13:36,2023-12-19T04:40:09,2023-12-19T05:12:10,UKPR,OFR-UKPR-6,Non-tendered
34248,Non-BM Fast Reserve,2023-12-19T04:42:00,60,120,2023-12-19T05:14:00,2023-12-19T04:40:09,2023-12-19T05:12:10,UKPR,OFR-UKPR-5,Non-tendered
34250,Non-BM Fast Reserve,2023-12-19T08:03:00,60,118,2023-12-19T11:15:30,2023-12-19T08:01:14,2023-12-19T11:13:19,UKPR,OFR-UKPR-2,Non-tendered
34249,Non-BM Fast Reserve,2023-12-19T08:03:00,87,107.68,2023-12-19T08:33:27,2023-12-19T08:01:14,2023-12-19T08:31:45,ENWL,OFR-ENWL-1,Non-tendered
34251,Non-BM Fast Reserve,2023-12-19T10:43:00,60,119,2023-12-19T11:15:49,2023-12-19T10:40:49,2023-12-19T11:13:19,UKPR,OFR-UKPR-3,Non-tendered
34252,Non-BM Fast Reserve,2023-12-19T10:43:00,87,107.88,,2023-12-19T10:41:19,,ENWL,OFR-ENWL-1,Non-tendered
34253,Non-BM Fast Reserve,2023-12-19T18:19:00,60,123,2023-12-19T18:26:49,2023-12-19T18:16:33,2023-12-19T18:25:03,UKPR,OFR-UKPR-3,Non-tendered
34256,Non-BM Fast Reserve,2023-12-19T23:22:00,60,115,2023-12-19T23:44:49,2023-12-19T23:20:09,2023-12-19T23:43:10,UKPR,OFR-UKPR-3,Non-tendered
34254,Non-BM Fast Reserve,2023-12-19T23:22:00,60,116,2023-12-19T23:44:30,2023-12-19T23:20:09,2023-12-19T23:43:10,UKPR,OFR-UKPR-2,Non-tendered
34255,Non-BM Fast Reserve,2023-12-19T23:22:00,80,115,2023-12-19T23:45:40,2023-12-19T23:20:09,2023-12-19T23:43:10,UKPR,OFR-UKPR-4,Non-tendered
34258,Non-BM Fast Reserve,2023-12-20T05:57:00,80,115,2023-12-20T06:06:40,2023-12-20T05:55:19,2023-12-20T06:03:19,UKPR,OFR-UKPR-4,Non-tendered
34257,Non-BM Fast Reserve,2023-12-20T05:57:00,60,114,2023-12-20T06:05:30,2023-12-20T05:55:19,2023-12-20T06:03:19,UKPR,OFR-UKPR-2,Non-tendered
34259,Non-BM Fast Reserve,2023-12-20T05:57:00,80,115,2023-12-20T06:06:25,2023-12-20T05:55:19,2023-12-20T06:03:19,UKPR,OFR-UKPR-3,Non-tendered
34260,Non-BM Fast Reserve,2023-12-20T14:18:00,60,115,2023-12-20T14:25:30,2023-12-20T14:16:01,2023-12-20T14:24:01,UKPR,OFR-UKPR-2,Non-tendered
34262,Non-BM Fast Reserve,2023-12-20T16:53:00,80,116,2023-12-20T17:02:25,2023-12-20T16:50:51,2023-12-20T16:59:21,UKPR,OFR-UKPR-3,Non-tendered
34261,Non-BM Fast Reserve,2023-12-20T16:53:00,60,115,2023-12-20T17:01:30,2023-12-20T16:50:51,2023-12-20T16:59:21,UKPR,OFR-UKPR-2,Non-tendered
34263,Non-BM Fast Reserve,2023-12-20T18:34:00,80,116,2023-12-20T18:55:25,2023-12-20T18:31:53,2023-12-20T18:52:24,UKPR,OFR-UKPR-3,Non-tendered
34264,Non-BM Fast Reserve,2023-12-20T18:34:00,60,115,2023-12-20T18:54:30,2023-12-20T18:31:53,2023-12-20T18:52:54,UKPR,OFR-UKPR-2,Non-tendered
34269,Non-BM Fast Reserve,2023-12-20T21:34:00,80,116,2023-12-20T21:44:25,2023-12-20T21:31:57,2023-12-20T21:42:27,UKPR,OFR-UKPR-3,Non-tendered
34266,Non-BM Fast Reserve,2023-12-20T21:34:00,50,104.33,2023-12-20T22:02:50,2023-12-20T21:31:57,2023-12-20T22:01:58,ENWL,OFR-ENWL-1,Non-tendered
34265,Non-BM Fast Reserve,2023-12-20T21:34:00,60,115,2023-12-20T22:29:30,2023-12-20T21:31:57,2023-12-20T22:27:30,UKPR,OFR-UKPR-2,Non-tendered
34267,Non-BM Fast Reserve,2023-12-20T21:34:00,60,117,2023-12-20T21:44:00,2023-12-20T21:31:57,2023-12-20T21:42:27,UKPR,OFR-UKPR-5,Non-tendered
34268,Non-BM Fast Reserve,2023-12-20T21:34:00,80,116,2023-12-20T21:44:40,2023-12-20T21:31:57,2023-12-20T21:42:27,UKPR,OFR-UKPR-4,Non-tendered
34270,Non-BM Fast Reserve,2023-12-21T12:59:00,60,110,2023-12-21T14:39:30,2023-12-21T12:56:53,2023-12-21T14:37:26,UKPR,OFR-UKPR-2,Non-tendered
34271,Non-BM Fast Reserve,2023-12-21T12:59:00,80,110.5,2023-12-21T14:02:25,2023-12-21T12:56:53,2023-12-21T13:59:25,UKPR,OFR-UKPR-3,Non-tendered
34272,Non-BM Fast Reserve,2023-12-21T13:11:00,80,110.5,2023-12-21T14:30:40,2023-12-21T13:08:53,2023-12-21T14:27:56,UKPR,OFR-UKPR-4,Non-tendered
34273,Non-BM Fast Reserve,2023-12-21T13:38:00,80,110.9,2023-12-21T13:59:36,2023-12-21T13:35:24,2023-12-21T13:57:25,UKPR,OFR-UKPR-6,Non-tendered
34274,Non-BM Fast Reserve,2023-12-21T14:19:00,80,107.42,2023-12-21T14:48:20,2023-12-21T14:16:55,2023-12-21T14:46:57,ENWL,OFR-ENWL-1,Non-tendered
34275,Non-BM Fast Reserve,2023-12-21T17:28:00,80,124.9,2023-12-21T17:35:36,2023-12-21T17:25:55,2023-12-21T17:33:26,UKPR,OFR-UKPR-6,Non-tendered
34277,Non-BM Fast Reserve,2023-12-21T17:28:00,60,124,2023-12-21T17:37:30,2023-12-21T17:25:55,2023-12-21T17:35:26,UKPR,OFR-UKPR-2,Non-tendered
34276,Non-BM Fast Reserve,2023-12-21T17:28:00,80,124.5,2023-12-21T17:36:25,2023-12-21T17:25:55,2023-12-21T17:33:56,UKPR,OFR-UKPR-3,Non-tendered
34278,Non-BM Fast Reserve,2023-12-21T17:47:00,60,124,2023-12-21T17:54:30,2023-12-21T17:44:56,2023-12-21T17:52:56,UKPR,OFR-UKPR-2,Non-tendered
34280,Non-BM Fast Reserve,2023-12-21T17:47:00,80,124.5,2023-12-21T17:55:25,2023-12-21T17:44:56,2023-12-21T17:52:56,UKPR,OFR-UKPR-3,Non-tendered
34279,Non-BM Fast Reserve,2023-12-21T17:47:00,80,124.9,2023-12-21T17:54:36,2023-12-21T17:44:56,2023-12-21T17:52:56,UKPR,OFR-UKPR-6,Non-tendered
34282,Non-BM Fast Reserve,2023-12-21T18:04:00,60,124,2023-12-21T18:15:30,2023-12-21T18:01:56,2023-12-21T18:14:27,UKPR,OFR-UKPR-2,Non-tendered
34281,Non-BM Fast Reserve,2023-12-21T18:04:00,80,124.9,2023-12-21T18:15:36,2023-12-21T18:01:56,2023-12-21T18:13:57,UKPR,OFR-UKPR-6,Non-tendered
34283,Non-BM Fast Reserve,2023-12-21T18:05:00,80,124.5,2023-12-21T18:16:25,2023-12-21T18:02:56,2023-12-21T18:13:57,UKPR,OFR-UKPR-3,Non-tendered
34284,Non-BM Fast Reserve,2023-12-21T18:11:00,86,134.9,2023-12-21T18:24:05,2023-12-21T18:08:56,2023-12-21T18:21:27,UKPR,OFR-UKPR-7,Non-tendered
34285,Non-BM Fast Reserve,2023-12-22T11:31:00,74,103.42,2023-12-22T12:00:14,2023-12-22T11:28:49,2023-12-22T11:58:51,ENWL,OFR-ENWL-1,Non-tendered
34286,Non-BM Fast Reserve,2023-12-22T11:33:00,60,117,2023-12-22T12:19:30,2023-12-22T11:30:20,2023-12-22T12:18:21,UKPR,OFR-UKPR-2,Non-tendered
34287,Non-BM Fast Reserve,2023-12-22T11:33:00,80,117.5,2023-12-22T11:44:25,2023-12-22T11:30:50,2023-12-22T11:41:20,UKPR,OFR-UKPR-3,Non-tendered
34288,Non-BM Fast Reserve,2023-12-22T11:37:00,80,117.5,2023-12-22T12:17:40,2023-12-22T11:34:50,2023-12-22T12:15:21,UKPR,OFR-UKPR-4,Non-tendered
34290,Non-BM Fast Reserve,2023-12-22T11:38:00,60,117.9,2023-12-22T11:45:00,2023-12-22T11:35:50,2023-12-22T11:42:50,UKPR,OFR-UKPR-5,Non-tendered
34289,Non-BM Fast Reserve,2023-12-22T11:38:00,80,117.9,2023-12-22T12:13:36,2023-12-22T11:35:50,2023-12-22T12:11:51,UKPR,OFR-UKPR-6,Non-tendered
34291,Non-BM Fast Reserve,2023-12-22T13:17:00,80,124.5,2023-12-22T14:16:25,2023-12-22T13:14:23,2023-12-22T14:13:55,UKPR,OFR-UKPR-3,Non-tendered
34292,Non-BM Fast Reserve,2023-12-22T13:17:00,60,124,2023-12-22T14:19:30,2023-12-22T13:14:23,2023-12-22T14:17:26,UKPR,OFR-UKPR-2,Non-tendered
34293,Non-BM Fast Reserve,2023-12-22T13:17:00,80,124.5,2023-12-22T14:19:40,2023-12-22T13:14:23,2023-12-22T14:16:26,UKPR,OFR-UKPR-4,Non-tendered
34294,Non-BM Fast Reserve,2023-12-22T13:22:00,80,124.9,2023-12-22T14:08:36,2023-12-22T13:19:53,2023-12-22T14:06:55,UKPR,OFR-UKPR-6,Non-tendered
34295,Non-BM Fast Reserve,2023-12-22T13:22:00,60,124.9,2023-12-22T14:12:00,2023-12-22T13:19:53,2023-12-22T14:10:25,UKPR,OFR-UKPR-5,Non-tendered
34296,Non-BM Fast Reserve,2023-12-22T13:33:00,25,139.9,2023-12-22T14:07:50,2023-12-22T13:30:53,2023-12-22T14:06:55,UKPR,OFR-UKPR-1,Non-tendered
34297,Non-BM Fast Reserve,2023-12-22T13:33:00,86,139.9,2023-12-22T14:08:05,2023-12-22T13:30:53,2023-12-22T14:05:25,UKPR,OFR-UKPR-7,Non-tendered
34298,Non-BM Fast Reserve,2023-12-22T18:41:00,74,107.56,2023-12-22T18:59:14,2023-12-22T18:38:54,2023-12-22T18:57:25,ENWL,OFR-ENWL-1,Non-tendered
34299,Non-BM Fast Reserve,2023-12-22T19:17:00,74,106.33,2023-12-22T19:26:14,2023-12-22T19:14:26,2023-12-22T19:25:26,ENWL,OFR-ENWL-1,Non-tendered
34300,Non-BM Fast Reserve,2023-12-22T22:05:00,60,134,2023-12-22T22:13:30,2023-12-22T22:03:00,2023-12-22T22:11:31,UKPR,OFR-UKPR-2,Non-tendered
34301,Non-BM Fast Reserve,2023-12-22T22:05:00,80,134.5,2023-12-22T22:14:25,2023-12-22T22:03:30,2023-12-22T22:11:31,UKPR,OFR-UKPR-3,Non-tendered
34302,Non-BM Fast Reserve,2023-12-22T23:03:00,48,106.56,2023-12-22T23:08:48,2023-12-22T23:01:01,2023-12-22T23:08:02,ENWL,OFR-ENWL-1,Non-tendered
34303,Non-BM Fast Reserve,2023-12-22T23:03:00,60,116,2023-12-22T23:10:30,2023-12-22T23:01:01,2023-12-22T23:09:02,UKPR,OFR-UKPR-2,Non-tendered
34336,Non-BM Fast Reserve,2023-12-24T23:03:00,60,118,2023-12-24T23:20:30,2023-12-24T23:01:06,2023-12-24T23:19:07,UKPR,OFR-UKPR-2,Non-tendered
34337,Non-BM Fast Reserve,2023-12-24T23:04:00,80,118.5,2023-12-24T23:14:25,2023-12-24T23:01:36,2023-12-24T23:12:07,UKPR,OFR-UKPR-3,Non-tendered
34338,Non-BM Fast Reserve,2023-12-24T23:03:00,47,106.56,2023-12-24T23:31:47,2023-12-24T23:01:36,2023-12-24T23:31:07,ENWL,OFR-ENWL-1,Non-tendered
34339,Non-BM Fast Reserve,2023-12-24T23:06:00,80,118.5,2023-12-24T23:14:40,2023-12-24T23:04:06,2023-12-24T23:11:37,UKPR,OFR-UKPR-4,Non-tendered
34340,Non-BM Fast Reserve,2023-12-24T23:29:00,80,118.5,2023-12-25T00:19:25,2023-12-24T23:26:37,2023-12-25T00:17:08,UKPR,OFR-UKPR-3,Non-tendered
34341,Non-BM Fast Reserve,2023-12-24T23:29:00,80,118.5,2023-12-25T00:21:40,2023-12-24T23:27:07,2023-12-25T00:19:08,UKPR,OFR-UKPR-4,Non-tendered
34343,Non-BM Fast Reserve,2023-12-25T06:31:00,60,118,2023-12-25T07:00:30,2023-12-25T06:28:19,2023-12-25T06:59:20,UKPR,OFR-UKPR-2,Non-tendered
34342,Non-BM Fast Reserve,2023-12-25T06:31:00,80,118.5,2023-12-25T07:01:25,2023-12-25T06:28:19,2023-12-25T06:59:20,UKPR,OFR-UKPR-3,Non-tendered
34345,Non-BM Fast Reserve,2023-12-25T11:53:00,67,106.42,2023-12-25T12:22:07,2023-12-25T11:50:58,2023-12-25T12:20:58,ENWL,OFR-ENWL-1,Non-tendered
34344,Non-BM Fast Reserve,2023-12-25T11:53:00,60,118,2023-12-25T13:37:30,2023-12-25T11:50:58,2023-12-25T13:36:01,UKPR,OFR-UKPR-2,Non-tendered
34347,Non-BM Fast Reserve,2023-12-25T12:09:00,80,118.5,2023-12-25T13:25:25,2023-12-25T12:07:28,2023-12-25T13:22:30,UKPR,OFR-UKPR-3,Non-tendered
34346,Non-BM Fast Reserve,2023-12-25T12:09:00,80,118.5,2023-12-25T13:32:40,2023-12-25T12:07:28,2023-12-25T13:29:30,UKPR,OFR-UKPR-4,Non-tendered
34348,Non-BM Fast Reserve,2023-12-26T07:53:00,80,121.5,2023-12-26T08:03:25,2023-12-26T07:50:43,2023-12-26T08:00:43,UKPR,OFR-UKPR-3,Non-tendered
34350,Non-BM Fast Reserve,2023-12-26T07:53:00,67,103.68,2023-12-26T08:02:07,2023-12-26T07:50:43,2023-12-26T08:00:43,ENWL,OFR-ENWL-1,Non-tendered
34349,Non-BM Fast Reserve,2023-12-26T07:53:00,60,121,2023-12-26T08:02:30,2023-12-26T07:50:43,2023-12-26T08:00:43,UKPR,OFR-UKPR-2,Non-tendered
34352,Non-BM Fast Reserve,2023-12-26T08:24:00,80,117.2,2023-12-26T09:01:25,2023-12-26T08:21:14,2023-12-26T08:58:45,UKPR,OFR-UKPR-3,Non-tendered
34351,Non-BM Fast Reserve,2023-12-26T08:24:00,60,117,2023-12-26T09:00:30,2023-12-26T08:21:14,2023-12-26T08:58:45,UKPR,OFR-UKPR-2,Non-tendered
34353,Non-BM Fast Reserve,2023-12-26T08:24:00,67,103.68,2023-12-26T08:53:07,2023-12-26T08:21:14,2023-12-26T08:51:45,ENWL,OFR-ENWL-1,Non-tendered
34355,Non-BM Fast Reserve,2023-12-26T12:07:00,60,117,2023-12-26T15:35:30,2023-12-26T12:04:50,2023-12-26T15:33:41,UKPR,OFR-UKPR-2,Non-tendered
34354,Non-BM Fast Reserve,2023-12-26T12:07:00,67,103.42,2023-12-26T12:36:07,2023-12-26T12:04:50,2023-12-26T12:34:51,ENWL,OFR-ENWL-1,Non-tendered
34356,Non-BM Fast Reserve,2023-12-26T12:07:00,80,117.2,2023-12-26T15:29:25,2023-12-26T12:04:50,2023-12-26T15:26:30,UKPR,OFR-UKPR-3,Non-tendered
34357,Non-BM Fast Reserve,2023-12-26T13:31:00,67,103.42,2023-12-26T14:01:07,2023-12-26T13:29:23,2023-12-26T13:59:23,ENWL,OFR-ENWL-1,Non-tendered
34360,Non-BM Fast Reserve,2023-12-26T13:48:00,80,117.4,2023-12-26T14:57:36,2023-12-26T13:45:23,2023-12-26T14:55:25,UKPR,OFR-UKPR-6,Non-tendered
34358,Non-BM Fast Reserve,2023-12-26T13:48:00,80,117.2,2023-12-26T15:09:40,2023-12-26T13:45:23,2023-12-26T15:06:56,UKPR,OFR-UKPR-4,Non-tendered
34359,Non-BM Fast Reserve,2023-12-26T13:48:00,60,117.4,2023-12-26T14:58:00,2023-12-26T13:45:23,2023-12-26T14:55:25,UKPR,OFR-UKPR-5,Non-tendered
34361,Non-BM Fast Reserve,2023-12-26T14:27:00,67,103.42,2023-12-26T14:56:07,2023-12-26T14:24:24,2023-12-26T14:54:25,ENWL,OFR-ENWL-1,Non-tendered
34362,Non-BM Fast Reserve,2023-12-26T15:51:00,67,106.68,2023-12-26T16:20:07,2023-12-26T15:48:41,2023-12-26T16:18:42,ENWL,OFR-ENWL-1,Non-tendered
34363,Non-BM Fast Reserve,2023-12-26T15:55:00,60,129.9,2023-12-26T16:32:30,2023-12-26T15:53:11,2023-12-26T16:30:43,UKPR,OFR-UKPR-2,Non-tendered
34364,Non-BM Fast Reserve,2023-12-26T15:56:00,80,130.5,2023-12-26T16:30:25,2023-12-26T15:53:41,2023-12-26T16:27:13,UKPR,OFR-UKPR-3,Non-tendered
34365,Non-BM Fast Reserve,2023-12-26T16:00:00,80,130.5,2023-12-26T16:33:40,2023-12-26T15:57:41,2023-12-26T16:30:43,UKPR,OFR-UKPR-4,Non-tendered
34367,Non-BM Fast Reserve,2023-12-27T01:59:00,60,119,2023-12-27T02:11:30,2023-12-27T01:56:56,2023-12-27T02:09:57,UKPR,OFR-UKPR-2,Non-tendered
34366,Non-BM Fast Reserve,2023-12-27T01:59:00,47,106.78,2023-12-27T02:13:47,2023-12-27T01:56:56,2023-12-27T02:12:57,ENWL,OFR-ENWL-1,Non-tendered
34368,Non-BM Fast Reserve,2023-12-27T02:01:00,80,119.5,2023-12-27T02:10:25,2023-12-27T01:58:26,2023-12-27T02:07:56,UKPR,OFR-UKPR-3,Non-tendered
34369,Non-BM Fast Reserve,2023-12-27T02:02:00,80,119.5,2023-12-27T02:11:40,2023-12-27T01:59:26,2023-12-27T02:08:27,UKPR,OFR-UKPR-4,Non-tendered
34370,Non-BM Fast Reserve,2023-12-27T02:05:00,60,119.75,2023-12-27T02:15:00,2023-12-27T02:02:56,2023-12-27T02:12:57,UKPR,OFR-UKPR-5,Non-tendered
34371,Non-BM Fast Reserve,2023-12-27T02:06:00,80,119.75,2023-12-27T02:13:36,2023-12-27T02:03:56,2023-12-27T02:11:27,UKPR,OFR-UKPR-6,Non-tendered
34373,Non-BM Fast Reserve,2023-12-27T03:07:00,47,106.78,2023-12-27T03:19:47,2023-12-27T03:04:28,2023-12-27T03:18:58,ENWL,OFR-ENWL-1,Non-tendered
34372,Non-BM Fast Reserve,2023-12-27T03:07:00,60,119,2023-12-27T03:20:30,2023-12-27T03:04:28,2023-12-27T03:18:58,UKPR,OFR-UKPR-2,Non-tendered
34374,Non-BM Fast Reserve,2023-12-27T09:16:00,80,123.7,2023-12-27T10:06:40,2023-12-27T09:13:36,2023-12-27T10:03:38,UKPR,OFR-UKPR-4,Non-tendered
34375,Non-BM Fast Reserve,2023-12-27T09:16:00,80,123.7,2023-12-27T10:06:25,2023-12-27T09:13:36,2023-12-27T10:03:38,UKPR,OFR-UKPR-3,Non-tendered
34376,Non-BM Fast Reserve,2023-12-27T09:16:00,60,123.5,2023-12-27T10:56:30,2023-12-27T09:13:36,2023-12-27T10:54:41,UKPR,OFR-UKPR-2,Non-tendered
34379,Non-BM Fast Reserve,2023-12-27T12:26:00,60,123.5,2023-12-27T12:34:30,2023-12-27T12:23:43,2023-12-27T12:33:13,UKPR,OFR-UKPR-2,Non-tendered
34378,Non-BM Fast Reserve,2023-12-27T12:26:00,67,114.42,2023-12-27T12:36:07,2023-12-27T12:23:43,2023-12-27T12:35:13,ENWL,OFR-ENWL-1,Non-tendered
34377,Non-BM Fast Reserve,2023-12-27T12:26:00,80,123.7,2023-12-27T12:35:25,2023-12-27T12:23:43,2023-12-27T12:33:13,UKPR,OFR-UKPR-3,Non-tendered
34380,Non-BM Fast Reserve,2023-12-27T20:03:00,60,121,2023-12-27T20:11:30,2023-12-27T20:00:49,2023-12-27T20:09:19,UKPR,OFR-UKPR-2,Non-tendered
34381,Non-BM Fast Reserve,2023-12-27T20:03:00,67,111.33,2023-12-27T20:11:07,2023-12-27T20:00:49,2023-12-27T20:09:19,ENWL,OFR-ENWL-1,Non-tendered
34382,Non-BM Fast Reserve,2023-12-27T20:03:00,80,122,2023-12-27T20:12:25,2023-12-27T20:00:49,2023-12-27T20:09:19,UKPR,OFR-UKPR-3,Non-tendered
34383,Non-BM Fast Reserve,2023-12-27T21:38:00,60,121,2023-12-27T21:53:30,2023-12-27T21:35:21,2023-12-27T21:51:51,UKPR,OFR-UKPR-2,Non-tendered
34384,Non-BM Fast Reserve,2023-12-27T21:38:00,80,122,2023-12-27T21:54:25,2023-12-27T21:35:21,2023-12-27T21:51:51,UKPR,OFR-UKPR-3,Non-tendered
34386,Non-BM Fast Reserve,2023-12-27T22:02:00,47,111.33,2023-12-27T22:25:47,2023-12-27T21:59:51,2023-12-27T22:24:52,ENWL,OFR-ENWL-1,Non-tendered
34385,Non-BM Fast Reserve,2023-12-27T22:02:00,80,123,2023-12-27T22:24:36,2023-12-27T21:59:51,2023-12-27T22:22:22,UKPR,OFR-UKPR-6,Non-tendered
34387,Non-BM Fast Reserve,2023-12-27T22:02:00,80,122,2023-12-27T22:25:40,2023-12-27T21:59:51,2023-12-27T22:22:52,UKPR,OFR-UKPR-4,Non-tendered
34388,Non-BM Fast Reserve,2023-12-27T23:01:00,60,121,2023-12-27T23:11:30,2023-12-27T22:58:53,2023-12-27T23:09:53,UKPR,OFR-UKPR-2,Non-tendered
34389,Non-BM Fast Reserve,2023-12-28T00:12:00,60,121,2023-12-28T00:46:30,2023-12-28T00:09:54,2023-12-28T00:44:56,UKPR,OFR-UKPR-2,Non-tendered
34390,Non-BM Fast Reserve,2023-12-28T00:12:00,47,112.56,2023-12-28T00:40:47,2023-12-28T00:09:54,2023-12-28T00:39:26,ENWL,OFR-ENWL-1,Non-tendered
34391,Non-BM Fast Reserve,2023-12-28T00:18:00,80,122,2023-12-28T00:37:25,2023-12-28T00:15:54,2023-12-28T00:34:56,UKPR,OFR-UKPR-3,Non-tendered
34395,Non-BM Fast Reserve,2023-12-28T15:47:00,80,123,2023-12-28T16:01:25,2023-12-28T15:45:12,2023-12-28T15:58:43,UKPR,OFR-UKPR-3,Non-tendered
34394,Non-BM Fast Reserve,2023-12-28T15:47:00,80,123,2023-12-28T16:01:40,2023-12-28T15:45:12,2023-12-28T15:58:43,UKPR,OFR-UKPR-4,Non-tendered
34392,Non-BM Fast Reserve,2023-12-28T15:47:00,60,122,2023-12-28T16:02:30,2023-12-28T15:45:12,2023-12-28T16:00:43,UKPR,OFR-UKPR-2,Non-tendered
34393,Non-BM Fast Reserve,2023-12-28T15:47:00,68,105.68,2023-12-28T16:02:08,2023-12-28T15:45:12,2023-12-28T16:00:43,ENWL,OFR-ENWL-1,Non-tendered
34396,Non-BM Fast Reserve,2023-12-29T07:45:00,60,122,2023-12-29T07:58:30,2023-12-29T07:43:06,2023-12-29T07:56:36,UKPR,OFR-UKPR-2,Non-tendered
34397,Non-BM Fast Reserve,2023-12-29T07:45:00,70,108.68,2023-12-29T07:58:10,2023-12-29T07:43:06,2023-12-29T07:56:36,ENWL,OFR-ENWL-1,Non-tendered
34398,Non-BM Fast Reserve,2023-12-29T08:31:00,70,108.68,2023-12-29T08:53:10,2023-12-29T08:29:06,2023-12-29T08:51:37,ENWL,OFR-ENWL-1,Non-tendered
34399,Non-BM Fast Reserve,2023-12-29T09:04:00,60,122,2023-12-29T09:12:30,2023-12-29T09:01:38,2023-12-29T09:11:08,UKPR,OFR-UKPR-2,Non-tendered
34400,Non-BM Fast Reserve,2023-12-29T09:04:00,80,123,2023-12-29T09:11:25,2023-12-29T09:01:38,2023-12-29T09:08:38,UKPR,OFR-UKPR-3,Non-tendered
34401,Non-BM Fast Reserve,2023-12-29T10:50:00,60,122,2023-12-29T11:02:30,2023-12-29T10:48:11,2023-12-29T11:00:11,UKPR,OFR-UKPR-2,Non-tendered
34402,Non-BM Fast Reserve,2023-12-29T10:50:00,70,115.97,2023-12-29T11:02:10,2023-12-29T10:48:11,2023-12-29T11:00:41,ENWL,OFR-ENWL-1,Non-tendered
34404,Non-BM Fast Reserve,2023-12-29T11:53:00,60,122,2023-12-29T12:16:30,2023-12-29T11:51:12,2023-12-29T12:15:13,UKPR,OFR-UKPR-2,Non-tendered
34403,Non-BM Fast Reserve,2023-12-29T11:53:00,70,113.42,2023-12-29T12:17:10,2023-12-29T11:51:12,2023-12-29T12:15:43,ENWL,OFR-ENWL-1,Non-tendered
34405,Non-BM Fast Reserve,2023-12-29T15:20:00,60,122,2023-12-29T15:39:30,2023-12-29T15:18:18,2023-12-29T15:37:42,UKPR,OFR-UKPR-2,Non-tendered
34406,Non-BM Fast Reserve,2023-12-29T15:20:00,70,113.68,2023-12-29T15:39:10,2023-12-29T15:18:18,2023-12-29T15:37:42,ENWL,OFR-ENWL-1,Non-tendered
34408,Non-BM Fast Reserve,2023-12-29T17:03:00,70,115.08,2023-12-29T17:18:10,2023-12-29T17:00:44,2023-12-29T17:16:15,ENWL,OFR-ENWL-1,Non-tendered
34409,Non-BM Fast Reserve,2023-12-29T17:03:00,60,122,2023-12-29T17:17:30,2023-12-29T17:00:44,2023-12-29T17:16:15,UKPR,OFR-UKPR-2,Non-tendered
34407,Non-BM Fast Reserve,2023-12-29T17:03:00,80,123,2023-12-29T17:18:25,2023-12-29T17:00:44,2023-12-29T17:16:15,UKPR,OFR-UKPR-3,Non-tendered
34410,Non-BM Fast Reserve,2023-12-29T19:05:00,70,113.33,2023-12-29T19:34:10,2023-12-29T19:02:47,2023-12-29T19:32:48,ENWL,OFR-ENWL-1,Non-tendered
34411,Non-BM Fast Reserve,2023-12-30T12:11:00,60,122,2023-12-30T12:22:30,2023-12-30T12:09:12,2023-12-30T12:20:43,UKPR,OFR-UKPR-2,Non-tendered
34412,Non-BM Fast Reserve,2023-12-30T12:11:00,80,123,2023-12-30T12:23:25,2023-12-30T12:09:12,2023-12-30T12:20:43,UKPR,OFR-UKPR-3,Non-tendered
34414,Non-BM Fast Reserve,2023-12-30T13:59:00,80,123,2023-12-30T14:09:25,2023-12-30T13:56:46,2023-12-30T14:06:47,UKPR,OFR-UKPR-3,Non-tendered
34413,Non-BM Fast Reserve,2023-12-30T13:59:00,60,122,2023-12-30T14:09:30,2023-12-30T13:56:46,2023-12-30T14:07:47,UKPR,OFR-UKPR-2,Non-tendered
34415,Non-BM Fast Reserve,2023-12-30T14:42:00,60,122,2023-12-30T16:46:30,2023-12-30T14:39:18,2023-12-30T16:45:12,UKPR,OFR-UKPR-2,Non-tendered
34416,Non-BM Fast Reserve,2023-12-30T14:42:00,80,123,2023-12-30T16:40:25,2023-12-30T14:39:18,2023-12-30T16:37:42,UKPR,OFR-UKPR-3,Non-tendered
34417,Non-BM Fast Reserve,2023-12-30T15:04:00,72,113.68,2023-12-30T15:33:12,2023-12-30T15:01:48,2023-12-30T15:32:10,ENWL,OFR-ENWL-1,Non-tendered
34418,Non-BM Fast Reserve,2023-12-30T15:04:00,80,123,2023-12-30T16:38:40,2023-12-30T15:01:48,2023-12-30T16:36:12,UKPR,OFR-UKPR-4,Non-tendered
34420,Non-BM Fast Reserve,2023-12-30T15:34:00,80,124,2023-12-30T16:36:36,2023-12-30T15:31:40,2023-12-30T16:34:12,UKPR,OFR-UKPR-6,Non-tendered
34419,Non-BM Fast Reserve,2023-12-30T15:34:00,40,124,2023-12-30T16:36:20,2023-12-30T15:31:40,2023-12-30T16:35:12,UKPR,OFR-UKPR-5,Non-tendered
34422,Non-BM Fast Reserve,2023-12-30T16:54:00,80,123,2023-12-30T18:53:25,2023-12-30T16:52:12,2023-12-30T18:51:17,UKPR,OFR-UKPR-3,Non-tendered
34421,Non-BM Fast Reserve,2023-12-30T16:54:00,72,113.68,2023-12-30T17:23:12,2023-12-30T16:52:12,2023-12-30T17:22:13,ENWL,OFR-ENWL-1,Non-tendered
34423,Non-BM Fast Reserve,2023-12-30T17:15:00,80,123,2023-12-30T18:36:40,2023-12-30T17:12:13,2023-12-30T18:33:16,UKPR,OFR-UKPR-4,Non-tendered
34424,Non-BM Fast Reserve,2023-12-30T17:14:00,60,122,2023-12-30T18:52:30,2023-12-30T17:12:13,2023-12-30T18:51:17,UKPR,OFR-UKPR-2,Non-tendered
34425,Non-BM Fast Reserve,2023-12-30T17:23:00,40,124,2023-12-30T17:58:20,2023-12-30T17:21:13,2023-12-30T17:57:16,UKPR,OFR-UKPR-5,Non-tendered
34426,Non-BM Fast Reserve,2023-12-30T17:23:00,80,124,2023-12-30T17:57:36,2023-12-30T17:21:13,2023-12-30T17:55:46,UKPR,OFR-UKPR-6,Non-tendered
34427,Non-BM Fast Reserve,2023-12-30T17:35:00,86,134,2023-12-30T17:54:05,2023-12-30T17:32:14,2023-12-30T17:51:44,UKPR,OFR-UKPR-7,Non-tendered
34428,Non-BM Fast Reserve,2023-12-30T17:35:00,25,134.5,2023-12-30T17:51:50,2023-12-30T17:32:44,2023-12-30T17:51:14,UKPR,OFR-UKPR-1,Non-tendered
34429,Non-BM Fast Reserve,2023-12-30T18:14:00,40,124,2023-12-30T18:35:20,2023-12-30T18:11:46,2023-12-30T18:33:16,UKPR,OFR-UKPR-5,Non-tendered
34430,Non-BM Fast Reserve,2023-12-30T18:14:00,72,114.56,2023-12-30T18:43:12,2023-12-30T18:11:46,2023-12-30T18:41:46,ENWL,OFR-ENWL-1,Non-tendered
34431,Non-BM Fast Reserve,2023-12-30T18:24:00,86,134,2023-12-30T18:33:05,2023-12-30T18:21:16,2023-12-30T18:30:46,UKPR,OFR-UKPR-7,Non-tendered
34432,Non-BM Fast Reserve,2023-12-30T18:23:00,80,124,2023-12-30T18:33:36,2023-12-30T18:21:16,2023-12-30T18:31:46,UKPR,OFR-UKPR-6,Non-tendered
34433,Non-BM Fast Reserve,2023-12-30T19:18:00,60,122,2023-12-30T19:30:30,2023-12-30T19:15:47,2023-12-30T19:29:18,UKPR,OFR-UKPR-2,Non-tendered
34434,Non-BM Fast Reserve,2023-12-30T19:18:00,72,115.33,2023-12-30T19:24:12,2023-12-30T19:15:47,2023-12-30T19:22:47,ENWL,OFR-ENWL-1,Non-tendered
34435,Non-BM Fast Reserve,2023-12-31T16:24:00,60,128.4,2023-12-31T16:32:30,2023-12-31T16:22:12,2023-12-31T16:30:43,UKPR,OFR-UKPR-2,Non-tendered
34436,Non-BM Fast Reserve,2023-12-31T16:24:00,72,113.68,2023-12-31T16:32:12,2023-12-31T16:22:12,2023-12-31T16:30:43,ENWL,OFR-ENWL-1,Non-tendered
34437,Non-BM Fast Reserve,2023-12-31T17:17:00,72,113.68,2023-12-31T17:36:12,2023-12-31T17:15:14,2023-12-31T17:35:14,ENWL,OFR-ENWL-1,Non-tendered
34438,Non-BM Fast Reserve,2023-12-31T17:22:00,60,128.4,2023-12-31T17:36:30,2023-12-31T17:20:14,2023-12-31T17:34:44,UKPR,OFR-UKPR-2,Non-tendered
