ValueDate,MVA Inst,Volts Inst
2026-02-25T00:05:00+00:00,0.0,10.878
2026-02-25T00:10:00+00:00,0.0,10.95
2026-02-25T00:15:00+00:00,0.0,10.974
2026-02-25T00:20:00+00:00,0.0,10.914
2026-02-25T00:25:00+00:00,0.0,10.91
2026-02-25T00:30:00+00:00,0.0,10.929
2026-02-25T00:35:00+00:00,0.0,10.888
2026-02-25T00:40:00+00:00,0.0,10.874
2026-02-25T00:45:00+00:00,0.0,10.89
2026-02-25T00:50:00+00:00,0.0,10.904
2026-02-25T00:55:00+00:00,0.0,10.918
2026-02-25T01:00:00+00:00,0.0,10.925
2026-02-25T01:05:00+00:00,0.0,10.901
2026-02-25T01:10:00+00:00,0.0,10.91
2026-02-25T01:15:00+00:00,0.0,10.92
2026-02-25T01:20:00+00:00,0.0,10.919
2026-02-25T01:25:00+00:00,0.0,10.93
2026-02-25T01:30:00+00:00,0.0,10.894
2026-02-25T01:35:00+00:00,0.0,10.844
2026-02-25T01:40:00+00:00,0.0,10.852
2026-02-25T01:45:00+00:00,0.0,10.874
2026-02-25T01:50:00+00:00,0.0,10.964
2026-02-25T01:55:00+00:00,0.0,10.98
2026-02-25T02:00:00+00:00,0.0,10.972
2026-02-25T02:05:00+00:00,0.0,10.959
2026-02-25T02:10:00+00:00,0.0,10.974
2026-02-25T02:15:00+00:00,0.0,11.006
2026-02-25T02:20:00+00:00,0.0,11.007
2026-02-25T02:25:00+00:00,0.0,11.018
2026-02-25T02:30:00+00:00,0.0,10.948
2026-02-25T02:35:00+00:00,0.0,10.945
2026-02-25T02:40:00+00:00,0.0,10.95
2026-02-25T02:45:00+00:00,0.0,10.96
2026-02-25T02:50:00+00:00,0.0,10.884
2026-02-25T02:55:00+00:00,0.0,10.834
2026-02-25T03:00:00+00:00,0.0,10.841
2026-02-25T03:05:00+00:00,0.0,10.856
2026-02-25T03:10:00+00:00,0.0,10.948
2026-02-25T03:15:00+00:00,0.0,10.963
2026-02-25T03:20:00+00:00,0.0,10.968
2026-02-25T03:25:00+00:00,0.0,10.968
2026-02-25T03:30:00+00:00,0.0,10.971
2026-02-25T03:35:00+00:00,0.0,10.96
2026-02-25T03:40:00+00:00,0.0,10.956
2026-02-25T03:45:00+00:00,0.0,10.988
2026-02-25T03:50:00+00:00,0.0,11.0
2026-02-25T03:55:00+00:00,0.0,11.008
2026-02-25T04:00:00+00:00,0.0,10.978
2026-02-25T04:05:00+00:00,0.0,10.916
2026-02-25T04:10:00+00:00,0.0,10.91
2026-02-25T04:15:00+00:00,0.0,10.907
2026-02-25T04:20:00+00:00,0.0,10.908
2026-02-25T04:25:00+00:00,0.0,10.91
2026-02-25T04:30:00+00:00,0.0,10.908
2026-02-25T04:35:00+00:00,0.0,10.904
2026-02-25T04:40:00+00:00,0.0,10.904
2026-02-25T04:45:00+00:00,0.0,10.924
2026-02-25T04:50:00+00:00,0.0,10.917
2026-02-25T04:55:00+00:00,0.0,10.922
2026-02-25T05:00:00+00:00,0.0,10.927
2026-02-25T05:05:00+00:00,0.0,10.914
2026-02-25T05:10:00+00:00,0.0,10.902
2026-02-25T05:15:00+00:00,0.0,10.907
2026-02-25T05:20:00+00:00,0.0,10.909
2026-02-25T05:25:00+00:00,0.0,10.897
2026-02-25T05:30:00+00:00,0.0,10.906
2026-02-25T05:35:00+00:00,0.0,10.91
2026-02-25T05:40:00+00:00,0.0,10.907
2026-02-25T05:45:00+00:00,0.0,10.878
2026-02-25T05:50:00+00:00,0.0,10.859
2026-02-25T05:55:00+00:00,0.0,10.848
2026-02-25T06:00:00+00:00,0.0,10.838
2026-02-25T06:05:00+00:00,0.0,10.822
2026-02-25T06:10:00+00:00,0.0,10.876
2026-02-25T06:15:00+00:00,0.0,10.982
2026-02-25T06:20:00+00:00,0.0,10.986
2026-02-25T06:25:00+00:00,0.0,10.973
2026-02-25T06:30:00+00:00,0.0,10.967
2026-02-25T06:35:00+00:00,0.0,10.964
2026-02-25T06:40:00+00:00,0.0,10.847
2026-02-25T06:45:00+00:00,0.0,10.834
2026-02-25T06:50:00+00:00,0.0,10.814
2026-02-25T06:55:00+00:00,0.0,10.926
2026-02-25T07:00:00+00:00,0.0,10.922
2026-02-25T07:05:00+00:00,0.0,10.892
2026-02-25T07:10:00+00:00,0.0,10.924
2026-02-25T07:15:00+00:00,0.0,10.929
2026-02-25T07:20:00+00:00,0.0,10.924
2026-02-25T07:25:00+00:00,0.0,10.918
2026-02-25T07:30:00+00:00,0.0,10.932
2026-02-25T07:35:00+00:00,0.0,10.924
2026-02-25T07:40:00+00:00,0.0,10.906
2026-02-25T07:45:00+00:00,0.0,10.899
2026-02-25T07:50:00+00:00,0.0,10.888
2026-02-25T07:55:00+00:00,0.0,10.888
2026-02-25T08:00:00+00:00,0.0,10.872
2026-02-25T08:05:00+00:00,0.0,10.886
2026-02-25T08:10:00+00:00,0.0,10.875
2026-02-25T08:15:00+00:00,0.0,10.894
2026-02-25T08:20:00+00:00,0.0,10.906
2026-02-25T08:25:00+00:00,0.0,10.911
2026-02-25T08:30:00+00:00,0.0,10.93
2026-02-25T08:35:00+00:00,0.0,10.909
2026-02-25T08:40:00+00:00,0.0,10.911
2026-02-25T08:45:00+00:00,0.0,10.909
2026-02-25T08:50:00+00:00,0.0,10.893
2026-02-25T08:55:00+00:00,0.0,10.876
2026-02-25T09:00:00+00:00,0.0,10.873
2026-02-25T09:05:00+00:00,0.0,10.862
2026-02-25T09:10:00+00:00,0.0,10.855
2026-02-25T09:15:00+00:00,0.0,10.856
2026-02-25T09:20:00+00:00,0.0,10.854
2026-02-25T09:25:00+00:00,0.0,10.879
2026-02-25T09:30:00+00:00,0.0,10.886
2026-02-25T09:35:00+00:00,0.0,10.893
2026-02-25T09:40:00+00:00,0.0,10.911
2026-02-25T09:45:00+00:00,0.0,10.928
2026-02-25T09:50:00+00:00,0.0,10.929
2026-02-25T09:55:00+00:00,0.0,10.923
2026-02-25T10:00:00+00:00,0.0,10.943
2026-02-25T10:05:00+00:00,0.0,10.935
2026-02-25T10:10:00+00:00,0.0,10.946
2026-02-25T10:15:00+00:00,0.0,10.96
2026-02-25T10:20:00+00:00,0.0,10.967
2026-02-25T10:25:00+00:00,0.0,10.962
2026-02-25T10:30:00+00:00,0.0,10.972
2026-02-25T10:35:00+00:00,0.0,10.957
2026-02-25T10:40:00+00:00,0.0,10.861
2026-02-25T10:45:00+00:00,0.0,10.869
2026-02-25T10:50:00+00:00,0.0,10.895
2026-02-25T10:55:00+00:00,0.0,10.884
2026-02-25T11:00:00+00:00,0.0,10.858
2026-02-25T11:05:00+00:00,0.0,10.872
2026-02-25T11:10:00+00:00,0.0,10.847
2026-02-25T11:15:00+00:00,0.0,10.838
2026-02-25T11:20:00+00:00,0.0,10.908
2026-02-25T11:25:00+00:00,0.0,10.928
2026-02-25T11:30:00+00:00,0.0,10.934
2026-02-25T11:35:00+00:00,0.0,10.932
2026-02-25T11:40:00+00:00,0.0,10.918
2026-02-25T11:45:00+00:00,0.0,10.922
2026-02-25T11:50:00+00:00,0.0,10.96
2026-02-25T11:55:00+00:00,0.0,10.999
2026-02-25T12:00:00+00:00,0.0,11.007
2026-02-25T12:05:00+00:00,0.0,10.988
2026-02-25T12:10:00+00:00,0.0,10.932
2026-02-25T12:15:00+00:00,0.0,10.864
2026-02-25T12:20:00+00:00,0.0,10.869
2026-02-25T12:25:00+00:00,0.0,10.867
2026-02-25T12:30:00+00:00,0.0,10.858
2026-02-25T12:35:00+00:00,0.0,10.835
2026-02-25T12:40:00+00:00,0.0,10.845
2026-02-25T12:45:00+00:00,0.0,10.85
2026-02-25T12:50:00+00:00,0.0,10.852
2026-02-25T12:55:00+00:00,0.0,10.857
2026-02-25T13:00:00+00:00,0.0,10.865
2026-02-25T13:05:00+00:00,0.0,10.853
2026-02-25T13:10:00+00:00,0.0,10.839
2026-02-25T13:15:00+00:00,0.0,10.872
2026-02-25T13:20:00+00:00,0.0,10.887
2026-02-25T13:25:00+00:00,0.0,10.886
2026-02-25T13:30:00+00:00,0.0,10.887
2026-02-25T13:35:00+00:00,0.0,10.867
2026-02-25T13:40:00+00:00,0.0,10.874
2026-02-25T13:45:00+00:00,0.0,10.887
2026-02-25T13:50:00+00:00,0.0,10.89
2026-02-25T13:55:00+00:00,0.0,10.903
2026-02-25T14:00:00+00:00,0.0,10.808
2026-02-25T14:05:00+00:00,0.0,10.89
2026-02-25T14:10:00+00:00,0.0,10.89
2026-02-25T14:15:00+00:00,0.0,10.898
2026-02-25T14:20:00+00:00,0.0,10.904
2026-02-25T14:25:00+00:00,0.0,10.906
2026-02-25T14:30:00+00:00,0.0,10.91
2026-02-25T14:35:00+00:00,0.0,10.904
2026-02-25T14:40:00+00:00,0.0,10.909
2026-02-25T14:45:00+00:00,0.0,10.904
2026-02-25T14:50:00+00:00,0.0,10.95
2026-02-25T14:55:00+00:00,0.0,10.976
2026-02-25T15:00:00+00:00,0.0,10.989
2026-02-25T15:05:00+00:00,0.0,10.992
2026-02-25T15:10:00+00:00,0.0,10.986
2026-02-25T15:15:00+00:00,0.0,10.884
2026-02-25T15:20:00+00:00,0.0,10.889
2026-02-25T15:25:00+00:00,0.0,10.878
2026-02-25T15:30:00+00:00,0.0,10.861
2026-02-25T15:35:00+00:00,0.0,10.907
2026-02-25T15:40:00+00:00,0.0,10.968
2026-02-25T15:45:00+00:00,0.0,11.005
2026-02-25T15:50:00+00:00,0.0,10.968
2026-02-25T15:55:00+00:00,0.0,10.922
2026-02-25T16:00:00+00:00,0.0,10.919
2026-02-25T16:05:00+00:00,0.0,10.905
2026-02-25T16:10:00+00:00,0.0,10.869
2026-02-25T16:15:00+00:00,0.0,10.957
2026-02-25T16:20:00+00:00,0.0,10.964
2026-02-25T16:25:00+00:00,0.0,10.944
2026-02-25T16:30:00+00:00,0.0,10.926
2026-02-25T16:35:00+00:00,0.0,10.926
2026-02-25T16:40:00+00:00,0.0,10.91
2026-02-25T16:45:00+00:00,0.0,10.862
2026-02-25T16:50:00+00:00,0.0,10.849
2026-02-25T16:55:00+00:00,0.0,10.945
2026-02-25T17:00:00+00:00,0.0,10.948
2026-02-25T17:05:00+00:00,0.0,10.948
2026-02-25T17:10:00+00:00,0.0,10.948
2026-02-25T17:15:00+00:00,0.0,10.931
2026-02-25T17:20:00+00:00,0.0,10.925
2026-02-25T17:25:00+00:00,0.0,10.922
2026-02-25T17:30:00+00:00,0.0,10.901
2026-02-25T17:35:00+00:00,0.0,10.919
2026-02-25T17:40:00+00:00,0.0,10.912
2026-02-25T17:45:00+00:00,0.0,10.895
2026-02-25T17:50:00+00:00,0.0,10.899
2026-02-25T17:55:00+00:00,0.0,10.91
2026-02-25T18:00:00+00:00,0.0,10.899
2026-02-25T18:05:00+00:00,0.0,10.889
2026-02-25T18:10:00+00:00,0.0,10.908
2026-02-25T18:15:00+00:00,0.0,10.946
2026-02-25T18:20:00+00:00,0.0,10.956
2026-02-25T18:25:00+00:00,0.0,10.971
2026-02-25T18:30:00+00:00,0.0,10.982
2026-02-25T18:35:00+00:00,0.0,10.98
2026-02-25T18:40:00+00:00,0.0,10.983
2026-02-25T18:45:00+00:00,0.0,10.984
2026-02-25T18:50:00+00:00,0.0,11.0
2026-02-25T18:55:00+00:00,0.0,10.95
2026-02-25T19:00:00+00:00,0.0,10.898
2026-02-25T19:05:00+00:00,0.0,10.828
2026-02-25T19:10:00+00:00,0.0,10.794
2026-02-25T19:15:00+00:00,0.0,10.924
2026-02-25T19:20:00+00:00,0.0,10.948
2026-02-25T19:25:00+00:00,0.0,10.948
2026-02-25T19:30:00+00:00,0.0,10.963
2026-02-25T19:35:00+00:00,0.0,10.99
2026-02-25T19:40:00+00:00,0.0,10.989
2026-02-25T19:45:00+00:00,0.0,11.002
2026-02-25T19:50:00+00:00,0.0,10.902
2026-02-25T19:55:00+00:00,0.0,10.898
2026-02-25T20:00:00+00:00,0.0,10.908
2026-02-25T20:05:00+00:00,0.0,10.904
2026-02-25T20:10:00+00:00,0.0,10.936
2026-02-25T20:15:00+00:00,0.0,10.942
2026-02-25T20:20:00+00:00,0.0,11.01
2026-02-25T20:25:00+00:00,0.0,10.954
2026-02-25T20:30:00+00:00,0.0,10.887
2026-02-25T20:35:00+00:00,0.0,10.86
2026-02-25T20:40:00+00:00,0.0,10.872
2026-02-25T20:45:00+00:00,0.0,10.888
2026-02-25T20:50:00+00:00,0.0,10.914
2026-02-25T20:55:00+00:00,0.0,10.89
2026-02-25T21:00:00+00:00,0.0,10.856
2026-02-25T21:05:00+00:00,0.0,10.864
2026-02-25T21:10:00+00:00,0.0,10.866
2026-02-25T21:15:00+00:00,0.0,10.892
2026-02-25T21:20:00+00:00,0.0,10.9
2026-02-25T21:25:00+00:00,0.0,10.928
2026-02-25T21:30:00+00:00,0.0,10.947
2026-02-25T21:35:00+00:00,0.0,10.922
2026-02-25T21:40:00+00:00,0.0,10.902
2026-02-25T21:45:00+00:00,0.0,10.978
2026-02-25T21:50:00+00:00,0.0,11.002
2026-02-25T21:55:00+00:00,0.0,10.997
2026-02-25T22:00:00+00:00,0.0,11.0
2026-02-25T22:05:00+00:00,0.0,11.021
2026-02-25T22:10:00+00:00,0.0,10.972
2026-02-25T22:15:00+00:00,0.0,10.964
2026-02-25T22:20:00+00:00,0.0,10.968
2026-02-25T22:25:00+00:00,0.0,10.984
2026-02-25T22:30:00+00:00,0.0,11.004
2026-02-25T22:35:00+00:00,0.0,10.952
2026-02-25T22:40:00+00:00,0.0,10.893
2026-02-25T22:45:00+00:00,0.0,10.907
2026-02-25T22:50:00+00:00,0.0,10.895
2026-02-25T22:55:00+00:00,0.0,10.912
2026-02-25T23:00:00+00:00,0.0,10.928
2026-02-25T23:05:00+00:00,0.0,10.926
2026-02-25T23:10:00+00:00,0.0,10.916
2026-02-25T23:15:00+00:00,0.0,10.88
2026-02-25T23:20:00+00:00,0.0,10.898
2026-02-25T23:25:00+00:00,0.0,10.899
2026-02-25T23:30:00+00:00,0.0,10.907
2026-02-25T23:35:00+00:00,0.0,10.881
2026-02-25T23:40:00+00:00,0.0,10.87
2026-02-25T23:45:00+00:00,0.0,10.879
2026-02-25T23:50:00+00:00,0.0,10.882
2026-02-25T23:55:00+00:00,0.0,10.89
2026-02-26T00:00:00+00:00,0.0,10.904
2026-02-26T00:05:00+00:00,0.0,10.873
2026-02-26T00:10:00+00:00,0.0,10.83
2026-02-26T00:15:00+00:00,0.0,10.913
2026-02-26T00:20:00+00:00,0.0,10.976
2026-02-26T00:25:00+00:00,0.0,10.954
2026-02-26T00:30:00+00:00,0.0,10.906
2026-02-26T00:35:00+00:00,0.0,10.84
2026-02-26T00:40:00+00:00,0.0,10.811
2026-02-26T00:45:00+00:00,0.0,10.96
2026-02-26T00:50:00+00:00,0.0,10.888
2026-02-26T00:55:00+00:00,0.0,10.886
2026-02-26T01:00:00+00:00,0.0,10.904
2026-02-26T01:05:00+00:00,0.0,10.908
2026-02-26T01:10:00+00:00,0.0,10.91
2026-02-26T01:15:00+00:00,0.0,10.913
2026-02-26T01:20:00+00:00,0.0,10.92
2026-02-26T01:25:00+00:00,0.0,10.928
2026-02-26T01:30:00+00:00,0.0,10.929
2026-02-26T01:35:00+00:00,0.0,10.932
2026-02-26T01:40:00+00:00,0.0,10.948
2026-02-26T01:45:00+00:00,0.0,10.886
2026-02-26T01:50:00+00:00,0.0,10.933
2026-02-26T01:55:00+00:00,0.0,10.955
2026-02-26T02:00:00+00:00,0.0,10.984
2026-02-26T02:05:00+00:00,0.0,10.978
2026-02-26T02:10:00+00:00,0.0,10.964
2026-02-26T02:15:00+00:00,0.0,10.974
2026-02-26T02:20:00+00:00,0.0,10.961
2026-02-26T02:25:00+00:00,0.0,10.976
2026-02-26T02:30:00+00:00,0.0,10.974
2026-02-26T02:35:00+00:00,0.0,10.97
2026-02-26T02:40:00+00:00,0.0,10.991
2026-02-26T02:45:00+00:00,0.0,11.002
2026-02-26T02:50:00+00:00,0.0,11.007
2026-02-26T02:55:00+00:00,0.0,11.01
2026-02-26T03:00:00+00:00,0.0,10.962
2026-02-26T03:05:00+00:00,0.0,10.884
2026-02-26T03:10:00+00:00,0.0,10.874
2026-02-26T03:15:00+00:00,0.0,10.881
2026-02-26T03:20:00+00:00,0.0,10.889
2026-02-26T03:25:00+00:00,0.0,10.911
2026-02-26T03:30:00+00:00,0.0,10.915
2026-02-26T03:35:00+00:00,0.0,10.911
2026-02-26T03:40:00+00:00,0.0,10.916
2026-02-26T03:45:00+00:00,0.0,10.926
2026-02-26T03:50:00+00:00,0.0,10.942
2026-02-26T03:55:00+00:00,0.0,10.948
2026-02-26T04:00:00+00:00,0.0,10.888
2026-02-26T04:05:00+00:00,0.0,10.889
2026-02-26T04:10:00+00:00,0.0,10.89
2026-02-26T04:15:00+00:00,0.0,10.89
2026-02-26T04:20:00+00:00,0.0,10.89
2026-02-26T04:25:00+00:00,0.0,10.89
2026-02-26T04:30:00+00:00,0.0,10.886
2026-02-26T04:35:00+00:00,0.0,10.884
2026-02-26T04:40:00+00:00,0.0,10.899
2026-02-26T04:45:00+00:00,0.0,10.919
2026-02-26T04:50:00+00:00,0.0,10.933
2026-02-26T04:55:00+00:00,0.0,10.948
2026-02-26T05:00:00+00:00,0.0,10.938
2026-02-26T05:05:00+00:00,0.0,10.915
2026-02-26T05:10:00+00:00,0.0,10.909
2026-02-26T05:15:00+00:00,0.0,10.914
2026-02-26T05:20:00+00:00,0.0,10.925
2026-02-26T05:25:00+00:00,0.0,10.916
2026-02-26T05:30:00+00:00,0.0,10.916
2026-02-26T05:35:00+00:00,0.0,10.91
2026-02-26T05:40:00+00:00,0.0,10.908
2026-02-26T05:45:00+00:00,0.0,10.9
2026-02-26T05:50:00+00:00,0.0,10.889
2026-02-26T05:55:00+00:00,0.0,10.869
2026-02-26T06:00:00+00:00,0.0,10.845
2026-02-26T06:05:00+00:00,0.0,10.842
2026-02-26T06:10:00+00:00,0.0,10.958
2026-02-26T06:15:00+00:00,0.0,10.89
2026-02-26T06:20:00+00:00,0.0,10.922
2026-02-26T06:25:00+00:00,0.0,10.913
2026-02-26T06:30:00+00:00,0.0,10.909
2026-02-26T06:35:00+00:00,0.0,10.878
2026-02-26T06:40:00+00:00,0.0,10.833
2026-02-26T06:45:00+00:00,0.0,10.85
2026-02-26T06:50:00+00:00,0.0,10.918
2026-02-26T06:55:00+00:00,0.0,10.902
2026-02-26T07:00:00+00:00,0.0,10.89
2026-02-26T07:05:00+00:00,0.0,10.85
2026-02-26T07:10:00+00:00,0.0,10.817
2026-02-26T07:15:00+00:00,0.0,10.94
2026-02-26T07:20:00+00:00,0.0,10.946
2026-02-26T07:25:00+00:00,0.0,10.925
2026-02-26T07:30:00+00:00,0.0,10.916
2026-02-26T07:35:00+00:00,0.0,10.948
2026-02-26T07:40:00+00:00,0.0,10.962
2026-02-26T07:45:00+00:00,0.0,10.952
2026-02-26T07:50:00+00:00,0.0,10.96
2026-02-26T07:55:00+00:00,0.0,10.945
2026-02-26T08:00:00+00:00,0.0,10.943
2026-02-26T08:05:00+00:00,0.0,10.904
2026-02-26T08:10:00+00:00,0.0,10.894
2026-02-26T08:15:00+00:00,0.0,10.902
2026-02-26T08:20:00+00:00,0.0,10.906
2026-02-26T08:25:00+00:00,0.0,10.915
2026-02-26T08:30:00+00:00,0.0,10.916
2026-02-26T08:35:00+00:00,0.0,10.913
2026-02-26T08:40:00+00:00,0.0,10.908
2026-02-26T08:45:00+00:00,0.0,10.91
2026-02-26T08:50:00+00:00,0.0,10.917
2026-02-26T08:55:00+00:00,0.0,10.926
2026-02-26T09:00:00+00:00,0.0,10.919
2026-02-26T09:05:00+00:00,0.0,10.922
2026-02-26T09:10:00+00:00,0.0,10.913
2026-02-26T09:15:00+00:00,0.0,10.902
2026-02-26T09:20:00+00:00,0.0,10.922
2026-02-26T09:25:00+00:00,0.0,10.934
2026-02-26T09:30:00+00:00,0.0,10.939
2026-02-26T09:35:00+00:00,0.0,10.939
2026-02-26T09:40:00+00:00,0.0,10.936
2026-02-26T09:45:00+00:00,0.0,10.948
2026-02-26T09:50:00+00:00,0.0,10.962
2026-02-26T09:55:00+00:00,0.0,10.972
2026-02-26T10:00:00+00:00,0.0,10.976
2026-02-26T10:05:00+00:00,0.0,10.97
2026-02-26T10:10:00+00:00,0.0,10.959
2026-02-26T10:15:00+00:00,0.0,10.961
2026-02-26T10:20:00+00:00,0.0,10.967
2026-02-26T10:25:00+00:00,0.0,10.974
2026-02-26T10:30:00+00:00,0.0,10.965
2026-02-26T10:35:00+00:00,0.0,10.987
2026-02-26T10:40:00+00:00,0.0,10.962
2026-02-26T10:45:00+00:00,0.0,10.95
2026-02-26T10:50:00+00:00,0.0,10.952
2026-02-26T10:55:00+00:00,0.0,10.948
2026-02-26T11:00:00+00:00,0.0,10.951
2026-02-26T11:05:00+00:00,0.0,10.962
2026-02-26T11:10:00+00:00,0.0,10.965
2026-02-26T11:15:00+00:00,0.0,10.973
2026-02-26T11:20:00+00:00,0.0,10.978
2026-02-26T11:25:00+00:00,0.0,10.987
2026-02-26T11:30:00+00:00,0.0,10.991
2026-02-26T11:35:00+00:00,0.0,10.988
2026-02-26T11:40:00+00:00,0.0,10.994
2026-02-26T11:45:00+00:00,0.0,10.992
2026-02-26T11:50:00+00:00,0.0,11.006
2026-02-26T11:55:00+00:00,0.0,10.943
2026-02-26T12:00:00+00:00,0.0,10.928
2026-02-26T12:05:00+00:00,0.0,10.932
2026-02-26T12:10:00+00:00,0.0,10.89
2026-02-26T12:15:00+00:00,0.0,10.866
2026-02-26T12:20:00+00:00,0.0,10.871
2026-02-26T12:25:00+00:00,0.0,10.888
2026-02-26T12:30:00+00:00,0.0,10.868
2026-02-26T12:35:00+00:00,0.0,10.854
2026-02-26T12:40:00+00:00,0.0,10.839
2026-02-26T12:45:00+00:00,0.0,10.844
2026-02-26T12:50:00+00:00,0.0,10.829
2026-02-26T12:55:00+00:00,0.0,10.832
2026-02-26T13:00:00+00:00,0.0,10.838
2026-02-26T13:05:00+00:00,0.0,10.83
2026-02-26T13:10:00+00:00,0.0,10.814
2026-02-26T13:15:00+00:00,0.0,10.823
2026-02-26T13:20:00+00:00,0.0,10.837
2026-02-26T13:25:00+00:00,0.0,10.853
2026-02-26T13:30:00+00:00,0.0,10.826
2026-02-26T13:35:00+00:00,0.0,10.824
2026-02-26T13:40:00+00:00,0.0,10.816
2026-02-26T13:45:00+00:00,0.0,10.817
2026-02-26T13:50:00+00:00,0.0,10.816
2026-02-26T13:55:00+00:00,0.0,10.841
2026-02-26T14:00:00+00:00,0.0,10.831
2026-02-26T14:05:00+00:00,0.0,10.83
2026-02-26T14:10:00+00:00,0.0,10.833
2026-02-26T14:15:00+00:00,0.0,10.828
2026-02-26T14:20:00+00:00,0.0,10.83
2026-02-26T14:25:00+00:00,0.0,10.837
2026-02-26T14:30:00+00:00,0.0,10.825
2026-02-26T14:35:00+00:00,0.0,10.825
2026-02-26T14:40:00+00:00,0.0,10.82
2026-02-26T14:45:00+00:00,0.0,10.829
2026-02-26T14:50:00+00:00,0.0,10.836
2026-02-26T14:55:00+00:00,0.0,10.836
2026-02-26T15:00:00+00:00,0.0,10.862
2026-02-26T15:05:00+00:00,0.0,10.902
2026-02-26T15:10:00+00:00,0.0,10.94
2026-02-26T15:15:00+00:00,0.0,10.948
2026-02-26T15:20:00+00:00,0.0,10.958
2026-02-26T15:25:00+00:00,0.0,10.95
2026-02-26T15:30:00+00:00,0.0,10.94
2026-02-26T15:35:00+00:00,0.0,10.892
2026-02-26T15:40:00+00:00,0.0,10.866
2026-02-26T15:45:00+00:00,0.0,10.856
2026-02-26T15:50:00+00:00,0.0,10.848
2026-02-26T15:55:00+00:00,0.0,10.914
2026-02-26T16:00:00+00:00,0.0,10.914
2026-02-26T16:05:00+00:00,0.0,10.98
2026-02-26T16:10:00+00:00,0.0,10.988
2026-02-26T16:15:00+00:00,0.0,10.991
2026-02-26T16:20:00+00:00,0.0,10.979
2026-02-26T16:25:00+00:00,0.0,10.974
2026-02-26T16:30:00+00:00,0.0,10.984
2026-02-26T16:35:00+00:00,0.0,10.992
2026-02-26T16:40:00+00:00,0.0,10.964
2026-02-26T16:45:00+00:00,0.0,10.939
2026-02-26T16:50:00+00:00,0.0,10.915
2026-02-26T16:55:00+00:00,0.0,10.883
2026-02-26T17:00:00+00:00,0.0,10.875
2026-02-26T17:05:00+00:00,0.0,10.901
2026-02-26T17:10:00+00:00,0.0,10.907
2026-02-26T17:15:00+00:00,0.0,10.894
2026-02-26T17:20:00+00:00,0.0,10.864
2026-02-26T17:25:00+00:00,0.0,10.866
2026-02-26T17:30:00+00:00,0.0,10.87
2026-02-26T17:35:00+00:00,0.0,10.854
2026-02-26T17:40:00+00:00,0.0,10.86
2026-02-26T17:45:00+00:00,0.0,10.868
2026-02-26T17:50:00+00:00,0.0,10.871
2026-02-26T17:55:00+00:00,0.0,10.872
2026-02-26T18:00:00+00:00,0.0,10.892
2026-02-26T18:05:00+00:00,0.0,10.88
2026-02-26T18:10:00+00:00,0.0,10.863
2026-02-26T18:15:00+00:00,0.0,10.91
2026-02-26T18:20:00+00:00,0.0,10.928
2026-02-26T18:25:00+00:00,0.0,10.946
2026-02-26T18:30:00+00:00,0.0,10.946
2026-02-26T18:35:00+00:00,0.0,10.954
2026-02-26T18:40:00+00:00,0.0,10.95
2026-02-26T18:45:00+00:00,0.0,10.958
2026-02-26T18:50:00+00:00,0.0,10.956
2026-02-26T18:55:00+00:00,0.0,10.986
2026-02-26T19:00:00+00:00,0.0,10.994
2026-02-26T19:05:00+00:00,0.0,10.954
2026-02-26T19:10:00+00:00,0.0,10.926
2026-02-26T19:15:00+00:00,0.0,10.914
2026-02-26T19:20:00+00:00,0.0,10.933
2026-02-26T19:25:00+00:00,0.0,10.948
2026-02-26T19:30:00+00:00,0.0,10.976
2026-02-26T19:35:00+00:00,0.0,10.952
2026-02-26T19:40:00+00:00,0.0,10.892
2026-02-26T19:45:00+00:00,0.0,10.869
2026-02-26T19:50:00+00:00,0.0,10.843
2026-02-26T19:55:00+00:00,0.0,10.864
2026-02-26T20:00:00+00:00,0.0,10.872
2026-02-26T20:05:00+00:00,0.0,10.876
2026-02-26T20:10:00+00:00,0.0,10.888
2026-02-26T20:15:00+00:00,0.0,10.91
2026-02-26T20:20:00+00:00,0.0,10.92
2026-02-26T20:25:00+00:00,0.0,10.872
2026-02-26T20:30:00+00:00,0.0,10.938
2026-02-26T20:35:00+00:00,0.0,10.928
2026-02-26T20:40:00+00:00,0.0,10.876
2026-02-26T20:45:00+00:00,0.0,10.94
2026-02-26T20:50:00+00:00,0.0,11.003
2026-02-26T20:55:00+00:00,0.0,10.975
2026-02-26T21:00:00+00:00,0.0,10.91
2026-02-26T21:05:00+00:00,0.0,10.912
2026-02-26T21:10:00+00:00,0.0,10.916
2026-02-26T21:15:00+00:00,0.0,10.884
2026-02-26T21:20:00+00:00,0.0,10.865
2026-02-26T21:25:00+00:00,0.0,10.954
2026-02-26T21:30:00+00:00,0.0,10.966
2026-02-26T21:35:00+00:00,0.0,10.967
2026-02-26T21:40:00+00:00,0.0,10.98
2026-02-26T21:45:00+00:00,0.0,11.005
2026-02-26T21:50:00+00:00,0.0,11.007
2026-02-26T21:55:00+00:00,0.0,11.014
2026-02-26T22:00:00+00:00,0.0,10.928
2026-02-26T22:05:00+00:00,0.0,10.872
2026-02-26T22:10:00+00:00,0.0,10.884
2026-02-26T22:15:00+00:00,0.0,10.918
2026-02-26T22:20:00+00:00,0.0,10.9
2026-02-26T22:25:00+00:00,0.0,10.856
2026-02-26T22:30:00+00:00,0.0,10.959
2026-02-26T22:35:00+00:00,0.0,10.918
2026-02-26T22:40:00+00:00,0.0,10.909
2026-02-26T22:45:00+00:00,0.0,10.923
2026-02-26T22:50:00+00:00,0.0,10.938
2026-02-26T22:55:00+00:00,0.0,10.945
2026-02-26T23:00:00+00:00,0.0,10.95
2026-02-26T23:05:00+00:00,0.0,10.953
2026-02-26T23:10:00+00:00,0.0,10.947
2026-02-26T23:15:00+00:00,0.0,10.907
2026-02-26T23:20:00+00:00,0.0,10.914
2026-02-26T23:25:00+00:00,0.0,10.902
2026-02-26T23:30:00+00:00,0.0,10.907
2026-02-26T23:35:00+00:00,0.0,10.912
2026-02-26T23:40:00+00:00,0.0,10.936
2026-02-26T23:45:00+00:00,0.0,10.914
2026-02-26T23:50:00+00:00,0.0,10.913
2026-02-26T23:55:00+00:00,0.0,10.909
2026-02-27T00:00:00+00:00,0.0,10.897
2026-02-27T00:05:00+00:00,0.0,10.854
2026-02-27T00:10:00+00:00,0.0,10.82
2026-02-27T00:15:00+00:00,0.0,10.93
2026-02-27T00:20:00+00:00,0.0,10.962
2026-02-27T00:25:00+00:00,0.0,10.967
2026-02-27T00:30:00+00:00,0.0,10.977
2026-02-27T00:35:00+00:00,0.0,10.977
2026-02-27T00:40:00+00:00,0.0,10.943
2026-02-27T00:45:00+00:00,0.0,10.95
2026-02-27T00:50:00+00:00,0.0,10.948
2026-02-27T00:55:00+00:00,0.0,10.95
2026-02-27T01:00:00+00:00,0.0,10.964
2026-02-27T01:05:00+00:00,0.0,10.958
2026-02-27T01:10:00+00:00,0.0,10.9
2026-02-27T01:15:00+00:00,0.0,10.898
2026-02-27T01:20:00+00:00,0.0,10.89
2026-02-27T01:25:00+00:00,0.0,10.898
2026-02-27T01:30:00+00:00,0.0,10.913
2026-02-27T01:35:00+00:00,0.0,10.914
2026-02-27T01:40:00+00:00,0.0,10.915
2026-02-27T01:45:00+00:00,0.0,10.934
2026-02-27T01:50:00+00:00,0.0,10.874
2026-02-27T01:55:00+00:00,0.0,10.904
2026-02-27T02:00:00+00:00,0.0,10.94
2026-02-27T02:05:00+00:00,0.0,10.908
2026-02-27T02:10:00+00:00,0.0,10.916
2026-02-27T02:15:00+00:00,0.0,10.927
2026-02-27T02:20:00+00:00,0.0,10.936
2026-02-27T02:25:00+00:00,0.0,10.952
2026-02-27T02:30:00+00:00,0.0,10.966
2026-02-27T02:35:00+00:00,0.0,10.994
2026-02-27T02:40:00+00:00,0.0,11.004
2026-02-27T02:45:00+00:00,0.0,11.008
2026-02-27T02:50:00+00:00,0.0,11.006
2026-02-27T02:55:00+00:00,0.0,11.004
2026-02-27T03:00:00+00:00,0.0,11.011
2026-02-27T03:05:00+00:00,0.0,10.984
2026-02-27T03:10:00+00:00,0.0,10.989
2026-02-27T03:15:00+00:00,0.0,11.004
2026-02-27T03:20:00+00:00,0.0,11.01
2026-02-27T03:25:00+00:00,0.0,10.971
2026-02-27T03:30:00+00:00,0.0,10.94
2026-02-27T03:35:00+00:00,0.0,10.948
2026-02-27T03:40:00+00:00,0.0,10.948
2026-02-27T03:45:00+00:00,0.0,10.922
2026-02-27T03:50:00+00:00,0.0,10.954
2026-02-27T03:55:00+00:00,0.0,10.965
2026-02-27T04:00:00+00:00,0.0,10.963
2026-02-27T04:05:00+00:00,0.0,10.977
2026-02-27T04:10:00+00:00,0.0,10.976
2026-02-27T04:15:00+00:00,0.0,10.988
2026-02-27T04:20:00+00:00,0.0,10.986
2026-02-27T04:25:00+00:00,0.0,10.99
2026-02-27T04:30:00+00:00,0.0,11.022
2026-02-27T04:35:00+00:00,0.0,11.006
2026-02-27T04:40:00+00:00,0.0,11.016
2026-02-27T04:45:00+00:00,0.0,10.96
2026-02-27T04:50:00+00:00,0.0,10.954
2026-02-27T04:55:00+00:00,0.0,10.954
2026-02-27T05:00:00+00:00,0.0,10.951
2026-02-27T05:05:00+00:00,0.0,10.89
2026-02-27T05:10:00+00:00,0.0,10.904
2026-02-27T05:15:00+00:00,0.0,10.908
2026-02-27T05:20:00+00:00,0.0,10.91
2026-02-27T05:25:00+00:00,0.0,10.898
2026-02-27T05:30:00+00:00,0.0,10.907
2026-02-27T05:35:00+00:00,0.0,10.918
2026-02-27T05:40:00+00:00,0.0,10.913
2026-02-27T05:45:00+00:00,0.0,10.894
2026-02-27T05:50:00+00:00,0.0,10.875
2026-02-27T05:55:00+00:00,0.0,10.862
2026-02-27T06:00:00+00:00,0.0,10.828
2026-02-27T06:05:00+00:00,0.0,10.885
2026-02-27T06:10:00+00:00,0.0,10.884
2026-02-27T06:15:00+00:00,0.0,10.87
2026-02-27T06:20:00+00:00,0.0,10.878
2026-02-27T06:25:00+00:00,0.0,10.912
2026-02-27T06:30:00+00:00,0.0,10.907
2026-02-27T06:35:00+00:00,0.0,10.864
2026-02-27T06:40:00+00:00,0.0,11.018
2026-02-27T06:45:00+00:00,0.0,10.947
2026-02-27T06:50:00+00:00,0.0,10.936
2026-02-27T06:55:00+00:00,0.0,10.918
2026-02-27T07:00:00+00:00,0.0,10.909
2026-02-27T07:05:00+00:00,0.0,10.906
2026-02-27T07:10:00+00:00,0.0,10.888
2026-02-27T07:15:00+00:00,0.0,11.006
2026-02-27T07:20:00+00:00,0.0,10.886
2026-02-27T07:25:00+00:00,0.0,10.86
2026-02-27T07:30:00+00:00,0.0,10.853
2026-02-27T07:35:00+00:00,0.0,10.844
2026-02-27T07:40:00+00:00,0.0,10.828
2026-02-27T07:45:00+00:00,0.0,10.828
2026-02-27T07:50:00+00:00,0.0,10.826
2026-02-27T07:55:00+00:00,0.0,10.811
2026-02-27T08:00:00+00:00,0.0,10.82
2026-02-27T08:05:00+00:00,0.0,10.812
2026-02-27T08:10:00+00:00,0.0,10.941
2026-02-27T08:15:00+00:00,0.0,10.936
2026-02-27T08:20:00+00:00,0.0,10.933
2026-02-27T08:25:00+00:00,0.0,10.939
2026-02-27T08:30:00+00:00,0.0,10.956
2026-02-27T08:35:00+00:00,0.0,10.956
2026-02-27T08:40:00+00:00,0.0,10.951
2026-02-27T08:45:00+00:00,0.0,10.945
2026-02-27T08:50:00+00:00,0.0,10.974
2026-02-27T08:55:00+00:00,0.0,10.957
2026-02-27T09:00:00+00:00,0.0,10.976
2026-02-27T09:05:00+00:00,0.0,10.98
2026-02-27T09:10:00+00:00,0.0,11.0
2026-02-27T09:15:00+00:00,0.0,10.992
2026-02-27T09:20:00+00:00,0.0,10.992
2026-02-27T09:25:00+00:00,0.0,11.005
2026-02-27T09:30:00+00:00,0.0,11.002
2026-02-27T09:35:00+00:00,0.0,10.991
2026-02-27T09:40:00+00:00,0.0,11.001
2026-02-27T09:45:00+00:00,0.0,11.008
2026-02-27T09:50:00+00:00,0.0,11.006
2026-02-27T09:55:00+00:00,0.0,11.012
2026-02-27T10:00:00+00:00,0.0,11.014
2026-02-27T10:05:00+00:00,0.0,10.914
2026-02-27T10:10:00+00:00,0.0,10.907
2026-02-27T10:15:00+00:00,0.0,10.829
2026-02-27T10:20:00+00:00,0.0,10.9
2026-02-27T10:25:00+00:00,0.0,10.908
2026-02-27T10:30:00+00:00,0.0,10.895
2026-02-27T10:35:00+00:00,0.0,10.886
2026-02-27T10:40:00+00:00,0.0,10.889
2026-02-27T10:45:00+00:00,0.0,10.88
2026-02-27T10:50:00+00:00,0.0,10.878
2026-02-27T10:55:00+00:00,0.0,10.891
2026-02-27T11:00:00+00:00,0.0,10.899
2026-02-27T11:05:00+00:00,0.0,10.891
2026-02-27T11:10:00+00:00,0.0,10.882
2026-02-27T11:15:00+00:00,0.0,10.866
2026-02-27T11:20:00+00:00,0.0,10.862
2026-02-27T11:25:00+00:00,0.0,10.862
2026-02-27T11:30:00+00:00,0.0,10.849
2026-02-27T11:35:00+00:00,0.0,10.847
2026-02-27T11:40:00+00:00,0.0,10.862
2026-02-27T11:45:00+00:00,0.0,10.854
2026-02-27T11:50:00+00:00,0.0,10.88
2026-02-27T11:55:00+00:00,0.0,10.902
2026-02-27T12:00:00+00:00,0.0,10.956
2026-02-27T12:05:00+00:00,0.0,10.935
2026-02-27T12:10:00+00:00,0.0,10.943
2026-02-27T12:15:00+00:00,0.0,10.934
2026-02-27T12:20:00+00:00,0.0,10.965
2026-02-27T12:25:00+00:00,0.0,10.96
2026-02-27T12:30:00+00:00,0.0,10.945
2026-02-27T12:35:00+00:00,0.0,11.002
2026-02-27T12:40:00+00:00,0.0,10.916
2026-02-27T12:45:00+00:00,0.0,10.93
2026-02-27T12:50:00+00:00,0.0,10.922
2026-02-27T12:55:00+00:00,0.0,10.899
2026-02-27T13:00:00+00:00,0.0,10.908
2026-02-27T13:05:00+00:00,0.0,10.908
2026-02-27T13:10:00+00:00,0.0,10.918
2026-02-27T13:15:00+00:00,0.0,10.905
2026-02-27T13:20:00+00:00,0.0,10.902
2026-02-27T13:25:00+00:00,0.0,10.887
2026-02-27T13:30:00+00:00,0.0,10.89
2026-02-27T13:35:00+00:00,0.0,10.894
2026-02-27T13:40:00+00:00,0.0,10.895
2026-02-27T13:45:00+00:00,0.0,10.896
2026-02-27T13:50:00+00:00,0.0,10.9
2026-02-27T13:55:00+00:00,0.0,10.909
2026-02-27T14:00:00+00:00,0.0,10.907
2026-02-27T14:05:00+00:00,0.0,10.922
2026-02-27T14:10:00+00:00,0.0,10.912
2026-02-27T14:15:00+00:00,0.0,10.907
2026-02-27T14:20:00+00:00,0.0,10.927
2026-02-27T14:25:00+00:00,0.0,10.922
2026-02-27T14:30:00+00:00,0.0,10.895
2026-02-27T14:35:00+00:00,0.0,10.894
2026-02-27T14:40:00+00:00,0.0,10.912
2026-02-27T14:45:00+00:00,0.0,10.916
2026-02-27T14:50:00+00:00,0.0,10.912
2026-02-27T14:55:00+00:00,0.0,10.92
2026-02-27T15:00:00+00:00,0.0,10.917
2026-02-27T15:05:00+00:00,0.0,10.928
2026-02-27T15:10:00+00:00,0.0,10.936
2026-02-27T15:15:00+00:00,0.0,10.872
2026-02-27T15:20:00+00:00,0.0,10.93
2026-02-27T15:25:00+00:00,0.0,10.936
2026-02-27T15:30:00+00:00,0.0,10.92
2026-02-27T15:35:00+00:00,0.0,10.927
2026-02-27T15:40:00+00:00,0.0,10.91
2026-02-27T15:45:00+00:00,0.0,10.909
2026-02-27T15:50:00+00:00,0.0,10.913
2026-02-27T15:55:00+00:00,0.0,10.928
2026-02-27T16:00:00+00:00,0.0,10.91
2026-02-27T16:05:00+00:00,0.0,10.93
2026-02-27T16:10:00+00:00,0.0,10.924
2026-02-27T16:15:00+00:00,0.0,10.934
2026-02-27T16:20:00+00:00,0.0,10.924
2026-02-27T16:25:00+00:00,0.0,10.902
2026-02-27T16:30:00+00:00,0.0,10.888
2026-02-27T16:35:00+00:00,0.0,10.875
2026-02-27T16:40:00+00:00,0.0,10.892
2026-02-27T16:45:00+00:00,0.0,10.9
2026-02-27T16:50:00+00:00,0.0,10.894
2026-02-27T16:55:00+00:00,0.0,10.885
2026-02-27T17:00:00+00:00,0.0,10.869
2026-02-27T17:05:00+00:00,0.0,10.856
2026-02-27T17:10:00+00:00,0.0,10.946
2026-02-27T17:15:00+00:00,0.0,10.998
2026-02-27T17:20:00+00:00,0.0,10.988
2026-02-27T17:25:00+00:00,0.0,10.986
2026-02-27T17:30:00+00:00,0.0,10.969
2026-02-27T17:35:00+00:00,0.0,10.978
2026-02-27T17:40:00+00:00,0.0,10.976
2026-02-27T17:45:00+00:00,0.0,10.956
2026-02-27T17:50:00+00:00,0.0,10.934
2026-02-27T17:55:00+00:00,0.0,10.931
2026-02-27T18:00:00+00:00,0.0,10.931
2026-02-27T18:05:00+00:00,0.0,10.905
2026-02-27T18:10:00+00:00,0.0,10.901
2026-02-27T18:15:00+00:00,0.0,10.898
2026-02-27T18:20:00+00:00,0.0,10.898
2026-02-27T18:25:00+00:00,0.0,10.894
2026-02-27T18:30:00+00:00,0.0,10.896
2026-02-27T18:35:00+00:00,0.0,10.89
2026-02-27T18:40:00+00:00,0.0,10.907
2026-02-27T18:45:00+00:00,0.0,10.924
2026-02-27T18:50:00+00:00,0.0,10.941
2026-02-27T18:55:00+00:00,0.0,10.95
2026-02-27T19:00:00+00:00,0.0,10.953
2026-02-27T19:05:00+00:00,0.0,10.947
2026-02-27T19:10:00+00:00,0.0,10.95
2026-02-27T19:15:00+00:00,0.0,10.968
2026-02-27T19:20:00+00:00,0.0,10.974
2026-02-27T19:25:00+00:00,0.0,10.975
2026-02-27T19:30:00+00:00,0.0,10.986
2026-02-27T19:35:00+00:00,0.0,10.986
2026-02-27T19:40:00+00:00,0.0,10.994
2026-02-27T19:45:00+00:00,0.0,11.008
2026-02-27T19:50:00+00:00,0.0,10.978
2026-02-27T19:55:00+00:00,0.0,10.965
2026-02-27T20:00:00+00:00,0.0,10.966
2026-02-27T20:05:00+00:00,0.0,10.928
2026-02-27T20:10:00+00:00,0.0,11.018
2026-02-27T20:15:00+00:00,0.0,10.952
2026-02-27T20:20:00+00:00,0.0,10.904
2026-02-27T20:25:00+00:00,0.0,10.924
2026-02-27T20:30:00+00:00,0.0,10.93
2026-02-27T20:35:00+00:00,0.0,10.922
2026-02-27T20:40:00+00:00,0.0,10.93
2026-02-27T20:45:00+00:00,0.0,10.937
2026-02-27T20:50:00+00:00,0.0,10.946
2026-02-27T20:55:00+00:00,0.0,10.926
2026-02-27T21:00:00+00:00,0.0,10.865
2026-02-27T21:05:00+00:00,0.0,10.831
2026-02-27T21:10:00+00:00,0.0,10.852
2026-02-27T21:15:00+00:00,0.0,10.868
2026-02-27T21:20:00+00:00,0.0,10.875
2026-02-27T21:25:00+00:00,0.0,10.901
2026-02-27T21:30:00+00:00,0.0,10.91
2026-02-27T21:35:00+00:00,0.0,10.901
2026-02-27T21:40:00+00:00,0.0,10.91
2026-02-27T21:45:00+00:00,0.0,10.927
2026-02-27T21:50:00+00:00,0.0,10.896
2026-02-27T21:55:00+00:00,0.0,10.828
2026-02-27T22:00:00+00:00,0.0,10.928
2026-02-27T22:05:00+00:00,0.0,10.928
2026-02-27T22:10:00+00:00,0.0,10.928
2026-02-27T22:15:00+00:00,0.0,10.929
2026-02-27T22:20:00+00:00,0.0,10.949
2026-02-27T22:25:00+00:00,0.0,10.962
2026-02-27T22:30:00+00:00,0.0,10.98
2026-02-27T22:35:00+00:00,0.0,11.004
2026-02-27T22:40:00+00:00,0.0,11.002
2026-02-27T22:45:00+00:00,0.0,11.004
2026-02-27T22:50:00+00:00,0.0,10.997
2026-02-27T22:55:00+00:00,0.0,11.01
2026-02-27T23:00:00+00:00,0.0,11.022
2026-02-27T23:05:00+00:00,0.0,11.02
2026-02-27T23:10:00+00:00,0.0,10.955
2026-02-27T23:15:00+00:00,0.0,10.962
2026-02-27T23:20:00+00:00,0.0,10.93
2026-02-27T23:25:00+00:00,0.0,10.94
2026-02-27T23:30:00+00:00,0.0,10.946
2026-02-27T23:35:00+00:00,0.0,10.96
2026-02-27T23:40:00+00:00,0.0,10.907
2026-02-27T23:45:00+00:00,0.0,10.911
2026-02-27T23:50:00+00:00,0.0,10.909
2026-02-27T23:55:00+00:00,0.0,10.91
2026-02-28T00:00:00+00:00,0.0,10.914
2026-02-28T00:05:00+00:00,0.0,10.873
2026-02-28T00:10:00+00:00,0.0,10.838
2026-02-28T00:15:00+00:00,0.0,10.825
2026-02-28T00:20:00+00:00,0.0,10.82
2026-02-28T00:25:00+00:00,0.0,10.849
2026-02-28T00:30:00+00:00,0.0,10.848
2026-02-28T00:35:00+00:00,0.0,10.826
2026-02-28T00:40:00+00:00,0.0,10.964
2026-02-28T00:45:00+00:00,0.0,10.964
2026-02-28T00:50:00+00:00,0.0,11.012
2026-02-28T00:55:00+00:00,0.0,11.007
2026-02-28T01:00:00+00:00,0.0,10.995
2026-02-28T01:05:00+00:00,0.0,10.957
2026-02-28T01:10:00+00:00,0.0,10.95
2026-02-28T01:15:00+00:00,0.0,10.963
2026-02-28T01:20:00+00:00,0.0,10.98
2026-02-28T01:25:00+00:00,0.0,10.99
2026-02-28T01:30:00+00:00,0.0,11.006
2026-02-28T01:35:00+00:00,0.0,10.993
2026-02-28T01:40:00+00:00,0.0,10.996
2026-02-28T01:45:00+00:00,0.0,10.99
2026-02-28T01:50:00+00:00,0.0,11.006
2026-02-28T01:55:00+00:00,0.0,11.017
2026-02-28T02:00:00+00:00,0.0,11.012
2026-02-28T02:05:00+00:00,0.0,10.95
2026-02-28T02:10:00+00:00,0.0,10.95
2026-02-28T02:15:00+00:00,0.0,10.943
2026-02-28T02:20:00+00:00,0.0,10.932
2026-02-28T02:25:00+00:00,0.0,10.95
2026-02-28T02:30:00+00:00,0.0,10.952
2026-02-28T02:35:00+00:00,0.0,10.888
2026-02-28T02:40:00+00:00,0.0,10.888
2026-02-28T02:45:00+00:00,0.0,10.884
2026-02-28T02:50:00+00:00,0.0,10.908
2026-02-28T02:55:00+00:00,0.0,10.912
2026-02-28T03:00:00+00:00,0.0,10.918
2026-02-28T03:05:00+00:00,0.0,10.924
2026-02-28T03:10:00+00:00,0.0,10.93
2026-02-28T03:15:00+00:00,0.0,10.929
2026-02-28T03:20:00+00:00,0.0,10.938
2026-02-28T03:25:00+00:00,0.0,10.943
2026-02-28T03:30:00+00:00,0.0,10.858
2026-02-28T03:35:00+00:00,0.0,10.851
2026-02-28T03:40:00+00:00,0.0,10.85
2026-02-28T03:45:00+00:00,0.0,10.87
2026-02-28T03:50:00+00:00,0.0,10.869
2026-02-28T03:55:00+00:00,0.0,10.888
2026-02-28T04:00:00+00:00,0.0,10.904
2026-02-28T04:05:00+00:00,0.0,10.89
2026-02-28T04:10:00+00:00,0.0,10.893
2026-02-28T04:15:00+00:00,0.0,10.908
2026-02-28T04:20:00+00:00,0.0,10.91
2026-02-28T04:25:00+00:00,0.0,10.926
2026-02-28T04:30:00+00:00,0.0,10.928
2026-02-28T04:35:00+00:00,0.0,10.913
2026-02-28T04:40:00+00:00,0.0,10.93
2026-02-28T04:45:00+00:00,0.0,10.926
2026-02-28T04:50:00+00:00,0.0,10.92
2026-02-28T04:55:00+00:00,0.0,10.927
2026-02-28T05:00:00+00:00,0.0,10.928
2026-02-28T05:05:00+00:00,0.0,10.9
2026-02-28T05:10:00+00:00,0.0,10.9
2026-02-28T05:15:00+00:00,0.0,10.911
2026-02-28T05:20:00+00:00,0.0,10.914
2026-02-28T05:25:00+00:00,0.0,10.925
2026-02-28T05:30:00+00:00,0.0,10.93
2026-02-28T05:35:00+00:00,0.0,10.908
2026-02-28T05:40:00+00:00,0.0,10.91
2026-02-28T05:45:00+00:00,0.0,10.894
2026-02-28T05:50:00+00:00,0.0,10.878
2026-02-28T05:55:00+00:00,0.0,10.867
2026-02-28T06:00:00+00:00,0.0,10.87
2026-02-28T06:05:00+00:00,0.0,10.86
2026-02-28T06:10:00+00:00,0.0,10.851
2026-02-28T06:15:00+00:00,0.0,10.854
2026-02-28T06:20:00+00:00,0.0,10.868
2026-02-28T06:25:00+00:00,0.0,10.873
2026-02-28T06:30:00+00:00,0.0,10.866
2026-02-28T06:35:00+00:00,0.0,10.848
2026-02-28T06:40:00+00:00,0.0,10.852
2026-02-28T06:45:00+00:00,0.0,10.868
2026-02-28T06:50:00+00:00,0.0,10.846
2026-02-28T06:55:00+00:00,0.0,10.837
2026-02-28T07:00:00+00:00,0.0,10.843
2026-02-28T07:05:00+00:00,0.0,10.828
2026-02-28T07:10:00+00:00,0.0,10.954
2026-02-28T07:15:00+00:00,0.0,10.968
2026-02-28T07:20:00+00:00,0.0,10.96
2026-02-28T07:25:00+00:00,0.0,10.968
2026-02-28T07:30:00+00:00,0.0,10.968
2026-02-28T07:35:00+00:00,0.0,11.003
2026-02-28T07:40:00+00:00,0.0,11.001
2026-02-28T07:45:00+00:00,0.0,10.983
2026-02-28T07:50:00+00:00,0.0,10.974
2026-02-28T07:55:00+00:00,0.0,10.957
2026-02-28T08:00:00+00:00,0.0,10.94
2026-02-28T08:05:00+00:00,0.0,10.954
2026-02-28T08:10:00+00:00,0.0,10.933
2026-02-28T08:15:00+00:00,0.0,10.941
2026-02-28T08:20:00+00:00,0.0,10.934
2026-02-28T08:25:00+00:00,0.0,10.934
2026-02-28T08:30:00+00:00,0.0,10.928
2026-02-28T08:35:00+00:00,0.0,10.966
2026-02-28T08:40:00+00:00,0.0,10.988
2026-02-28T08:45:00+00:00,0.0,10.983
2026-02-28T08:50:00+00:00,0.0,10.99
2026-02-28T08:55:00+00:00,0.0,10.989
2026-02-28T09:00:00+00:00,0.0,10.98
2026-02-28T09:05:00+00:00,0.0,10.974
2026-02-28T09:10:00+00:00,0.0,10.98
2026-02-28T09:15:00+00:00,0.0,11.006
2026-02-28T09:20:00+00:00,0.0,11.012
2026-02-28T09:25:00+00:00,0.0,10.942
2026-02-28T09:30:00+00:00,0.0,10.938
2026-02-28T09:35:00+00:00,0.0,10.924
2026-02-28T09:40:00+00:00,0.0,10.945
2026-02-28T09:45:00+00:00,0.0,10.944
2026-02-28T09:50:00+00:00,0.0,10.94
2026-02-28T09:55:00+00:00,0.0,10.95
2026-02-28T10:00:00+00:00,0.0,10.95
2026-02-28T10:05:00+00:00,0.0,10.899
2026-02-28T10:10:00+00:00,0.0,10.89
2026-02-28T10:15:00+00:00,0.0,10.91
2026-02-28T10:20:00+00:00,0.0,10.908
2026-02-28T10:25:00+00:00,0.0,10.905
2026-02-28T10:30:00+00:00,0.0,10.888
2026-02-28T10:35:00+00:00,0.0,10.876
2026-02-28T10:40:00+00:00,0.0,10.887
2026-02-28T10:45:00+00:00,0.0,10.889
2026-02-28T10:50:00+00:00,0.0,10.884
2026-02-28T10:55:00+00:00,0.0,10.903
2026-02-28T11:00:00+00:00,0.0,10.907
2026-02-28T11:05:00+00:00,0.0,10.887
2026-02-28T11:10:00+00:00,0.0,10.852
2026-02-28T11:15:00+00:00,0.0,10.814
2026-02-28T11:20:00+00:00,0.0,10.811
2026-02-28T11:25:00+00:00,0.0,10.826
2026-02-28T11:30:00+00:00,0.0,10.844
2026-02-28T11:35:00+00:00,0.0,10.858
2026-02-28T11:40:00+00:00,0.0,10.883
2026-02-28T11:45:00+00:00,0.0,10.88
2026-02-28T11:50:00+00:00,0.0,10.866
2026-02-28T11:55:00+00:00,0.0,10.875
2026-02-28T12:00:00+00:00,0.0,10.889
2026-02-28T12:05:00+00:00,0.0,10.854
2026-02-28T12:10:00+00:00,0.0,10.877
2026-02-28T12:15:00+00:00,0.0,10.86
2026-02-28T12:20:00+00:00,0.0,10.866
2026-02-28T12:25:00+00:00,0.0,10.865
2026-02-28T12:30:00+00:00,0.0,10.873
2026-02-28T12:35:00+00:00,0.0,10.882
2026-02-28T12:40:00+00:00,0.0,10.892
2026-02-28T12:45:00+00:00,0.0,10.899
2026-02-28T12:50:00+00:00,0.0,10.896
2026-02-28T12:55:00+00:00,0.0,10.88
2026-02-28T13:00:00+00:00,0.0,10.866
2026-02-28T13:05:00+00:00,0.0,10.881
2026-02-28T13:10:00+00:00,0.0,10.922
2026-02-28T13:15:00+00:00,0.0,10.908
2026-02-28T13:20:00+00:00,0.0,10.901
2026-02-28T13:25:00+00:00,0.0,10.91
2026-02-28T13:30:00+00:00,0.0,10.896
2026-02-28T13:35:00+00:00,0.0,10.908
2026-02-28T13:40:00+00:00,0.0,10.924
2026-02-28T13:45:00+00:00,0.0,10.949
2026-02-28T13:50:00+00:00,0.0,10.968
2026-02-28T13:55:00+00:00,0.0,10.966
2026-02-28T14:00:00+00:00,0.0,10.978
2026-02-28T14:05:00+00:00,0.0,10.958
2026-02-28T14:10:00+00:00,0.0,10.928
2026-02-28T14:15:00+00:00,0.0,10.928
2026-02-28T14:20:00+00:00,0.0,10.924
2026-02-28T14:25:00+00:00,0.0,10.93
2026-02-28T14:30:00+00:00,0.0,10.928
2026-02-28T14:35:00+00:00,0.0,10.926
2026-02-28T14:40:00+00:00,0.0,10.908
2026-02-28T14:45:00+00:00,0.0,10.912
2026-02-28T14:50:00+00:00,0.0,10.925
2026-02-28T14:55:00+00:00,0.0,10.933
2026-02-28T15:00:00+00:00,0.0,10.926
2026-02-28T15:05:00+00:00,0.0,10.93
2026-02-28T15:10:00+00:00,0.0,10.944
2026-02-28T15:15:00+00:00,0.0,10.921
2026-02-28T15:20:00+00:00,0.0,10.932
2026-02-28T15:25:00+00:00,0.0,10.922
2026-02-28T15:30:00+00:00,0.0,10.907
2026-02-28T15:35:00+00:00,0.0,10.901
2026-02-28T15:40:00+00:00,0.0,10.886
2026-02-28T15:45:00+00:00,0.0,10.867
2026-02-28T15:50:00+00:00,0.0,10.849
2026-02-28T15:55:00+00:00,0.0,10.839
2026-02-28T16:00:00+00:00,0.0,10.843
2026-02-28T16:05:00+00:00,0.0,10.846
2026-02-28T16:10:00+00:00,0.0,10.822
2026-02-28T16:15:00+00:00,0.0,10.834
2026-02-28T16:20:00+00:00,0.0,10.924
2026-02-28T16:25:00+00:00,0.0,10.936
2026-02-28T16:30:00+00:00,0.0,10.956
2026-02-28T16:35:00+00:00,0.0,10.985
2026-02-28T16:40:00+00:00,0.0,10.98
2026-02-28T16:45:00+00:00,0.0,10.967
2026-02-28T16:50:00+00:00,0.0,10.956
2026-02-28T16:55:00+00:00,0.0,10.928
2026-02-28T17:00:00+00:00,0.0,10.901
2026-02-28T17:05:00+00:00,0.0,10.902
2026-02-28T17:10:00+00:00,0.0,10.872
2026-02-28T17:15:00+00:00,0.0,10.966
2026-02-28T17:20:00+00:00,0.0,10.914
2026-02-28T17:25:00+00:00,0.0,10.896
2026-02-28T17:30:00+00:00,0.0,10.888
2026-02-28T17:35:00+00:00,0.0,10.906
2026-02-28T17:40:00+00:00,0.0,10.89
2026-02-28T17:45:00+00:00,0.0,10.896
2026-02-28T17:50:00+00:00,0.0,10.935
2026-02-28T17:55:00+00:00,0.0,10.966
2026-02-28T18:00:00+00:00,0.0,10.966
2026-02-28T18:05:00+00:00,0.0,10.97
2026-02-28T18:10:00+00:00,0.0,10.968
2026-02-28T18:15:00+00:00,0.0,10.966
2026-02-28T18:20:00+00:00,0.0,10.962
2026-02-28T18:25:00+00:00,0.0,10.956
2026-02-28T18:30:00+00:00,0.0,10.944
2026-02-28T18:35:00+00:00,0.0,10.948
2026-02-28T18:40:00+00:00,0.0,10.942
2026-02-28T18:45:00+00:00,0.0,10.91
2026-02-28T18:50:00+00:00,0.0,10.919
2026-02-28T18:55:00+00:00,0.0,10.946
2026-02-28T19:00:00+00:00,0.0,10.95
2026-02-28T19:05:00+00:00,0.0,10.948
2026-02-28T19:10:00+00:00,0.0,10.962
2026-02-28T19:15:00+00:00,0.0,10.977
2026-02-28T19:20:00+00:00,0.0,11.0
2026-02-28T19:25:00+00:00,0.0,11.008
2026-02-28T19:30:00+00:00,0.0,10.96
2026-02-28T19:35:00+00:00,0.0,10.936
2026-02-28T19:40:00+00:00,0.0,10.954
2026-02-28T19:45:00+00:00,0.0,10.906
2026-02-28T19:50:00+00:00,0.0,10.881
2026-02-28T19:55:00+00:00,0.0,10.89
2026-02-28T20:00:00+00:00,0.0,10.892
2026-02-28T20:05:00+00:00,0.0,10.869
2026-02-28T20:10:00+00:00,0.0,10.87
2026-02-28T20:15:00+00:00,0.0,10.874
2026-02-28T20:20:00+00:00,0.0,10.88
2026-02-28T20:25:00+00:00,0.0,10.91
2026-02-28T20:30:00+00:00,0.0,10.945
2026-02-28T20:35:00+00:00,0.0,10.963
2026-02-28T20:40:00+00:00,0.0,10.966
2026-02-28T20:45:00+00:00,0.0,10.97
2026-02-28T20:50:00+00:00,0.0,10.97
2026-02-28T20:55:00+00:00,0.0,10.962
2026-02-28T21:00:00+00:00,0.0,10.956
2026-02-28T21:05:00+00:00,0.0,10.969
2026-02-28T21:10:00+00:00,0.0,10.978
2026-02-28T21:15:00+00:00,0.0,10.862
2026-02-28T21:20:00+00:00,0.0,10.854
2026-02-28T21:25:00+00:00,0.0,10.851
2026-02-28T21:30:00+00:00,0.0,10.863
2026-02-28T21:35:00+00:00,0.0,10.873
2026-02-28T21:40:00+00:00,0.0,10.883
2026-02-28T21:45:00+00:00,0.0,10.889
2026-02-28T21:50:00+00:00,0.0,10.892
2026-02-28T21:55:00+00:00,0.0,10.9
2026-02-28T22:00:00+00:00,0.0,10.916
2026-02-28T22:05:00+00:00,0.0,10.919
2026-02-28T22:10:00+00:00,0.0,10.93
2026-02-28T22:15:00+00:00,0.0,10.93
2026-02-28T22:20:00+00:00,0.0,10.875
2026-02-28T22:25:00+00:00,0.0,10.849
2026-02-28T22:30:00+00:00,0.0,10.849
2026-02-28T22:35:00+00:00,0.0,10.843
2026-02-28T22:40:00+00:00,0.0,10.856
2026-02-28T22:45:00+00:00,0.0,10.867
2026-02-28T22:50:00+00:00,0.0,10.872
2026-02-28T22:55:00+00:00,0.0,10.886
2026-02-28T23:00:00+00:00,0.0,10.894
2026-02-28T23:05:00+00:00,0.0,10.878
2026-02-28T23:10:00+00:00,0.0,10.89
2026-02-28T23:15:00+00:00,0.0,10.909
2026-02-28T23:20:00+00:00,0.0,10.939
2026-02-28T23:25:00+00:00,0.0,10.954
2026-02-28T23:30:00+00:00,0.0,10.95
2026-02-28T23:35:00+00:00,0.0,10.922
2026-02-28T23:40:00+00:00,0.0,10.898
2026-02-28T23:45:00+00:00,0.0,10.896
2026-02-28T23:50:00+00:00,0.0,10.907
2026-02-28T23:55:00+00:00,0.0,10.916
2026-03-01T00:00:00+00:00,0.0,10.929
2026-03-01T00:05:00+00:00,0.0,10.878
2026-03-01T00:10:00+00:00,0.0,10.849
2026-03-01T00:15:00+00:00,0.0,10.852
2026-03-01T00:20:00+00:00,0.0,10.849
2026-03-01T00:25:00+00:00,0.0,10.862
2026-03-01T00:30:00+00:00,0.0,10.869
2026-03-01T00:35:00+00:00,0.0,10.85
2026-03-01T00:40:00+00:00,0.0,10.938
2026-03-01T00:45:00+00:00,0.0,10.926
2026-03-01T00:50:00+00:00,0.0,10.931
2026-03-01T00:55:00+00:00,0.0,10.945
2026-03-01T01:00:00+00:00,0.0,10.956
2026-03-01T01:05:00+00:00,0.0,10.958
2026-03-01T01:10:00+00:00,0.0,10.988
2026-03-01T01:15:00+00:00,0.0,11.022
2026-03-01T01:20:00+00:00,0.0,10.916
2026-03-01T01:25:00+00:00,0.0,10.91
2026-03-01T01:30:00+00:00,0.0,10.928
2026-03-01T01:35:00+00:00,0.0,10.948
2026-03-01T01:40:00+00:00,0.0,10.948
2026-03-01T01:45:00+00:00,0.0,10.95
2026-03-01T01:50:00+00:00,0.0,10.946
2026-03-01T01:55:00+00:00,0.0,10.939
2026-03-01T02:00:00+00:00,0.0,10.934
2026-03-01T02:05:00+00:00,0.0,10.924
2026-03-01T02:10:00+00:00,0.0,10.934
2026-03-01T02:15:00+00:00,0.0,10.942
2026-03-01T02:20:00+00:00,0.0,10.964
2026-03-01T02:25:00+00:00,0.0,10.986
2026-03-01T02:30:00+00:00,0.0,10.964
2026-03-01T02:35:00+00:00,0.0,10.89
2026-03-01T02:40:00+00:00,0.0,10.971
2026-03-01T02:45:00+00:00,0.0,10.982
2026-03-01T02:50:00+00:00,0.0,10.988
2026-03-01T02:55:00+00:00,0.0,10.996
2026-03-01T03:00:00+00:00,0.0,11.02
2026-03-01T03:05:00+00:00,0.0,10.99
2026-03-01T03:10:00+00:00,0.0,10.988
2026-03-01T03:15:00+00:00,0.0,11.006
2026-03-01T03:20:00+00:00,0.0,11.024
2026-03-01T03:25:00+00:00,0.0,10.994
2026-03-01T03:30:00+00:00,0.0,10.928
2026-03-01T03:35:00+00:00,0.0,10.885
2026-03-01T03:40:00+00:00,0.0,10.877
2026-03-01T03:45:00+00:00,0.0,10.88
2026-03-01T03:50:00+00:00,0.0,10.887
2026-03-01T03:55:00+00:00,0.0,10.888
2026-03-01T04:00:00+00:00,0.0,10.897
2026-03-01T04:05:00+00:00,0.0,10.91
2026-03-01T04:10:00+00:00,0.0,10.908
2026-03-01T04:15:00+00:00,0.0,10.926
2026-03-01T04:20:00+00:00,0.0,10.925
2026-03-01T04:25:00+00:00,0.0,10.929
2026-03-01T04:30:00+00:00,0.0,10.932
2026-03-01T04:35:00+00:00,0.0,10.924
2026-03-01T04:40:00+00:00,0.0,10.916
2026-03-01T04:45:00+00:00,0.0,10.93
2026-03-01T04:50:00+00:00,0.0,10.918
2026-03-01T04:55:00+00:00,0.0,10.894
2026-03-01T05:00:00+00:00,0.0,10.883
2026-03-01T05:05:00+00:00,0.0,10.888
2026-03-01T05:10:00+00:00,0.0,10.9
2026-03-01T05:15:00+00:00,0.0,10.902
2026-03-01T05:20:00+00:00,0.0,10.925
2026-03-01T05:25:00+00:00,0.0,10.932
2026-03-01T05:30:00+00:00,0.0,10.927
2026-03-01T05:35:00+00:00,0.0,10.918
2026-03-01T05:40:00+00:00,0.0,10.911
2026-03-01T05:45:00+00:00,0.0,10.907
2026-03-01T05:50:00+00:00,0.0,10.916
2026-03-01T05:55:00+00:00,0.0,10.92
2026-03-01T06:00:00+00:00,0.0,10.916
2026-03-01T06:05:00+00:00,0.0,10.869
2026-03-01T06:10:00+00:00,0.0,10.849
2026-03-01T06:15:00+00:00,0.0,10.85
2026-03-01T06:20:00+00:00,0.0,10.865
2026-03-01T06:25:00+00:00,0.0,10.873
2026-03-01T06:30:00+00:00,0.0,10.864
2026-03-01T06:35:00+00:00,0.0,10.83
2026-03-01T06:40:00+00:00,0.0,10.94
2026-03-01T06:45:00+00:00,0.0,10.984
2026-03-01T06:50:00+00:00,0.0,10.974
2026-03-01T06:55:00+00:00,0.0,10.944
2026-03-01T07:00:00+00:00,0.0,10.939
2026-03-01T07:05:00+00:00,0.0,10.92
2026-03-01T07:10:00+00:00,0.0,11.016
2026-03-01T07:15:00+00:00,0.0,10.964
2026-03-01T07:20:00+00:00,0.0,10.972
2026-03-01T07:25:00+00:00,0.0,10.869
2026-03-01T07:30:00+00:00,0.0,10.848
2026-03-01T07:35:00+00:00,0.0,10.828
2026-03-01T07:40:00+00:00,0.0,10.83
2026-03-01T07:45:00+00:00,0.0,10.84
2026-03-01T07:50:00+00:00,0.0,10.85
2026-03-01T07:55:00+00:00,0.0,10.953
2026-03-01T08:00:00+00:00,0.0,10.967
2026-03-01T08:05:00+00:00,0.0,10.95
2026-03-01T08:10:00+00:00,0.0,10.945
2026-03-01T08:15:00+00:00,0.0,10.93
2026-03-01T08:20:00+00:00,0.0,10.938
2026-03-01T08:25:00+00:00,0.0,10.92
2026-03-01T08:30:00+00:00,0.0,10.908
2026-03-01T08:35:00+00:00,0.0,10.908
2026-03-01T08:40:00+00:00,0.0,10.912
2026-03-01T08:45:00+00:00,0.0,10.907
2026-03-01T08:50:00+00:00,0.0,10.908
2026-03-01T08:55:00+00:00,0.0,10.89
2026-03-01T09:00:00+00:00,0.0,10.954
2026-03-01T09:05:00+00:00,0.0,10.914
2026-03-01T09:10:00+00:00,0.0,10.928
2026-03-01T09:15:00+00:00,0.0,10.928
2026-03-01T09:20:00+00:00,0.0,10.926
2026-03-01T09:25:00+00:00,0.0,10.928
2026-03-01T09:30:00+00:00,0.0,10.927
2026-03-01T09:35:00+00:00,0.0,10.928
2026-03-01T09:40:00+00:00,0.0,10.926
2026-03-01T09:45:00+00:00,0.0,10.918
2026-03-01T09:50:00+00:00,0.0,10.92
2026-03-01T09:55:00+00:00,0.0,10.908
2026-03-01T10:00:00+00:00,0.0,10.911
2026-03-01T10:05:00+00:00,0.0,10.912
2026-03-01T10:10:00+00:00,0.0,10.908
2026-03-01T10:15:00+00:00,0.0,10.907
2026-03-01T10:20:00+00:00,0.0,10.902
2026-03-01T10:25:00+00:00,0.0,10.912
2026-03-01T10:30:00+00:00,0.0,10.907
2026-03-01T10:35:00+00:00,0.0,10.89
2026-03-01T10:40:00+00:00,0.0,10.889
2026-03-01T10:45:00+00:00,0.0,10.889
2026-03-01T10:50:00+00:00,0.0,10.891
2026-03-01T10:55:00+00:00,0.0,10.888
2026-03-01T11:00:00+00:00,0.0,10.863
2026-03-01T11:05:00+00:00,0.0,10.872
2026-03-01T11:10:00+00:00,0.0,10.869
2026-03-01T11:15:00+00:00,0.0,10.867
2026-03-01T11:20:00+00:00,0.0,10.872
2026-03-01T11:25:00+00:00,0.0,10.869
2026-03-01T11:30:00+00:00,0.0,10.87
2026-03-01T11:35:00+00:00,0.0,10.87
2026-03-01T11:40:00+00:00,0.0,10.869
2026-03-01T11:45:00+00:00,0.0,10.869
2026-03-01T11:50:00+00:00,0.0,10.87
2026-03-01T11:55:00+00:00,0.0,10.866
2026-03-01T12:00:00+00:00,0.0,10.85
2026-03-01T12:05:00+00:00,0.0,10.858
2026-03-01T12:10:00+00:00,0.0,10.872
2026-03-01T12:15:00+00:00,0.0,10.876
2026-03-01T12:20:00+00:00,0.0,10.891
2026-03-01T12:25:00+00:00,0.0,10.894
2026-03-01T12:30:00+00:00,0.0,10.9
2026-03-01T12:35:00+00:00,0.0,10.892
2026-03-01T12:40:00+00:00,0.0,10.888
2026-03-01T12:45:00+00:00,0.0,10.886
2026-03-01T12:50:00+00:00,0.0,10.89
2026-03-01T12:55:00+00:00,0.0,10.891
2026-03-01T13:00:00+00:00,0.0,10.898
2026-03-01T13:05:00+00:00,0.0,10.901
2026-03-01T13:10:00+00:00,0.0,10.91
2026-03-01T13:15:00+00:00,0.0,10.907
2026-03-01T13:20:00+00:00,0.0,10.91
2026-03-01T13:25:00+00:00,0.0,10.93
2026-03-01T13:30:00+00:00,0.0,10.928
2026-03-01T13:35:00+00:00,0.0,10.916
2026-03-01T13:40:00+00:00,0.0,10.916
2026-03-01T13:45:00+00:00,0.0,10.92
2026-03-01T13:50:00+00:00,0.0,10.922
2026-03-01T13:55:00+00:00,0.0,10.928
2026-03-01T14:00:00+00:00,0.0,10.93
2026-03-01T14:05:00+00:00,0.0,10.92
2026-03-01T14:10:00+00:00,0.0,10.931
2026-03-01T14:15:00+00:00,0.0,10.929
2026-03-01T14:20:00+00:00,0.0,10.928
2026-03-01T14:25:00+00:00,0.0,10.936
2026-03-01T14:30:00+00:00,0.0,10.939
2026-03-01T14:35:00+00:00,0.0,10.95
2026-03-01T14:40:00+00:00,0.0,10.948
2026-03-01T14:45:00+00:00,0.0,10.946
2026-03-01T14:50:00+00:00,0.0,10.936
2026-03-01T14:55:00+00:00,0.0,10.92
2026-03-01T15:00:00+00:00,0.0,10.922
2026-03-01T15:05:00+00:00,0.0,10.907
2026-03-01T15:10:00+00:00,0.0,10.907
2026-03-01T15:15:00+00:00,0.0,10.888
2026-03-01T15:20:00+00:00,0.0,10.85
2026-03-01T15:25:00+00:00,0.0,10.836
2026-03-01T15:30:00+00:00,0.0,10.93
2026-03-01T15:35:00+00:00,0.0,10.92
2026-03-01T15:40:00+00:00,0.0,10.908
2026-03-01T15:45:00+00:00,0.0,10.908
2026-03-01T15:50:00+00:00,0.0,10.964
2026-03-01T15:55:00+00:00,0.0,10.965
2026-03-01T16:00:00+00:00,0.0,10.967
2026-03-01T16:05:00+00:00,0.0,10.957
2026-03-01T16:10:00+00:00,0.0,10.888
2026-03-01T16:15:00+00:00,0.0,10.811
2026-03-01T16:20:00+00:00,0.0,10.9
2026-03-01T16:25:00+00:00,0.0,10.912
2026-03-01T16:30:00+00:00,0.0,10.906
2026-03-01T16:35:00+00:00,0.0,10.906
2026-03-01T16:40:00+00:00,0.0,10.889
2026-03-01T16:45:00+00:00,0.0,10.875
2026-03-01T16:50:00+00:00,0.0,10.842
2026-03-01T16:55:00+00:00,0.0,10.971
2026-03-01T17:00:00+00:00,0.0,11.003
2026-03-01T17:05:00+00:00,0.0,10.965
2026-03-01T17:10:00+00:00,0.0,11.001
2026-03-01T17:15:00+00:00,0.0,10.988
2026-03-01T17:20:00+00:00,0.0,10.984
2026-03-01T17:25:00+00:00,0.0,10.958
2026-03-01T17:30:00+00:00,0.0,10.948
2026-03-01T17:35:00+00:00,0.0,10.932
2026-03-01T17:40:00+00:00,0.0,10.959
2026-03-01T17:45:00+00:00,0.0,10.986
2026-03-01T17:50:00+00:00,0.0,11.003
2026-03-01T17:55:00+00:00,0.0,11.005
2026-03-01T18:00:00+00:00,0.0,10.982
2026-03-01T18:05:00+00:00,0.0,10.87
2026-03-01T18:10:00+00:00,0.0,10.836
2026-03-01T18:15:00+00:00,0.0,10.869
2026-03-01T18:20:00+00:00,0.0,10.976
2026-03-01T18:25:00+00:00,0.0,10.994
2026-03-01T18:30:00+00:00,0.0,10.992
2026-03-01T18:35:00+00:00,0.0,10.855
2026-03-01T18:40:00+00:00,0.0,10.904
2026-03-01T18:45:00+00:00,0.0,10.929
2026-03-01T18:50:00+00:00,0.0,10.929
2026-03-01T18:55:00+00:00,0.0,10.938
2026-03-01T19:00:00+00:00,0.0,10.958
2026-03-01T19:05:00+00:00,0.0,10.965
2026-03-01T19:10:00+00:00,0.0,10.982
2026-03-01T19:15:00+00:00,0.0,11.002
2026-03-01T19:20:00+00:00,0.0,11.01
2026-03-01T19:25:00+00:00,0.0,10.944
2026-03-01T19:30:00+00:00,0.0,10.958
2026-03-01T19:35:00+00:00,0.0,10.907
2026-03-01T19:40:00+00:00,0.0,10.936
2026-03-01T19:45:00+00:00,0.0,10.938
2026-03-01T19:50:00+00:00,0.0,10.956
2026-03-01T19:55:00+00:00,0.0,10.893
2026-03-01T20:00:00+00:00,0.0,10.974
2026-03-01T20:05:00+00:00,0.0,10.951
2026-03-01T20:10:00+00:00,0.0,10.968
2026-03-01T20:15:00+00:00,0.0,10.966
2026-03-01T20:20:00+00:00,0.0,10.944
2026-03-01T20:25:00+00:00,0.0,10.948
2026-03-01T20:30:00+00:00,0.0,10.967
2026-03-01T20:35:00+00:00,0.0,10.928
2026-03-01T20:40:00+00:00,0.0,10.922
2026-03-01T20:45:00+00:00,0.0,10.922
2026-03-01T20:50:00+00:00,0.0,10.922
2026-03-01T20:55:00+00:00,0.0,11.006
2026-03-01T21:00:00+00:00,0.0,11.02
2026-03-01T21:05:00+00:00,0.0,10.986
2026-03-01T21:10:00+00:00,0.0,11.008
2026-03-01T21:15:00+00:00,0.0,11.005
2026-03-01T21:20:00+00:00,0.0,11.024
2026-03-01T21:25:00+00:00,0.0,10.988
2026-03-01T21:30:00+00:00,0.0,10.958
2026-03-01T21:35:00+00:00,0.0,10.958
2026-03-01T21:40:00+00:00,0.0,10.898
2026-03-01T21:45:00+00:00,0.0,10.812
2026-03-01T21:50:00+00:00,0.0,10.993
2026-03-01T21:55:00+00:00,0.0,10.977
2026-03-01T22:00:00+00:00,0.0,10.974
2026-03-01T22:05:00+00:00,0.0,10.91
2026-03-01T22:10:00+00:00,0.0,10.909
2026-03-01T22:15:00+00:00,0.0,10.869
2026-03-01T22:20:00+00:00,0.0,10.881
2026-03-01T22:25:00+00:00,0.0,10.892
2026-03-01T22:30:00+00:00,0.0,10.888
2026-03-01T22:35:00+00:00,0.0,10.855
2026-03-01T22:40:00+00:00,0.0,10.849
2026-03-01T22:45:00+00:00,0.0,10.947
2026-03-01T22:50:00+00:00,0.0,10.966
2026-03-01T22:55:00+00:00,0.0,10.976
2026-03-01T23:00:00+00:00,0.0,11.012
2026-03-01T23:05:00+00:00,0.0,11.006
2026-03-01T23:10:00+00:00,0.0,11.016
2026-03-01T23:15:00+00:00,0.0,11.022
2026-03-01T23:20:00+00:00,0.0,11.024
2026-03-01T23:25:00+00:00,0.0,10.975
2026-03-01T23:30:00+00:00,0.0,10.911
2026-03-01T23:35:00+00:00,0.0,10.891
2026-03-01T23:40:00+00:00,0.0,10.891
2026-03-01T23:45:00+00:00,0.0,10.886
2026-03-01T23:50:00+00:00,0.0,10.89
2026-03-01T23:55:00+00:00,0.0,10.894
2026-03-02T00:00:00+00:00,0.0,10.928
2026-03-02T00:05:00+00:00,0.0,10.909
2026-03-02T00:10:00+00:00,0.0,10.874
2026-03-02T00:15:00+00:00,0.0,10.841
2026-03-02T00:20:00+00:00,0.0,10.852
2026-03-02T00:25:00+00:00,0.0,10.856
2026-03-02T00:30:00+00:00,0.0,10.858
2026-03-02T00:35:00+00:00,0.0,10.818
2026-03-02T00:40:00+00:00,0.0,10.918
2026-03-02T00:45:00+00:00,0.0,10.93
2026-03-02T00:50:00+00:00,0.0,10.928
2026-03-02T00:55:00+00:00,0.0,10.933
2026-03-02T01:00:00+00:00,0.0,10.93
2026-03-02T01:05:00+00:00,0.0,10.928
2026-03-02T01:10:00+00:00,0.0,10.932
2026-03-02T01:15:00+00:00,0.0,10.926
2026-03-02T01:20:00+00:00,0.0,10.939
2026-03-02T01:25:00+00:00,0.0,10.96
2026-03-02T01:30:00+00:00,0.0,10.986
2026-03-02T01:35:00+00:00,0.0,10.996
2026-03-02T01:40:00+00:00,0.0,10.997
2026-03-02T01:45:00+00:00,0.0,11.009
2026-03-02T01:50:00+00:00,0.0,11.004
2026-03-02T01:55:00+00:00,0.0,11.0
2026-03-02T02:00:00+00:00,0.0,10.997
2026-03-02T02:05:00+00:00,0.0,10.932
2026-03-02T02:10:00+00:00,0.0,10.926
2026-03-02T02:15:00+00:00,0.0,10.928
2026-03-02T02:20:00+00:00,0.0,10.944
2026-03-02T02:25:00+00:00,0.0,10.961
2026-03-02T02:30:00+00:00,0.0,10.888
2026-03-02T02:35:00+00:00,0.0,10.888
2026-03-02T02:40:00+00:00,0.0,10.888
2026-03-02T02:45:00+00:00,0.0,10.903
2026-03-02T02:50:00+00:00,0.0,10.929
2026-03-02T02:55:00+00:00,0.0,10.938
2026-03-02T03:00:00+00:00,0.0,10.926
2026-03-02T03:05:00+00:00,0.0,10.927
2026-03-02T03:10:00+00:00,0.0,10.948
2026-03-02T03:15:00+00:00,0.0,10.948
2026-03-02T03:20:00+00:00,0.0,10.962
2026-03-02T03:25:00+00:00,0.0,10.966
2026-03-02T03:30:00+00:00,0.0,10.968
2026-03-02T03:35:00+00:00,0.0,10.978
2026-03-02T03:40:00+00:00,0.0,10.977
2026-03-02T03:45:00+00:00,0.0,10.968
2026-03-02T03:50:00+00:00,0.0,10.939
2026-03-02T03:55:00+00:00,0.0,10.95
2026-03-02T04:00:00+00:00,0.0,10.946
2026-03-02T04:05:00+00:00,0.0,10.932
2026-03-02T04:10:00+00:00,0.0,10.929
2026-03-02T04:15:00+00:00,0.0,10.926
2026-03-02T04:20:00+00:00,0.0,10.942
2026-03-02T04:25:00+00:00,0.0,10.954
2026-03-02T04:30:00+00:00,0.0,10.951
2026-03-02T04:35:00+00:00,0.0,10.936
2026-03-02T04:40:00+00:00,0.0,10.953
2026-03-02T04:45:00+00:00,0.0,10.972
2026-03-02T04:50:00+00:00,0.0,10.96
2026-03-02T04:55:00+00:00,0.0,10.962
2026-03-02T05:00:00+00:00,0.0,10.948
2026-03-02T05:05:00+00:00,0.0,10.946
2026-03-02T05:10:00+00:00,0.0,10.928
2026-03-02T05:15:00+00:00,0.0,10.916
2026-03-02T05:20:00+00:00,0.0,10.909
2026-03-02T05:25:00+00:00,0.0,10.92
2026-03-02T05:30:00+00:00,0.0,10.93
2026-03-02T05:35:00+00:00,0.0,10.95
2026-03-02T05:40:00+00:00,0.0,10.932
2026-03-02T05:45:00+00:00,0.0,10.912
2026-03-02T05:50:00+00:00,0.0,10.892
2026-03-02T05:55:00+00:00,0.0,10.882
2026-03-02T06:00:00+00:00,0.0,10.884
2026-03-02T06:05:00+00:00,0.0,10.852
2026-03-02T06:10:00+00:00,0.0,10.818
2026-03-02T06:15:00+00:00,0.0,10.916
2026-03-02T06:20:00+00:00,0.0,10.965
2026-03-02T06:25:00+00:00,0.0,10.95
2026-03-02T06:30:00+00:00,0.0,10.91
2026-03-02T06:35:00+00:00,0.0,10.903
2026-03-02T06:40:00+00:00,0.0,10.912
2026-03-02T06:45:00+00:00,0.0,10.911
2026-03-02T06:50:00+00:00,0.0,10.899
2026-03-02T06:55:00+00:00,0.0,10.878
2026-03-02T07:00:00+00:00,0.0,10.879
2026-03-02T07:05:00+00:00,0.0,10.873
2026-03-02T07:10:00+00:00,0.0,10.984
2026-03-02T07:15:00+00:00,0.0,10.898
2026-03-02T07:20:00+00:00,0.0,10.872
2026-03-02T07:25:00+00:00,0.0,10.877
2026-03-02T07:30:00+00:00,0.0,10.878
2026-03-02T07:35:00+00:00,0.0,10.863
2026-03-02T07:40:00+00:00,0.0,10.866
2026-03-02T07:45:00+00:00,0.0,10.879
2026-03-02T07:50:00+00:00,0.0,10.81
2026-03-02T07:55:00+00:00,0.0,10.875
2026-03-02T08:00:00+00:00,0.0,10.916
2026-03-02T08:05:00+00:00,0.0,10.937
2026-03-02T08:10:00+00:00,0.0,10.92
2026-03-02T08:15:00+00:00,0.0,10.928
2026-03-02T08:20:00+00:00,0.0,10.945
2026-03-02T08:25:00+00:00,0.0,10.939
2026-03-02T08:30:00+00:00,0.0,10.945
2026-03-02T08:35:00+00:00,0.0,10.927
2026-03-02T08:40:00+00:00,0.0,10.922
2026-03-02T08:45:00+00:00,0.0,10.93
2026-03-02T08:50:00+00:00,0.0,10.928
2026-03-02T08:55:00+00:00,0.0,10.95
2026-03-02T09:00:00+00:00,0.0,10.97
2026-03-02T09:05:00+00:00,0.0,10.966
2026-03-02T09:10:00+00:00,0.0,10.91
2026-03-02T09:15:00+00:00,0.0,10.901
2026-03-02T09:20:00+00:00,0.0,10.888
2026-03-02T09:25:00+00:00,0.0,10.884
2026-03-02T09:30:00+00:00,0.0,10.901
2026-03-02T09:35:00+00:00,0.0,10.866
2026-03-02T09:40:00+00:00,0.0,10.873
2026-03-02T09:45:00+00:00,0.0,10.934
2026-03-02T09:50:00+00:00,0.0,10.948
2026-03-02T09:55:00+00:00,0.0,10.945
2026-03-02T10:00:00+00:00,0.0,10.922
2026-03-02T10:05:00+00:00,0.0,10.926
2026-03-02T10:10:00+00:00,0.0,10.907
2026-03-02T10:15:00+00:00,0.0,10.912
2026-03-02T10:20:00+00:00,0.0,10.934
2026-03-02T10:25:00+00:00,0.0,10.954
2026-03-02T10:30:00+00:00,0.0,10.984
2026-03-02T10:35:00+00:00,0.0,10.912
2026-03-02T10:40:00+00:00,0.0,10.938
2026-03-02T10:45:00+00:00,0.0,10.936
2026-03-02T10:50:00+00:00,0.0,10.928
2026-03-02T10:55:00+00:00,0.0,10.944
2026-03-02T11:00:00+00:00,0.0,10.95
2026-03-02T11:05:00+00:00,0.0,10.917
2026-03-02T11:10:00+00:00,0.0,10.908
2026-03-02T11:15:00+00:00,0.0,10.933
2026-03-02T11:20:00+00:00,0.0,10.942
2026-03-02T11:25:00+00:00,0.0,10.939
2026-03-02T11:30:00+00:00,0.0,10.987
2026-03-02T11:35:00+00:00,0.0,10.964
2026-03-02T11:40:00+00:00,0.0,10.96
2026-03-02T11:45:00+00:00,0.0,10.948
2026-03-02T11:50:00+00:00,0.0,10.963
2026-03-02T11:55:00+00:00,0.0,10.971
2026-03-02T12:00:00+00:00,0.0,10.977
2026-03-02T12:05:00+00:00,0.0,10.97
2026-03-02T12:10:00+00:00,0.0,10.968
2026-03-02T12:15:00+00:00,0.0,10.976
2026-03-02T12:20:00+00:00,0.0,10.992
2026-03-02T12:25:00+00:00,0.0,10.987
2026-03-02T12:30:00+00:00,0.0,10.942
2026-03-02T12:35:00+00:00,0.0,10.911
2026-03-02T12:40:00+00:00,0.0,10.92
2026-03-02T12:45:00+00:00,0.0,10.924
2026-03-02T12:50:00+00:00,0.0,10.929
2026-03-02T12:55:00+00:00,0.0,10.946
2026-03-02T13:00:00+00:00,0.0,10.884
2026-03-02T13:05:00+00:00,0.0,10.843
2026-03-02T13:10:00+00:00,0.0,10.884
2026-03-02T13:15:00+00:00,0.0,10.888
2026-03-02T13:20:00+00:00,0.0,10.854
2026-03-02T13:25:00+00:00,0.0,10.982
2026-03-02T13:30:00+00:00,0.0,10.945
2026-03-02T13:35:00+00:00,0.0,10.937
2026-03-02T13:40:00+00:00,0.0,10.922
2026-03-02T13:45:00+00:00,0.0,10.91
2026-03-02T13:50:00+00:00,0.0,10.896
2026-03-02T13:55:00+00:00,0.0,10.89
2026-03-02T14:00:00+00:00,0.0,10.894
2026-03-02T14:05:00+00:00,0.0,10.922
2026-03-02T14:10:00+00:00,0.0,10.901
2026-03-02T14:15:00+00:00,0.0,10.892
2026-03-02T14:20:00+00:00,0.0,10.915
2026-03-02T14:25:00+00:00,0.0,10.924
2026-03-02T14:30:00+00:00,0.0,10.933
2026-03-02T14:35:00+00:00,0.0,10.933
2026-03-02T14:40:00+00:00,0.0,10.929
2026-03-02T14:45:00+00:00,0.0,10.918
2026-03-02T14:50:00+00:00,0.0,10.926
2026-03-02T14:55:00+00:00,0.0,10.939
2026-03-02T15:00:00+00:00,0.0,10.934
2026-03-02T15:05:00+00:00,0.0,10.928
2026-03-02T15:10:00+00:00,0.0,10.927
2026-03-02T15:15:00+00:00,0.0,10.926
2026-03-02T15:20:00+00:00,0.0,10.924
2026-03-02T15:25:00+00:00,0.0,10.925
2026-03-02T15:30:00+00:00,0.0,10.864
2026-03-02T15:35:00+00:00,0.0,10.866
2026-03-02T15:40:00+00:00,0.0,10.871
2026-03-02T15:45:00+00:00,0.0,10.848
2026-03-02T15:50:00+00:00,0.0,10.837
2026-03-02T15:55:00+00:00,0.0,10.858
2026-03-02T16:00:00+00:00,0.0,10.856
2026-03-02T16:05:00+00:00,0.0,10.843
2026-03-02T16:10:00+00:00,0.0,10.832
2026-03-02T16:15:00+00:00,0.0,10.832
2026-03-02T16:20:00+00:00,0.0,10.816
2026-03-02T16:25:00+00:00,0.0,10.856
2026-03-02T16:30:00+00:00,0.0,10.926
2026-03-02T16:35:00+00:00,0.0,10.907
2026-03-02T16:40:00+00:00,0.0,10.901
2026-03-02T16:45:00+00:00,0.0,10.926
2026-03-02T16:50:00+00:00,0.0,10.922
2026-03-02T16:55:00+00:00,0.0,10.938
2026-03-02T17:00:00+00:00,0.0,10.856
2026-03-02T17:05:00+00:00,0.0,10.948
2026-03-02T17:10:00+00:00,0.0,10.983
2026-03-02T17:15:00+00:00,0.0,10.864
2026-03-02T17:20:00+00:00,0.0,10.884
2026-03-02T17:25:00+00:00,0.0,10.862
2026-03-02T17:30:00+00:00,0.0,10.85
2026-03-02T17:35:00+00:00,0.0,10.974
2026-03-02T17:40:00+00:00,0.0,10.982
2026-03-02T17:45:00+00:00,0.0,10.982
2026-03-02T17:50:00+00:00,0.0,10.974
2026-03-02T17:55:00+00:00,0.0,10.995
2026-03-02T18:00:00+00:00,0.0,10.936
2026-03-02T18:05:00+00:00,0.0,10.918
2026-03-02T18:10:00+00:00,0.0,10.914
2026-03-02T18:15:00+00:00,0.0,10.895
2026-03-02T18:20:00+00:00,0.0,10.894
2026-03-02T18:25:00+00:00,0.0,10.911
2026-03-02T18:30:00+00:00,0.0,10.914
2026-03-02T18:35:00+00:00,0.0,10.94
2026-03-02T18:40:00+00:00,0.0,10.922
2026-03-02T18:45:00+00:00,0.0,10.88
2026-03-02T18:50:00+00:00,0.0,10.923
2026-03-02T18:55:00+00:00,0.0,10.932
2026-03-02T19:00:00+00:00,0.0,10.852
2026-03-02T19:05:00+00:00,0.0,10.913
2026-03-02T19:10:00+00:00,0.0,10.903
2026-03-02T19:15:00+00:00,0.0,10.896
2026-03-02T19:20:00+00:00,0.0,10.908
2026-03-02T19:25:00+00:00,0.0,10.916
2026-03-02T19:30:00+00:00,0.0,10.945
2026-03-02T19:35:00+00:00,0.0,10.942
2026-03-02T19:40:00+00:00,0.0,10.872
2026-03-02T19:45:00+00:00,0.0,10.907
2026-03-02T19:50:00+00:00,0.0,10.903
2026-03-02T19:55:00+00:00,0.0,10.909
2026-03-02T20:00:00+00:00,0.0,10.926
2026-03-02T20:05:00+00:00,0.0,10.934
2026-03-02T20:10:00+00:00,0.0,10.956
2026-03-02T20:15:00+00:00,0.0,10.938
2026-03-02T20:20:00+00:00,0.0,10.98
2026-03-02T20:25:00+00:00,0.0,10.98
2026-03-02T20:30:00+00:00,0.0,10.968
2026-03-02T20:35:00+00:00,0.0,10.946
2026-03-02T20:40:00+00:00,0.0,10.915
2026-03-02T20:45:00+00:00,0.0,10.895
2026-03-02T20:50:00+00:00,0.0,10.89
2026-03-02T20:55:00+00:00,0.0,10.898
2026-03-02T21:00:00+00:00,0.0,10.934
2026-03-02T21:05:00+00:00,0.0,10.954
2026-03-02T21:10:00+00:00,0.0,10.838
2026-03-02T21:15:00+00:00,0.0,10.85
2026-03-02T21:20:00+00:00,0.0,10.908
2026-03-02T21:25:00+00:00,0.0,10.946
2026-03-02T21:30:00+00:00,0.0,10.924
2026-03-02T21:35:00+00:00,0.0,10.901
2026-03-02T21:40:00+00:00,0.0,10.948
2026-03-02T21:45:00+00:00,0.0,10.964
2026-03-02T21:50:00+00:00,0.0,10.977
2026-03-02T21:55:00+00:00,0.0,10.989
2026-03-02T22:00:00+00:00,0.0,10.994
2026-03-02T22:05:00+00:00,0.0,11.006
2026-03-02T22:10:00+00:00,0.0,10.987
2026-03-02T22:15:00+00:00,0.0,10.989
2026-03-02T22:20:00+00:00,0.0,10.994
2026-03-02T22:25:00+00:00,0.0,11.007
2026-03-02T22:30:00+00:00,0.0,11.02
2026-03-02T22:35:00+00:00,0.0,10.886
2026-03-02T22:40:00+00:00,0.0,10.875
2026-03-02T22:45:00+00:00,0.0,10.898
2026-03-02T22:50:00+00:00,0.0,10.884
2026-03-02T22:55:00+00:00,0.0,10.902
2026-03-02T23:00:00+00:00,0.0,10.91
2026-03-02T23:05:00+00:00,0.0,10.841
2026-03-02T23:10:00+00:00,0.0,10.856
2026-03-02T23:15:00+00:00,0.0,10.826
2026-03-02T23:20:00+00:00,0.0,10.869
2026-03-02T23:25:00+00:00,0.0,10.988
2026-03-02T23:30:00+00:00,0.0,10.888
2026-03-02T23:35:00+00:00,0.0,10.886
2026-03-02T23:40:00+00:00,0.0,10.886
2026-03-02T23:45:00+00:00,0.0,10.89
2026-03-02T23:50:00+00:00,0.0,10.902
2026-03-02T23:55:00+00:00,0.0,10.89
2026-03-03T00:00:00+00:00,0.0,10.892
2026-03-03T00:05:00+00:00,0.0,10.872
2026-03-03T00:10:00+00:00,0.0,10.849
2026-03-03T00:15:00+00:00,0.0,10.835
2026-03-03T00:20:00+00:00,0.0,10.85
2026-03-03T00:25:00+00:00,0.0,10.86
2026-03-03T00:30:00+00:00,0.0,10.862
2026-03-03T00:35:00+00:00,0.0,10.832
2026-03-03T00:40:00+00:00,0.0,10.824
2026-03-03T00:45:00+00:00,0.0,10.826
2026-03-03T00:50:00+00:00,0.0,10.834
2026-03-03T00:55:00+00:00,0.0,10.83
2026-03-03T01:00:00+00:00,0.0,10.85
2026-03-03T01:05:00+00:00,0.0,10.836
2026-03-03T01:10:00+00:00,0.0,10.849
2026-03-03T01:15:00+00:00,0.0,10.86
2026-03-03T01:20:00+00:00,0.0,10.854
2026-03-03T01:25:00+00:00,0.0,10.85
2026-03-03T01:30:00+00:00,0.0,10.859
2026-03-03T01:35:00+00:00,0.0,10.854
2026-03-03T01:40:00+00:00,0.0,10.85
2026-03-03T01:45:00+00:00,0.0,10.869
2026-03-03T01:50:00+00:00,0.0,10.87
2026-03-03T01:55:00+00:00,0.0,10.88
2026-03-03T02:00:00+00:00,0.0,10.892
2026-03-03T02:05:00+00:00,0.0,10.882
2026-03-03T02:10:00+00:00,0.0,10.89
2026-03-03T02:15:00+00:00,0.0,10.907
2026-03-03T02:20:00+00:00,0.0,10.918
2026-03-03T02:25:00+00:00,0.0,10.913
2026-03-03T02:30:00+00:00,0.0,10.912
2026-03-03T02:35:00+00:00,0.0,10.929
2026-03-03T02:40:00+00:00,0.0,10.92
2026-03-03T02:45:00+00:00,0.0,10.909
2026-03-03T02:50:00+00:00,0.0,10.92
2026-03-03T02:55:00+00:00,0.0,10.936
2026-03-03T03:00:00+00:00,0.0,10.95
2026-03-03T03:05:00+00:00,0.0,10.93
2026-03-03T03:10:00+00:00,0.0,10.919
2026-03-03T03:15:00+00:00,0.0,10.93
2026-03-03T03:20:00+00:00,0.0,10.939
2026-03-03T03:25:00+00:00,0.0,10.936
2026-03-03T03:30:00+00:00,0.0,10.942
2026-03-03T03:35:00+00:00,0.0,10.957
2026-03-03T03:40:00+00:00,0.0,10.968
2026-03-03T03:45:00+00:00,0.0,10.912
2026-03-03T03:50:00+00:00,0.0,10.89
2026-03-03T03:55:00+00:00,0.0,10.891
2026-03-03T04:00:00+00:00,0.0,10.851
2026-03-03T04:05:00+00:00,0.0,10.823
2026-03-03T04:10:00+00:00,0.0,10.816
2026-03-03T04:15:00+00:00,0.0,10.808
2026-03-03T04:20:00+00:00,0.0,10.815
2026-03-03T04:25:00+00:00,0.0,10.828
2026-03-03T04:30:00+00:00,0.0,10.84
2026-03-03T04:35:00+00:00,0.0,10.839
2026-03-03T04:40:00+00:00,0.0,10.819
2026-03-03T04:45:00+00:00,0.0,10.826
2026-03-03T04:50:00+00:00,0.0,10.832
2026-03-03T04:55:00+00:00,0.0,10.84
2026-03-03T05:00:00+00:00,0.0,10.866
2026-03-03T05:05:00+00:00,0.0,10.887
2026-03-03T05:10:00+00:00,0.0,10.89
2026-03-03T05:15:00+00:00,0.0,10.869
2026-03-03T05:20:00+00:00,0.0,10.874
2026-03-03T05:25:00+00:00,0.0,10.868
2026-03-03T05:30:00+00:00,0.0,10.875
2026-03-03T05:35:00+00:00,0.0,10.862
2026-03-03T05:40:00+00:00,0.0,10.864
2026-03-03T05:45:00+00:00,0.0,10.85
2026-03-03T05:50:00+00:00,0.0,10.838
2026-03-03T05:55:00+00:00,0.0,10.806
2026-03-03T06:00:00+00:00,0.0,10.924
2026-03-03T06:05:00+00:00,0.0,10.907
2026-03-03T06:10:00+00:00,0.0,10.95
2026-03-03T06:15:00+00:00,0.0,10.873
2026-03-03T06:20:00+00:00,0.0,10.895
2026-03-03T06:25:00+00:00,0.0,10.89
2026-03-03T06:30:00+00:00,0.0,10.87
2026-03-03T06:35:00+00:00,0.0,10.868
2026-03-03T06:40:00+00:00,0.0,10.83
2026-03-03T06:45:00+00:00,0.0,10.882
2026-03-03T06:50:00+00:00,0.0,10.86
2026-03-03T06:55:00+00:00,0.0,10.831
2026-03-03T07:00:00+00:00,0.0,10.823
2026-03-03T07:05:00+00:00,0.0,10.811
2026-03-03T07:10:00+00:00,0.0,10.869
2026-03-03T07:15:00+00:00,0.0,10.908
2026-03-03T07:20:00+00:00,0.0,10.88
2026-03-03T07:25:00+00:00,0.0,10.886
2026-03-03T07:30:00+00:00,0.0,11.0
2026-03-03T07:35:00+00:00,0.0,10.895
2026-03-03T07:40:00+00:00,0.0,10.911
2026-03-03T07:45:00+00:00,0.0,10.84
2026-03-03T07:50:00+00:00,0.0,10.88
2026-03-03T07:55:00+00:00,0.0,10.864
2026-03-03T08:00:00+00:00,0.0,10.934
2026-03-03T08:05:00+00:00,0.0,10.839
2026-03-03T08:10:00+00:00,0.0,10.907
2026-03-03T08:15:00+00:00,0.0,10.943
2026-03-03T08:20:00+00:00,0.0,10.958
2026-03-03T08:25:00+00:00,0.0,10.975
2026-03-03T08:30:00+00:00,0.0,11.006
2026-03-03T08:35:00+00:00,0.0,10.968
2026-03-03T08:40:00+00:00,0.0,10.92
2026-03-03T08:45:00+00:00,0.0,10.888
2026-03-03T08:50:00+00:00,0.0,10.895
2026-03-03T08:55:00+00:00,0.0,10.916
2026-03-03T09:00:00+00:00,0.0,10.916
2026-03-03T09:05:00+00:00,0.0,10.918
2026-03-03T09:10:00+00:00,0.0,10.924
2026-03-03T09:15:00+00:00,0.0,10.892
2026-03-03T09:20:00+00:00,0.0,10.866
2026-03-03T09:25:00+00:00,0.0,10.9
2026-03-03T09:30:00+00:00,0.0,10.924
2026-03-03T09:35:00+00:00,0.0,10.926
2026-03-03T09:40:00+00:00,0.0,10.922
2026-03-03T09:45:00+00:00,0.0,10.916
2026-03-03T09:50:00+00:00,0.0,10.916
2026-03-03T09:55:00+00:00,0.0,10.888
2026-03-03T10:00:00+00:00,0.0,10.951
2026-03-03T10:05:00+00:00,0.0,10.882
2026-03-03T10:10:00+00:00,0.0,10.852
2026-03-03T10:15:00+00:00,0.0,10.827
2026-03-03T10:20:00+00:00,0.0,10.812
2026-03-03T10:25:00+00:00,0.0,10.822
2026-03-03T10:30:00+00:00,0.0,10.837
2026-03-03T10:35:00+00:00,0.0,10.828
2026-03-03T10:40:00+00:00,0.0,10.834
2026-03-03T10:45:00+00:00,0.0,10.826
2026-03-03T10:50:00+00:00,0.0,10.82
2026-03-03T10:55:00+00:00,0.0,10.834
2026-03-03T11:00:00+00:00,0.0,10.84
2026-03-03T11:05:00+00:00,0.0,10.824
2026-03-03T11:10:00+00:00,0.0,10.827
2026-03-03T11:15:00+00:00,0.0,10.837
2026-03-03T11:20:00+00:00,0.0,10.84
2026-03-03T11:25:00+00:00,0.0,10.845
2026-03-03T11:30:00+00:00,0.0,10.862
2026-03-03T11:35:00+00:00,0.0,10.891
2026-03-03T11:40:00+00:00,0.0,10.902
2026-03-03T11:45:00+00:00,0.0,10.9
2026-03-03T11:50:00+00:00,0.0,10.893
2026-03-03T11:55:00+00:00,0.0,10.888
2026-03-03T12:00:00+00:00,0.0,10.906
2026-03-03T12:05:00+00:00,0.0,10.9
2026-03-03T12:10:00+00:00,0.0,10.902
2026-03-03T12:15:00+00:00,0.0,10.901
2026-03-03T12:20:00+00:00,0.0,10.896
2026-03-03T12:25:00+00:00,0.0,10.904
2026-03-03T12:30:00+00:00,0.0,10.911
2026-03-03T12:35:00+00:00,0.0,10.937
2026-03-03T12:40:00+00:00,0.0,10.944
2026-03-03T12:45:00+00:00,0.0,10.936
2026-03-03T12:50:00+00:00,0.0,10.928
2026-03-03T12:55:00+00:00,0.0,10.94
2026-03-03T13:00:00+00:00,0.0,10.964
2026-03-03T13:05:00+00:00,0.0,10.922
2026-03-03T13:10:00+00:00,0.0,10.92
2026-03-03T13:15:00+00:00,0.0,10.934
2026-03-03T13:20:00+00:00,0.0,10.939
2026-03-03T13:25:00+00:00,0.0,10.95
2026-03-03T13:30:00+00:00,0.0,10.968
2026-03-03T13:35:00+00:00,0.0,10.968
2026-03-03T13:40:00+00:00,0.0,10.947
2026-03-03T13:45:00+00:00,0.0,10.942
2026-03-03T13:50:00+00:00,0.0,10.926
2026-03-03T13:55:00+00:00,0.0,10.944
2026-03-03T14:00:00+00:00,0.0,10.954
2026-03-03T14:05:00+00:00,0.0,10.977
2026-03-03T14:10:00+00:00,0.0,10.862
2026-03-03T14:15:00+00:00,0.0,10.817
2026-03-03T14:20:00+00:00,0.0,10.811
2026-03-03T14:25:00+00:00,0.0,10.818
2026-03-03T14:30:00+00:00,0.0,10.856
2026-03-03T14:35:00+00:00,0.0,10.828
2026-03-03T14:40:00+00:00,0.0,10.826
2026-03-03T14:45:00+00:00,0.0,10.835
2026-03-03T14:50:00+00:00,0.0,10.844
2026-03-03T14:55:00+00:00,0.0,10.848
2026-03-03T15:00:00+00:00,0.0,10.842
2026-03-03T15:05:00+00:00,0.0,10.864
2026-03-03T15:10:00+00:00,0.0,10.863
2026-03-03T15:15:00+00:00,0.0,10.862
2026-03-03T15:20:00+00:00,0.0,10.851
2026-03-03T15:25:00+00:00,0.0,10.849
2026-03-03T15:30:00+00:00,0.0,10.836
2026-03-03T15:35:00+00:00,0.0,10.811
2026-03-03T15:40:00+00:00,0.0,10.811
2026-03-03T15:45:00+00:00,0.0,10.804
2026-03-03T15:50:00+00:00,0.0,10.803
2026-03-03T15:55:00+00:00,0.0,10.802
2026-03-03T16:00:00+00:00,0.0,10.804
2026-03-03T16:05:00+00:00,0.0,10.804
2026-03-03T16:10:00+00:00,0.0,10.85
2026-03-03T16:15:00+00:00,0.0,10.92
2026-03-03T16:20:00+00:00,0.0,10.91
2026-03-03T16:25:00+00:00,0.0,10.908
2026-03-03T16:30:00+00:00,0.0,10.914
2026-03-03T16:35:00+00:00,0.0,10.914
2026-03-03T16:40:00+00:00,0.0,10.898
2026-03-03T16:45:00+00:00,0.0,10.886
2026-03-03T16:50:00+00:00,0.0,10.92
2026-03-03T16:55:00+00:00,0.0,10.954
2026-03-03T17:00:00+00:00,0.0,10.922
2026-03-03T17:05:00+00:00,0.0,10.938
2026-03-03T17:10:00+00:00,0.0,10.869
2026-03-03T17:15:00+00:00,0.0,10.864
2026-03-03T17:20:00+00:00,0.0,10.846
2026-03-03T17:25:00+00:00,0.0,10.837
2026-03-03T17:30:00+00:00,0.0,10.824
2026-03-03T17:35:00+00:00,0.0,10.846
2026-03-03T17:40:00+00:00,0.0,10.824
2026-03-03T17:45:00+00:00,0.0,10.806
2026-03-03T17:50:00+00:00,0.0,10.808
2026-03-03T17:55:00+00:00,0.0,10.807
2026-03-03T18:00:00+00:00,0.0,10.812
2026-03-03T18:05:00+00:00,0.0,10.832
2026-03-03T18:10:00+00:00,0.0,10.899
2026-03-03T18:15:00+00:00,0.0,10.914
2026-03-03T18:20:00+00:00,0.0,10.928
2026-03-03T18:25:00+00:00,0.0,10.946
2026-03-03T18:30:00+00:00,0.0,10.987
2026-03-03T18:35:00+00:00,0.0,10.988
2026-03-03T18:40:00+00:00,0.0,10.987
2026-03-03T18:45:00+00:00,0.0,10.999
2026-03-03T18:50:00+00:00,0.0,10.997
2026-03-03T18:55:00+00:00,0.0,10.982
2026-03-03T19:00:00+00:00,0.0,10.998
2026-03-03T19:05:00+00:00,0.0,10.958
2026-03-03T19:10:00+00:00,0.0,10.956
2026-03-03T19:15:00+00:00,0.0,10.943
2026-03-03T19:20:00+00:00,0.0,10.933
2026-03-03T19:25:00+00:00,0.0,10.926
2026-03-03T19:30:00+00:00,0.0,10.925
2026-03-03T19:35:00+00:00,0.0,10.962
2026-03-03T19:40:00+00:00,0.0,10.994
2026-03-03T19:45:00+00:00,0.0,11.0
2026-03-03T19:50:00+00:00,0.0,11.01
2026-03-03T19:55:00+00:00,0.0,11.019
2026-03-03T20:00:00+00:00,0.0,10.956
2026-03-03T20:05:00+00:00,0.0,10.948
2026-03-03T20:10:00+00:00,0.0,10.95
2026-03-03T20:15:00+00:00,0.0,10.923
2026-03-03T20:20:00+00:00,0.0,10.924
2026-03-03T20:25:00+00:00,0.0,10.928
2026-03-03T20:30:00+00:00,0.0,10.934
2026-03-03T20:35:00+00:00,0.0,10.95
2026-03-03T20:40:00+00:00,0.0,10.952
2026-03-03T20:45:00+00:00,0.0,10.95
2026-03-03T20:50:00+00:00,0.0,10.888
2026-03-03T20:55:00+00:00,0.0,10.874
2026-03-03T21:00:00+00:00,0.0,10.84
2026-03-03T21:05:00+00:00,0.0,10.841
2026-03-03T21:10:00+00:00,0.0,10.845
2026-03-03T21:15:00+00:00,0.0,10.868
2026-03-03T21:20:00+00:00,0.0,10.876
2026-03-03T21:25:00+00:00,0.0,10.842
2026-03-03T21:30:00+00:00,0.0,10.84
2026-03-03T21:35:00+00:00,0.0,10.876
2026-03-03T21:40:00+00:00,0.0,10.886
2026-03-03T21:45:00+00:00,0.0,10.888
2026-03-03T21:50:00+00:00,0.0,10.894
2026-03-03T21:55:00+00:00,0.0,10.859
2026-03-03T22:00:00+00:00,0.0,10.84
2026-03-03T22:05:00+00:00,0.0,10.85
2026-03-03T22:10:00+00:00,0.0,10.852
2026-03-03T22:15:00+00:00,0.0,10.849
2026-03-03T22:20:00+00:00,0.0,10.851
2026-03-03T22:25:00+00:00,0.0,10.864
2026-03-03T22:30:00+00:00,0.0,10.9
2026-03-03T22:35:00+00:00,0.0,10.916
2026-03-03T22:40:00+00:00,0.0,10.942
2026-03-03T22:45:00+00:00,0.0,10.944
2026-03-03T22:50:00+00:00,0.0,10.952
2026-03-03T22:55:00+00:00,0.0,10.908
2026-03-03T23:00:00+00:00,0.0,10.859
2026-03-03T23:05:00+00:00,0.0,10.852
2026-03-03T23:10:00+00:00,0.0,10.837
2026-03-03T23:15:00+00:00,0.0,10.834
2026-03-03T23:20:00+00:00,0.0,10.94
2026-03-03T23:25:00+00:00,0.0,10.952
2026-03-03T23:30:00+00:00,0.0,10.956
2026-03-03T23:35:00+00:00,0.0,10.948
2026-03-03T23:40:00+00:00,0.0,10.95
2026-03-03T23:45:00+00:00,0.0,10.958
2026-03-03T23:50:00+00:00,0.0,10.966
2026-03-03T23:55:00+00:00,0.0,10.956
2026-03-04T00:00:00+00:00,0.0,10.968
2026-03-04T00:05:00+00:00,0.0,10.946
2026-03-04T00:10:00+00:00,0.0,10.906
2026-03-04T00:15:00+00:00,0.0,10.893
2026-03-04T00:20:00+00:00,0.0,10.905
2026-03-04T00:25:00+00:00,0.0,10.89
2026-03-04T00:30:00+00:00,0.0,10.892
2026-03-04T00:35:00+00:00,0.0,10.94
2026-03-04T00:40:00+00:00,0.0,10.998
2026-03-04T00:45:00+00:00,0.0,10.99
2026-03-04T00:50:00+00:00,0.0,11.005
2026-03-04T00:55:00+00:00,0.0,11.004
2026-03-04T01:00:00+00:00,0.0,11.017
2026-03-04T01:05:00+00:00,0.0,11.012
2026-03-04T01:10:00+00:00,0.0,11.014
2026-03-04T01:15:00+00:00,0.0,10.993
2026-03-04T01:20:00+00:00,0.0,10.948
2026-03-04T01:25:00+00:00,0.0,10.916
2026-03-04T01:30:00+00:00,0.0,10.88
2026-03-04T01:35:00+00:00,0.0,10.869
2026-03-04T01:40:00+00:00,0.0,10.884
2026-03-04T01:45:00+00:00,0.0,10.89
2026-03-04T01:50:00+00:00,0.0,10.892
2026-03-04T01:55:00+00:00,0.0,10.912
2026-03-04T02:00:00+00:00,0.0,10.924
2026-03-04T02:05:00+00:00,0.0,10.912
2026-03-04T02:10:00+00:00,0.0,10.919
2026-03-04T02:15:00+00:00,0.0,10.919
2026-03-04T02:20:00+00:00,0.0,10.928
2026-03-04T02:25:00+00:00,0.0,10.931
2026-03-04T02:30:00+00:00,0.0,10.939
2026-03-04T02:35:00+00:00,0.0,10.932
2026-03-04T02:40:00+00:00,0.0,10.933
2026-03-04T02:45:00+00:00,0.0,10.936
2026-03-04T02:50:00+00:00,0.0,10.95
2026-03-04T02:55:00+00:00,0.0,10.968
2026-03-04T03:00:00+00:00,0.0,10.972
2026-03-04T03:05:00+00:00,0.0,10.955
2026-03-04T03:10:00+00:00,0.0,10.958
2026-03-04T03:15:00+00:00,0.0,10.952
2026-03-04T03:20:00+00:00,0.0,10.892
2026-03-04T03:25:00+00:00,0.0,10.889
2026-03-04T03:30:00+00:00,0.0,10.846
2026-03-04T03:35:00+00:00,0.0,10.811
2026-03-04T03:40:00+00:00,0.0,10.912
2026-03-04T03:45:00+00:00,0.0,10.952
2026-03-04T03:50:00+00:00,0.0,10.964
2026-03-04T03:55:00+00:00,0.0,10.975
2026-03-04T04:00:00+00:00,0.0,10.988
2026-03-04T04:05:00+00:00,0.0,10.989
2026-03-04T04:10:00+00:00,0.0,11.004
2026-03-04T04:15:00+00:00,0.0,11.008
2026-03-04T04:20:00+00:00,0.0,11.012
2026-03-04T04:25:00+00:00,0.0,10.97
2026-03-04T04:30:00+00:00,0.0,10.937
2026-03-04T04:35:00+00:00,0.0,10.906
2026-03-04T04:40:00+00:00,0.0,10.894
2026-03-04T04:45:00+00:00,0.0,10.904
2026-03-04T04:50:00+00:00,0.0,10.896
2026-03-04T04:55:00+00:00,0.0,10.908
2026-03-04T05:00:00+00:00,0.0,10.929
2026-03-04T05:05:00+00:00,0.0,10.942
2026-03-04T05:10:00+00:00,0.0,10.934
2026-03-04T05:15:00+00:00,0.0,10.945
2026-03-04T05:20:00+00:00,0.0,10.946
2026-03-04T05:25:00+00:00,0.0,10.947
2026-03-04T05:30:00+00:00,0.0,10.952
2026-03-04T05:35:00+00:00,0.0,10.907
2026-03-04T05:40:00+00:00,0.0,10.864
2026-03-04T05:45:00+00:00,0.0,10.862
2026-03-04T05:50:00+00:00,0.0,10.853
2026-03-04T05:55:00+00:00,0.0,10.819
2026-03-04T06:00:00+00:00,0.0,10.831
2026-03-04T06:05:00+00:00,0.0,10.812
2026-03-04T06:10:00+00:00,0.0,10.923
2026-03-04T06:15:00+00:00,0.0,10.916
2026-03-04T06:20:00+00:00,0.0,10.902
2026-03-04T06:25:00+00:00,0.0,10.928
2026-03-04T06:30:00+00:00,0.0,10.938
2026-03-04T06:35:00+00:00,0.0,10.87
2026-03-04T06:40:00+00:00,0.0,10.852
2026-03-04T06:45:00+00:00,0.0,10.834
2026-03-04T06:50:00+00:00,0.0,10.825
2026-03-04T06:55:00+00:00,0.0,10.822
2026-03-04T07:00:00+00:00,0.0,10.842
2026-03-04T07:05:00+00:00,0.0,10.818
2026-03-04T07:10:00+00:00,0.0,10.947
2026-03-04T07:15:00+00:00,0.0,10.832
2026-03-04T07:20:00+00:00,0.0,10.81
2026-03-04T07:25:00+00:00,0.0,10.81
2026-03-04T07:30:00+00:00,0.0,10.914
2026-03-04T07:35:00+00:00,0.0,10.964
2026-03-04T07:40:00+00:00,0.0,10.969
2026-03-04T07:45:00+00:00,0.0,10.974
2026-03-04T07:50:00+00:00,0.0,10.962
2026-03-04T07:55:00+00:00,0.0,10.955
2026-03-04T08:00:00+00:00,0.0,10.958
2026-03-04T08:05:00+00:00,0.0,10.964
2026-03-04T08:10:00+00:00,0.0,10.978
2026-03-04T08:15:00+00:00,0.0,10.942
2026-03-04T08:20:00+00:00,0.0,10.87
2026-03-04T08:25:00+00:00,0.0,10.884
2026-03-04T08:30:00+00:00,0.0,10.897
2026-03-04T08:35:00+00:00,0.0,10.914
2026-03-04T08:40:00+00:00,0.0,10.92
2026-03-04T08:45:00+00:00,0.0,10.923
2026-03-04T08:50:00+00:00,0.0,10.913
2026-03-04T08:55:00+00:00,0.0,10.916
2026-03-04T09:00:00+00:00,0.0,10.836
2026-03-04T09:05:00+00:00,0.0,10.898
2026-03-04T09:10:00+00:00,0.0,10.894
2026-03-04T09:15:00+00:00,0.0,10.904
2026-03-04T09:20:00+00:00,0.0,10.9
2026-03-04T09:25:00+00:00,0.0,10.919
2026-03-04T09:30:00+00:00,0.0,10.932
2026-03-04T09:35:00+00:00,0.0,10.948
2026-03-04T09:40:00+00:00,0.0,10.953
2026-03-04T09:45:00+00:00,0.0,10.968
2026-03-04T09:50:00+00:00,0.0,10.952
2026-03-04T09:55:00+00:00,0.0,10.939
2026-03-04T10:00:00+00:00,0.0,10.94
2026-03-04T10:05:00+00:00,0.0,10.923
2026-03-04T10:10:00+00:00,0.0,10.92
2026-03-04T10:15:00+00:00,0.0,10.932
2026-03-04T10:20:00+00:00,0.0,10.946
2026-03-04T10:25:00+00:00,0.0,10.95
2026-03-04T10:30:00+00:00,0.0,10.969
2026-03-04T10:35:00+00:00,0.0,10.964
2026-03-04T10:40:00+00:00,0.0,10.971
2026-03-04T10:45:00+00:00,0.0,10.964
2026-03-04T10:50:00+00:00,0.0,10.968
2026-03-04T10:55:00+00:00,0.0,10.979
2026-03-04T11:00:00+00:00,0.0,10.988
2026-03-04T11:05:00+00:00,0.0,10.978
2026-03-04T11:10:00+00:00,0.0,10.939
2026-03-04T11:15:00+00:00,0.0,10.948
2026-03-04T11:20:00+00:00,0.0,10.962
2026-03-04T11:25:00+00:00,0.0,10.971
2026-03-04T11:30:00+00:00,0.0,10.998
2026-03-04T11:35:00+00:00,0.0,10.997
2026-03-04T11:40:00+00:00,0.0,10.95
2026-03-04T11:45:00+00:00,0.0,10.924
2026-03-04T11:50:00+00:00,0.0,10.908
2026-03-04T11:55:00+00:00,0.0,10.906
2026-03-04T12:00:00+00:00,0.0,10.907
2026-03-04T12:05:00+00:00,0.0,10.88
2026-03-04T12:10:00+00:00,0.0,10.878
2026-03-04T12:15:00+00:00,0.0,10.888
2026-03-04T12:20:00+00:00,0.0,10.894
2026-03-04T12:25:00+00:00,0.0,10.906
2026-03-04T12:30:00+00:00,0.0,10.916
2026-03-04T12:35:00+00:00,0.0,10.914
2026-03-04T12:40:00+00:00,0.0,10.914
2026-03-04T12:45:00+00:00,0.0,10.922
2026-03-04T12:50:00+00:00,0.0,10.926
2026-03-04T12:55:00+00:00,0.0,10.932
2026-03-04T13:00:00+00:00,0.0,10.876
2026-03-04T13:05:00+00:00,0.0,10.894
2026-03-04T13:10:00+00:00,0.0,10.901
2026-03-04T13:15:00+00:00,0.0,10.866
2026-03-04T13:20:00+00:00,0.0,10.863
2026-03-04T13:25:00+00:00,0.0,10.878
2026-03-04T13:30:00+00:00,0.0,10.869
2026-03-04T13:35:00+00:00,0.0,10.866
2026-03-04T13:40:00+00:00,0.0,10.883
2026-03-04T13:45:00+00:00,0.0,10.9
2026-03-04T13:50:00+00:00,0.0,10.908
2026-03-04T13:55:00+00:00,0.0,10.912
2026-03-04T14:00:00+00:00,0.0,10.925
2026-03-04T14:05:00+00:00,0.0,10.884
2026-03-04T14:10:00+00:00,0.0,10.87
2026-03-04T14:15:00+00:00,0.0,10.87
2026-03-04T14:20:00+00:00,0.0,10.883
2026-03-04T14:25:00+00:00,0.0,10.886
2026-03-04T14:30:00+00:00,0.0,10.894
2026-03-04T14:35:00+00:00,0.0,10.882
2026-03-04T14:40:00+00:00,0.0,10.849
2026-03-04T14:45:00+00:00,0.0,10.847
2026-03-04T14:50:00+00:00,0.0,10.822
2026-03-04T14:55:00+00:00,0.0,10.826
2026-03-04T15:00:00+00:00,0.0,10.832
2026-03-04T15:05:00+00:00,0.0,10.816
2026-03-04T15:10:00+00:00,0.0,10.807
2026-03-04T15:15:00+00:00,0.0,10.808
2026-03-04T15:20:00+00:00,0.0,10.806
2026-03-04T15:25:00+00:00,0.0,10.806
2026-03-04T15:30:00+00:00,0.0,10.798
2026-03-04T15:35:00+00:00,0.0,10.933
2026-03-04T15:40:00+00:00,0.0,10.928
2026-03-04T15:45:00+00:00,0.0,10.913
2026-03-04T15:50:00+00:00,0.0,10.939
2026-03-04T15:55:00+00:00,0.0,10.869
2026-03-04T16:00:00+00:00,0.0,10.872
2026-03-04T16:05:00+00:00,0.0,10.874
2026-03-04T16:10:00+00:00,0.0,10.868
2026-03-04T16:15:00+00:00,0.0,10.886
2026-03-04T16:20:00+00:00,0.0,10.899
2026-03-04T16:25:00+00:00,0.0,10.925
2026-03-04T16:30:00+00:00,0.0,10.91
2026-03-04T16:35:00+00:00,0.0,10.887
2026-03-04T16:40:00+00:00,0.0,10.91
2026-03-04T16:45:00+00:00,0.0,10.904
2026-03-04T16:50:00+00:00,0.0,10.91
2026-03-04T16:55:00+00:00,0.0,10.932
2026-03-04T17:00:00+00:00,0.0,10.916
2026-03-04T17:05:00+00:00,0.0,10.92
2026-03-04T17:10:00+00:00,0.0,10.908
2026-03-04T17:15:00+00:00,0.0,10.892
2026-03-04T17:20:00+00:00,0.0,10.88
2026-03-04T17:25:00+00:00,0.0,10.87
2026-03-04T17:30:00+00:00,0.0,10.872
2026-03-04T17:35:00+00:00,0.0,10.867
2026-03-04T17:40:00+00:00,0.0,10.842
2026-03-04T17:45:00+00:00,0.0,10.832
2026-03-04T17:50:00+00:00,0.0,10.84
2026-03-04T17:55:00+00:00,0.0,10.853
2026-03-04T18:00:00+00:00,0.0,10.856
2026-03-04T18:05:00+00:00,0.0,10.845
2026-03-04T18:10:00+00:00,0.0,10.852
2026-03-04T18:15:00+00:00,0.0,10.848
2026-03-04T18:20:00+00:00,0.0,10.848
2026-03-04T18:25:00+00:00,0.0,10.839
2026-03-04T18:30:00+00:00,0.0,10.842
2026-03-04T18:35:00+00:00,0.0,10.828
2026-03-04T18:40:00+00:00,0.0,10.814
2026-03-04T18:45:00+00:00,0.0,10.854
2026-03-04T18:50:00+00:00,0.0,10.876
2026-03-04T18:55:00+00:00,0.0,10.893
2026-03-04T19:00:00+00:00,0.0,10.909
2026-03-04T19:05:00+00:00,0.0,10.898
2026-03-04T19:10:00+00:00,0.0,10.889
2026-03-04T19:15:00+00:00,0.0,10.911
2026-03-04T19:20:00+00:00,0.0,10.945
2026-03-04T19:25:00+00:00,0.0,10.95
2026-03-04T19:30:00+00:00,0.0,10.876
2026-03-04T19:35:00+00:00,0.0,10.91
2026-03-04T19:40:00+00:00,0.0,10.922
2026-03-04T19:45:00+00:00,0.0,10.916
2026-03-04T19:50:00+00:00,0.0,10.942
2026-03-04T19:55:00+00:00,0.0,10.954
2026-03-04T20:00:00+00:00,0.0,10.966
2026-03-04T20:05:00+00:00,0.0,10.913
2026-03-04T20:10:00+00:00,0.0,10.906
2026-03-04T20:15:00+00:00,0.0,10.926
2026-03-04T20:20:00+00:00,0.0,10.937
2026-03-04T20:25:00+00:00,0.0,10.955
2026-03-04T20:30:00+00:00,0.0,10.954
2026-03-04T20:35:00+00:00,0.0,10.944
2026-03-04T20:40:00+00:00,0.0,10.952
2026-03-04T20:45:00+00:00,0.0,10.956
2026-03-04T20:50:00+00:00,0.0,10.96
2026-03-04T20:55:00+00:00,0.0,10.971
2026-03-04T21:00:00+00:00,0.0,11.002
2026-03-04T21:05:00+00:00,0.0,11.007
2026-03-04T21:10:00+00:00,0.0,11.005
2026-03-04T21:15:00+00:00,0.0,10.886
2026-03-04T21:20:00+00:00,0.0,10.898
2026-03-04T21:25:00+00:00,0.0,10.908
2026-03-04T21:30:00+00:00,0.0,10.91
2026-03-04T21:35:00+00:00,0.0,10.915
2026-03-04T21:40:00+00:00,0.0,10.92
2026-03-04T21:45:00+00:00,0.0,10.895
2026-03-04T21:50:00+00:00,0.0,10.82
2026-03-04T21:55:00+00:00,0.0,10.837
2026-03-04T22:00:00+00:00,0.0,10.853
2026-03-04T22:05:00+00:00,0.0,10.869
2026-03-04T22:10:00+00:00,0.0,10.853
2026-03-04T22:15:00+00:00,0.0,10.862
2026-03-04T22:20:00+00:00,0.0,10.868
2026-03-04T22:25:00+00:00,0.0,10.884
2026-03-04T22:30:00+00:00,0.0,10.892
2026-03-04T22:35:00+00:00,0.0,10.883
2026-03-04T22:40:00+00:00,0.0,10.872
2026-03-04T22:45:00+00:00,0.0,10.886
2026-03-04T22:50:00+00:00,0.0,10.89
2026-03-04T22:55:00+00:00,0.0,10.892
2026-03-04T23:00:00+00:00,0.0,10.832
2026-03-04T23:05:00+00:00,0.0,10.901
2026-03-04T23:10:00+00:00,0.0,10.953
2026-03-04T23:15:00+00:00,0.0,10.977
2026-03-04T23:20:00+00:00,0.0,10.988
2026-03-04T23:25:00+00:00,0.0,10.987
2026-03-04T23:30:00+00:00,0.0,10.997
2026-03-04T23:35:00+00:00,0.0,10.973
2026-03-04T23:40:00+00:00,0.0,10.913
2026-03-04T23:45:00+00:00,0.0,10.964
2026-03-04T23:50:00+00:00,0.0,10.91
2026-03-04T23:55:00+00:00,0.0,10.909
2026-03-05T00:00:00+00:00,0.0,10.91
