ValueDate,Volts
2026-02-26T00:05:00+00:00,32.998
2026-02-26T00:10:00+00:00,32.915
2026-02-26T00:15:00+00:00,32.891
2026-02-26T00:20:00+00:00,32.872
2026-02-26T00:25:00+00:00,32.916
2026-02-26T00:30:00+00:00,32.99
2026-02-26T00:35:00+00:00,32.834
2026-02-26T00:40:00+00:00,32.73
2026-02-26T00:45:00+00:00,32.724
2026-02-26T00:50:00+00:00,32.7
2026-02-26T00:55:00+00:00,32.7
2026-02-26T01:00:00+00:00,32.736
2026-02-26T01:05:00+00:00,32.708
2026-02-26T01:10:00+00:00,32.728
2026-02-26T01:15:00+00:00,32.761
2026-02-26T01:20:00+00:00,32.781
2026-02-26T01:25:00+00:00,32.79
2026-02-26T01:30:00+00:00,32.816
2026-02-26T01:35:00+00:00,32.794
2026-02-26T01:40:00+00:00,32.783
2026-02-26T01:45:00+00:00,32.795
2026-02-26T01:50:00+00:00,32.828
2026-02-26T01:55:00+00:00,32.87
2026-02-26T02:00:00+00:00,32.987
2026-02-26T02:05:00+00:00,32.97
2026-02-26T02:10:00+00:00,32.979
2026-02-26T02:15:00+00:00,33.028
2026-02-26T02:20:00+00:00,33.024
2026-02-26T02:25:00+00:00,33.076
2026-02-26T02:30:00+00:00,33.064
2026-02-26T02:35:00+00:00,33.035
2026-02-26T02:40:00+00:00,33.061
2026-02-26T02:45:00+00:00,33.091
2026-02-26T02:50:00+00:00,33.141
2026-02-26T02:55:00+00:00,33.194
2026-02-26T03:00:00+00:00,33.193
2026-02-26T03:05:00+00:00,33.14
2026-02-26T03:10:00+00:00,33.085
2026-02-26T03:15:00+00:00,33.148
2026-02-26T03:20:00+00:00,33.165
2026-02-26T03:25:00+00:00,33.21
2026-02-26T03:30:00+00:00,33.224
2026-02-26T03:35:00+00:00,33.204
2026-02-26T03:40:00+00:00,33.207
2026-02-26T03:45:00+00:00,33.222
2026-02-26T03:50:00+00:00,33.248
2026-02-26T03:55:00+00:00,33.074
2026-02-26T04:00:00+00:00,32.888
2026-02-26T04:05:00+00:00,32.685
2026-02-26T04:10:00+00:00,32.659
2026-02-26T04:15:00+00:00,32.653
2026-02-26T04:20:00+00:00,32.664
2026-02-26T04:25:00+00:00,32.663
2026-02-26T04:30:00+00:00,32.667
2026-02-26T04:35:00+00:00,32.7
2026-02-26T04:40:00+00:00,32.7
2026-02-26T04:45:00+00:00,32.7
2026-02-26T04:50:00+00:00,32.701
2026-02-26T04:55:00+00:00,32.705
2026-02-26T05:00:00+00:00,32.672
2026-02-26T05:05:00+00:00,32.773
2026-02-26T05:10:00+00:00,32.826
2026-02-26T05:15:00+00:00,32.83
2026-02-26T05:20:00+00:00,32.85
2026-02-26T05:25:00+00:00,32.816
2026-02-26T05:30:00+00:00,32.83
2026-02-26T05:35:00+00:00,32.8
2026-02-26T05:40:00+00:00,32.78
2026-02-26T05:45:00+00:00,32.792
2026-02-26T05:50:00+00:00,32.704
2026-02-26T05:55:00+00:00,32.652
2026-02-26T06:00:00+00:00,32.86
2026-02-26T06:05:00+00:00,32.824
2026-02-26T06:10:00+00:00,32.76
2026-02-26T06:15:00+00:00,32.814
2026-02-26T06:20:00+00:00,32.853
2026-02-26T06:25:00+00:00,32.802
2026-02-26T06:30:00+00:00,32.768
2026-02-26T06:35:00+00:00,32.692
2026-02-26T06:40:00+00:00,32.973
2026-02-26T06:45:00+00:00,33.072
2026-02-26T06:50:00+00:00,33.082
2026-02-26T06:55:00+00:00,33.034
2026-02-26T07:00:00+00:00,32.938
2026-02-26T07:05:00+00:00,32.998
2026-02-26T07:10:00+00:00,32.898
2026-02-26T07:15:00+00:00,32.887
2026-02-26T07:20:00+00:00,32.99
2026-02-26T07:25:00+00:00,32.911
2026-02-26T07:30:00+00:00,32.833
2026-02-26T07:35:00+00:00,32.707
2026-02-26T07:40:00+00:00,32.694
2026-02-26T07:45:00+00:00,32.696
2026-02-26T07:50:00+00:00,32.7
2026-02-26T07:55:00+00:00,32.761
2026-02-26T08:00:00+00:00,32.748
2026-02-26T08:05:00+00:00,32.783
2026-02-26T08:10:00+00:00,33.05
2026-02-26T08:15:00+00:00,33.051
2026-02-26T08:20:00+00:00,32.933
2026-02-26T08:25:00+00:00,32.834
2026-02-26T08:30:00+00:00,32.803
2026-02-26T08:35:00+00:00,32.842
2026-02-26T08:40:00+00:00,32.811
2026-02-26T08:45:00+00:00,32.763
2026-02-26T08:50:00+00:00,32.737
2026-02-26T08:55:00+00:00,32.719
2026-02-26T09:00:00+00:00,32.706
2026-02-26T09:05:00+00:00,32.713
2026-02-26T09:10:00+00:00,32.71
2026-02-26T09:15:00+00:00,32.722
2026-02-26T09:20:00+00:00,32.759
2026-02-26T09:25:00+00:00,32.745
2026-02-26T09:30:00+00:00,32.778
2026-02-26T09:35:00+00:00,32.822
2026-02-26T09:40:00+00:00,32.818
2026-02-26T09:45:00+00:00,32.829
2026-02-26T09:50:00+00:00,32.846
2026-02-26T09:55:00+00:00,32.862
2026-02-26T10:00:00+00:00,32.906
2026-02-26T10:05:00+00:00,32.904
2026-02-26T10:10:00+00:00,32.892
2026-02-26T10:15:00+00:00,32.885
2026-02-26T10:20:00+00:00,32.891
2026-02-26T10:25:00+00:00,32.86
2026-02-26T10:30:00+00:00,32.872
2026-02-26T10:35:00+00:00,32.896
2026-02-26T10:40:00+00:00,32.818
2026-02-26T10:45:00+00:00,32.79
2026-02-26T10:50:00+00:00,32.797
2026-02-26T10:55:00+00:00,32.78
2026-02-26T11:00:00+00:00,32.787
2026-02-26T11:05:00+00:00,32.866
2026-02-26T11:10:00+00:00,32.884
2026-02-26T11:15:00+00:00,32.897
2026-02-26T11:20:00+00:00,32.918
2026-02-26T11:25:00+00:00,32.945
2026-02-26T11:30:00+00:00,32.87
2026-02-26T11:35:00+00:00,32.833
2026-02-26T11:40:00+00:00,32.85
2026-02-26T11:45:00+00:00,32.824
2026-02-26T11:50:00+00:00,32.856
2026-02-26T11:55:00+00:00,32.876
2026-02-26T12:00:00+00:00,32.922
2026-02-26T12:05:00+00:00,32.941
2026-02-26T12:10:00+00:00,32.847
2026-02-26T12:15:00+00:00,32.878
2026-02-26T12:20:00+00:00,32.902
2026-02-26T12:25:00+00:00,32.92
2026-02-26T12:30:00+00:00,32.885
2026-02-26T12:35:00+00:00,32.808
2026-02-26T12:40:00+00:00,32.729
2026-02-26T12:45:00+00:00,32.768
2026-02-26T12:50:00+00:00,32.777
2026-02-26T12:55:00+00:00,32.828
2026-02-26T13:00:00+00:00,32.866
2026-02-26T13:05:00+00:00,32.761
2026-02-26T13:10:00+00:00,33.089
2026-02-26T13:15:00+00:00,33.291
2026-02-26T13:20:00+00:00,33.204
2026-02-26T13:25:00+00:00,33.232
2026-02-26T13:30:00+00:00,33.176
2026-02-26T13:35:00+00:00,33.25
2026-02-26T13:40:00+00:00,33.254
2026-02-26T13:45:00+00:00,33.256
2026-02-26T13:50:00+00:00,33.23
2026-02-26T13:55:00+00:00,33.272
2026-02-26T14:00:00+00:00,33.263
2026-02-26T14:05:00+00:00,33.326
2026-02-26T14:10:00+00:00,32.982
2026-02-26T14:15:00+00:00,32.876
2026-02-26T14:20:00+00:00,32.884
2026-02-26T14:25:00+00:00,32.956
2026-02-26T14:30:00+00:00,32.913
2026-02-26T14:35:00+00:00,32.856
2026-02-26T14:40:00+00:00,32.904
2026-02-26T14:45:00+00:00,32.854
2026-02-26T14:50:00+00:00,32.802
2026-02-26T14:55:00+00:00,32.753
2026-02-26T15:00:00+00:00,32.916
2026-02-26T15:05:00+00:00,33.049
2026-02-26T15:10:00+00:00,33.188
2026-02-26T15:15:00+00:00,33.258
2026-02-26T15:20:00+00:00,33.295
2026-02-26T15:25:00+00:00,33.275
2026-02-26T15:30:00+00:00,33.16
2026-02-26T15:35:00+00:00,33.087
2026-02-26T15:40:00+00:00,33.068
2026-02-26T15:45:00+00:00,33.006
2026-02-26T15:50:00+00:00,32.892
2026-02-26T15:55:00+00:00,32.874
2026-02-26T16:00:00+00:00,32.879
2026-02-26T16:05:00+00:00,32.755
2026-02-26T16:10:00+00:00,32.764
2026-02-26T16:15:00+00:00,32.837
2026-02-26T16:20:00+00:00,32.797
2026-02-26T16:25:00+00:00,32.853
2026-02-26T16:30:00+00:00,32.888
2026-02-26T16:35:00+00:00,32.886
2026-02-26T16:40:00+00:00,32.821
2026-02-26T16:45:00+00:00,32.767
2026-02-26T16:50:00+00:00,32.792
2026-02-26T16:55:00+00:00,33.007
2026-02-26T17:00:00+00:00,33.02
2026-02-26T17:05:00+00:00,32.904
2026-02-26T17:10:00+00:00,32.875
2026-02-26T17:15:00+00:00,32.832
2026-02-26T17:20:00+00:00,32.796
2026-02-26T17:25:00+00:00,33.209
2026-02-26T17:30:00+00:00,33.29
2026-02-26T17:35:00+00:00,33.246
2026-02-26T17:40:00+00:00,33.269
2026-02-26T17:45:00+00:00,33.32
2026-02-26T17:50:00+00:00,33.049
2026-02-26T17:55:00+00:00,32.856
2026-02-26T18:00:00+00:00,32.848
2026-02-26T18:05:00+00:00,32.801
2026-02-26T18:10:00+00:00,32.908
2026-02-26T18:15:00+00:00,32.971
2026-02-26T18:20:00+00:00,32.97
2026-02-26T18:25:00+00:00,33.045
2026-02-26T18:30:00+00:00,33.074
2026-02-26T18:35:00+00:00,33.033
2026-02-26T18:40:00+00:00,33.064
2026-02-26T18:45:00+00:00,33.068
2026-02-26T18:50:00+00:00,33.06
2026-02-26T18:55:00+00:00,33.115
2026-02-26T19:00:00+00:00,33.132
2026-02-26T19:05:00+00:00,33.074
2026-02-26T19:10:00+00:00,32.957
2026-02-26T19:15:00+00:00,33.009
2026-02-26T19:20:00+00:00,33.055
2026-02-26T19:25:00+00:00,33.176
2026-02-26T19:30:00+00:00,33.208
2026-02-26T19:35:00+00:00,32.973
2026-02-26T19:40:00+00:00,33.028
2026-02-26T19:45:00+00:00,32.986
2026-02-26T19:50:00+00:00,32.846
2026-02-26T19:55:00+00:00,32.894
2026-02-26T20:00:00+00:00,32.97
2026-02-26T20:05:00+00:00,32.966
2026-02-26T20:10:00+00:00,33.034
2026-02-26T20:15:00+00:00,33.146
2026-02-26T20:20:00+00:00,33.154
2026-02-26T20:25:00+00:00,33.171
2026-02-26T20:30:00+00:00,33.21
2026-02-26T20:35:00+00:00,33.248
2026-02-26T20:40:00+00:00,33.256
2026-02-26T20:45:00+00:00,33.152
2026-02-26T20:50:00+00:00,33.16
2026-02-26T20:55:00+00:00,33.14
2026-02-26T21:00:00+00:00,33.088
2026-02-26T21:05:00+00:00,32.928
2026-02-26T21:10:00+00:00,33.046
2026-02-26T21:15:00+00:00,33.041
2026-02-26T21:20:00+00:00,33.078
2026-02-26T21:25:00+00:00,33.088
2026-02-26T21:30:00+00:00,33.07
2026-02-26T21:35:00+00:00,33.078
2026-02-26T21:40:00+00:00,33.281
2026-02-26T21:45:00+00:00,33.066
2026-02-26T21:50:00+00:00,32.926
2026-02-26T21:55:00+00:00,32.706
2026-02-26T22:00:00+00:00,32.754
2026-02-26T22:05:00+00:00,32.822
2026-02-26T22:10:00+00:00,32.979
2026-02-26T22:15:00+00:00,33.086
2026-02-26T22:20:00+00:00,33.12
2026-02-26T22:25:00+00:00,32.924
2026-02-26T22:30:00+00:00,32.831
2026-02-26T22:35:00+00:00,32.74
2026-02-26T22:40:00+00:00,32.697
2026-02-26T22:45:00+00:00,32.678
2026-02-26T22:50:00+00:00,32.754
2026-02-26T22:55:00+00:00,32.73
2026-02-26T23:00:00+00:00,32.82
2026-02-26T23:05:00+00:00,32.874
2026-02-26T23:10:00+00:00,32.888
2026-02-26T23:15:00+00:00,32.888
2026-02-26T23:20:00+00:00,32.919
2026-02-26T23:25:00+00:00,32.948
2026-02-26T23:30:00+00:00,32.91
2026-02-26T23:35:00+00:00,32.877
2026-02-26T23:40:00+00:00,32.896
2026-02-26T23:45:00+00:00,32.922
2026-02-26T23:50:00+00:00,32.938
2026-02-26T23:55:00+00:00,32.959
2026-02-27T00:00:00+00:00,33.014
2026-02-27T00:05:00+00:00,32.912
2026-02-27T00:10:00+00:00,32.784
2026-02-27T00:15:00+00:00,32.768
2026-02-27T00:20:00+00:00,32.822
2026-02-27T00:25:00+00:00,32.823
2026-02-27T00:30:00+00:00,32.876
2026-02-27T00:35:00+00:00,32.758
2026-02-27T00:40:00+00:00,32.7
2026-02-27T00:45:00+00:00,32.695
2026-02-27T00:50:00+00:00,32.705
2026-02-27T00:55:00+00:00,32.737
2026-02-27T01:00:00+00:00,32.768
2026-02-27T01:05:00+00:00,32.824
2026-02-27T01:10:00+00:00,32.842
2026-02-27T01:15:00+00:00,32.88
2026-02-27T01:20:00+00:00,32.888
2026-02-27T01:25:00+00:00,32.905
2026-02-27T01:30:00+00:00,32.934
2026-02-27T01:35:00+00:00,32.898
2026-02-27T01:40:00+00:00,32.949
2026-02-27T01:45:00+00:00,32.979
2026-02-27T01:50:00+00:00,33.0
2026-02-27T01:55:00+00:00,33.03
2026-02-27T02:00:00+00:00,33.07
2026-02-27T02:05:00+00:00,33.061
2026-02-27T02:10:00+00:00,33.113
2026-02-27T02:15:00+00:00,33.178
2026-02-27T02:20:00+00:00,33.22
2026-02-27T02:25:00+00:00,33.259
2026-02-27T02:30:00+00:00,33.258
2026-02-27T02:35:00+00:00,33.222
2026-02-27T02:40:00+00:00,32.966
2026-02-27T02:45:00+00:00,32.981
2026-02-27T02:50:00+00:00,32.958
2026-02-27T02:55:00+00:00,32.903
2026-02-27T03:00:00+00:00,32.965
2026-02-27T03:05:00+00:00,32.942
2026-02-27T03:10:00+00:00,33.013
2026-02-27T03:15:00+00:00,33.026
2026-02-27T03:20:00+00:00,33.054
2026-02-27T03:25:00+00:00,33.094
2026-02-27T03:30:00+00:00,33.054
2026-02-27T03:35:00+00:00,33.051
2026-02-27T03:40:00+00:00,33.05
2026-02-27T03:45:00+00:00,33.07
2026-02-27T03:50:00+00:00,33.109
2026-02-27T03:55:00+00:00,33.114
2026-02-27T04:00:00+00:00,33.1
2026-02-27T04:05:00+00:00,33.111
2026-02-27T04:10:00+00:00,33.144
2026-02-27T04:15:00+00:00,33.137
2026-02-27T04:20:00+00:00,33.129
2026-02-27T04:25:00+00:00,33.138
2026-02-27T04:30:00+00:00,33.198
2026-02-27T04:35:00+00:00,33.166
2026-02-27T04:40:00+00:00,33.182
2026-02-27T04:45:00+00:00,33.195
2026-02-27T04:50:00+00:00,33.154
2026-02-27T04:55:00+00:00,33.144
2026-02-27T05:00:00+00:00,33.195
2026-02-27T05:05:00+00:00,33.126
2026-02-27T05:10:00+00:00,33.106
2026-02-27T05:15:00+00:00,33.091
2026-02-27T05:20:00+00:00,33.108
2026-02-27T05:25:00+00:00,33.063
2026-02-27T05:30:00+00:00,33.05
2026-02-27T05:35:00+00:00,33.058
2026-02-27T05:40:00+00:00,33.05
2026-02-27T05:45:00+00:00,33.04
2026-02-27T05:50:00+00:00,32.994
2026-02-27T05:55:00+00:00,32.943
2026-02-27T06:00:00+00:00,32.856
2026-02-27T06:05:00+00:00,32.709
2026-02-27T06:10:00+00:00,32.662
2026-02-27T06:15:00+00:00,32.781
2026-02-27T06:20:00+00:00,32.997
2026-02-27T06:25:00+00:00,32.984
2026-02-27T06:30:00+00:00,32.982
2026-02-27T06:35:00+00:00,32.866
2026-02-27T06:40:00+00:00,32.772
2026-02-27T06:45:00+00:00,32.772
2026-02-27T06:50:00+00:00,32.808
2026-02-27T06:55:00+00:00,32.818
2026-02-27T07:00:00+00:00,32.742
2026-02-27T07:05:00+00:00,32.664
2026-02-27T07:10:00+00:00,32.724
2026-02-27T07:15:00+00:00,33.049
2026-02-27T07:20:00+00:00,33.002
2026-02-27T07:25:00+00:00,33.052
2026-02-27T07:30:00+00:00,33.043
2026-02-27T07:35:00+00:00,33.039
2026-02-27T07:40:00+00:00,33.004
2026-02-27T07:45:00+00:00,32.966
2026-02-27T07:50:00+00:00,32.926
2026-02-27T07:55:00+00:00,32.937
2026-02-27T08:00:00+00:00,32.948
2026-02-27T08:05:00+00:00,32.89
2026-02-27T08:10:00+00:00,32.809
2026-02-27T08:15:00+00:00,32.748
2026-02-27T08:20:00+00:00,32.73
2026-02-27T08:25:00+00:00,32.737
2026-02-27T08:30:00+00:00,32.787
2026-02-27T08:35:00+00:00,32.804
2026-02-27T08:40:00+00:00,32.778
2026-02-27T08:45:00+00:00,32.779
2026-02-27T08:50:00+00:00,32.808
2026-02-27T08:55:00+00:00,32.8
2026-02-27T09:00:00+00:00,32.764
2026-02-27T09:05:00+00:00,32.766
2026-02-27T09:10:00+00:00,32.83
2026-02-27T09:15:00+00:00,32.826
2026-02-27T09:20:00+00:00,32.804
2026-02-27T09:25:00+00:00,32.79
2026-02-27T09:30:00+00:00,32.739
2026-02-27T09:35:00+00:00,32.734
2026-02-27T09:40:00+00:00,32.766
2026-02-27T09:45:00+00:00,32.803
2026-02-27T09:50:00+00:00,32.792
2026-02-27T09:55:00+00:00,32.784
2026-02-27T10:00:00+00:00,32.793
2026-02-27T10:05:00+00:00,32.796
2026-02-27T10:10:00+00:00,32.814
2026-02-27T10:15:00+00:00,32.839
2026-02-27T10:20:00+00:00,32.82
2026-02-27T10:25:00+00:00,32.818
2026-02-27T10:30:00+00:00,32.811
2026-02-27T10:35:00+00:00,32.814
2026-02-27T10:40:00+00:00,32.796
2026-02-27T10:45:00+00:00,32.787
2026-02-27T10:50:00+00:00,32.754
2026-02-27T10:55:00+00:00,32.798
2026-02-27T11:00:00+00:00,32.821
2026-02-27T11:05:00+00:00,32.852
2026-02-27T11:10:00+00:00,32.84
2026-02-27T11:15:00+00:00,32.903
2026-02-27T11:20:00+00:00,32.886
2026-02-27T11:25:00+00:00,32.879
2026-02-27T11:30:00+00:00,32.848
2026-02-27T11:35:00+00:00,32.882
2026-02-27T11:40:00+00:00,32.894
2026-02-27T11:45:00+00:00,32.766
2026-02-27T11:50:00+00:00,32.868
2026-02-27T11:55:00+00:00,32.866
2026-02-27T12:00:00+00:00,32.897
2026-02-27T12:05:00+00:00,32.9
2026-02-27T12:10:00+00:00,32.925
2026-02-27T12:15:00+00:00,32.94
2026-02-27T12:20:00+00:00,32.978
2026-02-27T12:25:00+00:00,33.006
2026-02-27T12:30:00+00:00,33.024
2026-02-27T12:35:00+00:00,33.032
2026-02-27T12:40:00+00:00,33.05
2026-02-27T12:45:00+00:00,33.036
2026-02-27T12:50:00+00:00,33.086
2026-02-27T12:55:00+00:00,33.112
2026-02-27T13:00:00+00:00,33.158
2026-02-27T13:05:00+00:00,33.16
2026-02-27T13:10:00+00:00,33.163
2026-02-27T13:15:00+00:00,33.184
2026-02-27T13:20:00+00:00,33.171
2026-02-27T13:25:00+00:00,33.209
2026-02-27T13:30:00+00:00,33.228
2026-02-27T13:35:00+00:00,32.967
2026-02-27T13:40:00+00:00,32.786
2026-02-27T13:45:00+00:00,32.78
2026-02-27T13:50:00+00:00,32.843
2026-02-27T13:55:00+00:00,32.806
2026-02-27T14:00:00+00:00,32.788
2026-02-27T14:05:00+00:00,32.793
2026-02-27T14:10:00+00:00,32.784
2026-02-27T14:15:00+00:00,32.809
2026-02-27T14:20:00+00:00,32.852
2026-02-27T14:25:00+00:00,32.85
2026-02-27T14:30:00+00:00,32.884
2026-02-27T14:35:00+00:00,32.948
2026-02-27T14:40:00+00:00,32.986
2026-02-27T14:45:00+00:00,33.006
2026-02-27T14:50:00+00:00,32.982
2026-02-27T14:55:00+00:00,32.963
2026-02-27T15:00:00+00:00,32.978
2026-02-27T15:05:00+00:00,32.999
2026-02-27T15:10:00+00:00,33.017
2026-02-27T15:15:00+00:00,33.043
2026-02-27T15:20:00+00:00,32.98
2026-02-27T15:25:00+00:00,32.927
2026-02-27T15:30:00+00:00,32.904
2026-02-27T15:35:00+00:00,32.886
2026-02-27T15:40:00+00:00,32.832
2026-02-27T15:45:00+00:00,32.786
2026-02-27T15:50:00+00:00,32.715
2026-02-27T15:55:00+00:00,32.746
2026-02-27T16:00:00+00:00,32.733
2026-02-27T16:05:00+00:00,32.8
2026-02-27T16:10:00+00:00,32.812
2026-02-27T16:15:00+00:00,32.847
2026-02-27T16:20:00+00:00,32.822
2026-02-27T16:25:00+00:00,32.808
2026-02-27T16:30:00+00:00,32.742
2026-02-27T16:35:00+00:00,32.764
2026-02-27T16:40:00+00:00,32.708
2026-02-27T16:45:00+00:00,32.711
2026-02-27T16:50:00+00:00,32.7
2026-02-27T16:55:00+00:00,32.688
2026-02-27T17:00:00+00:00,32.648
2026-02-27T17:05:00+00:00,32.874
2026-02-27T17:10:00+00:00,32.846
2026-02-27T17:15:00+00:00,32.808
2026-02-27T17:20:00+00:00,32.823
2026-02-27T17:25:00+00:00,32.889
2026-02-27T17:30:00+00:00,32.89
2026-02-27T17:35:00+00:00,32.892
2026-02-27T17:40:00+00:00,32.862
2026-02-27T17:45:00+00:00,32.794
2026-02-27T17:50:00+00:00,32.774
2026-02-27T17:55:00+00:00,32.708
2026-02-27T18:00:00+00:00,32.71
2026-02-27T18:05:00+00:00,32.701
2026-02-27T18:10:00+00:00,32.704
2026-02-27T18:15:00+00:00,32.698
2026-02-27T18:20:00+00:00,32.696
2026-02-27T18:25:00+00:00,32.692
2026-02-27T18:30:00+00:00,32.687
2026-02-27T18:35:00+00:00,32.74
2026-02-27T18:40:00+00:00,33.086
2026-02-27T18:45:00+00:00,33.178
2026-02-27T18:50:00+00:00,33.271
2026-02-27T18:55:00+00:00,33.134
2026-02-27T19:00:00+00:00,32.868
2026-02-27T19:05:00+00:00,32.87
2026-02-27T19:10:00+00:00,32.879
2026-02-27T19:15:00+00:00,32.917
2026-02-27T19:20:00+00:00,32.96
2026-02-27T19:25:00+00:00,32.982
2026-02-27T19:30:00+00:00,33.01
2026-02-27T19:35:00+00:00,32.963
2026-02-27T19:40:00+00:00,32.934
2026-02-27T19:45:00+00:00,32.964
2026-02-27T19:50:00+00:00,32.994
2026-02-27T19:55:00+00:00,32.996
2026-02-27T20:00:00+00:00,32.981
2026-02-27T20:05:00+00:00,32.963
2026-02-27T20:10:00+00:00,32.976
2026-02-27T20:15:00+00:00,32.952
2026-02-27T20:20:00+00:00,32.891
2026-02-27T20:25:00+00:00,32.944
2026-02-27T20:30:00+00:00,32.976
2026-02-27T20:35:00+00:00,32.972
2026-02-27T20:40:00+00:00,32.994
2026-02-27T20:45:00+00:00,33.036
2026-02-27T20:50:00+00:00,33.062
2026-02-27T20:55:00+00:00,33.138
2026-02-27T21:00:00+00:00,33.151
2026-02-27T21:05:00+00:00,33.242
2026-02-27T21:10:00+00:00,32.903
2026-02-27T21:15:00+00:00,32.871
2026-02-27T21:20:00+00:00,32.902
2026-02-27T21:25:00+00:00,32.957
2026-02-27T21:30:00+00:00,32.963
2026-02-27T21:35:00+00:00,32.956
2026-02-27T21:40:00+00:00,33.012
2026-02-27T21:45:00+00:00,33.012
2026-02-27T21:50:00+00:00,32.886
2026-02-27T21:55:00+00:00,32.707
2026-02-27T22:00:00+00:00,32.719
2026-02-27T22:05:00+00:00,32.7
2026-02-27T22:10:00+00:00,32.7
2026-02-27T22:15:00+00:00,32.707
2026-02-27T22:20:00+00:00,32.787
2026-02-27T22:25:00+00:00,32.861
2026-02-27T22:30:00+00:00,32.906
2026-02-27T22:35:00+00:00,32.989
2026-02-27T22:40:00+00:00,33.028
2026-02-27T22:45:00+00:00,33.081
2026-02-27T22:50:00+00:00,33.109
2026-02-27T22:55:00+00:00,33.185
2026-02-27T23:00:00+00:00,33.171
2026-02-27T23:05:00+00:00,33.187
2026-02-27T23:10:00+00:00,33.17
2026-02-27T23:15:00+00:00,32.83
2026-02-27T23:20:00+00:00,32.803
2026-02-27T23:25:00+00:00,32.793
2026-02-27T23:30:00+00:00,32.816
2026-02-27T23:35:00+00:00,32.86
2026-02-27T23:40:00+00:00,32.892
2026-02-27T23:45:00+00:00,32.9
2026-02-27T23:50:00+00:00,32.906
2026-02-27T23:55:00+00:00,32.948
2026-02-28T00:00:00+00:00,32.99
2026-02-28T00:05:00+00:00,32.876
2026-02-28T00:10:00+00:00,32.782
2026-02-28T00:15:00+00:00,32.7
2026-02-28T00:20:00+00:00,32.7
2026-02-28T00:25:00+00:00,32.764
2026-02-28T00:30:00+00:00,32.773
2026-02-28T00:35:00+00:00,32.668
2026-02-28T00:40:00+00:00,32.68
2026-02-28T00:45:00+00:00,32.7
2026-02-28T00:50:00+00:00,32.683
2026-02-28T00:55:00+00:00,32.668
2026-02-28T01:00:00+00:00,32.666
2026-02-28T01:05:00+00:00,32.856
2026-02-28T01:10:00+00:00,33.012
2026-02-28T01:15:00+00:00,33.036
2026-02-28T01:20:00+00:00,33.104
2026-02-28T01:25:00+00:00,33.162
2026-02-28T01:30:00+00:00,33.199
2026-02-28T01:35:00+00:00,33.158
2026-02-28T01:40:00+00:00,33.176
2026-02-28T01:45:00+00:00,33.177
2026-02-28T01:50:00+00:00,33.213
2026-02-28T01:55:00+00:00,33.276
2026-02-28T02:00:00+00:00,32.947
2026-02-28T02:05:00+00:00,32.86
2026-02-28T02:10:00+00:00,32.859
2026-02-28T02:15:00+00:00,32.884
2026-02-28T02:20:00+00:00,32.858
2026-02-28T02:25:00+00:00,32.886
2026-02-28T02:30:00+00:00,32.93
2026-02-28T02:35:00+00:00,32.978
2026-02-28T02:40:00+00:00,32.974
2026-02-28T02:45:00+00:00,32.984
2026-02-28T02:50:00+00:00,33.011
2026-02-28T02:55:00+00:00,33.062
2026-02-28T03:00:00+00:00,33.061
2026-02-28T03:05:00+00:00,33.04
2026-02-28T03:10:00+00:00,33.0
2026-02-28T03:15:00+00:00,33.018
2026-02-28T03:20:00+00:00,33.02
2026-02-28T03:25:00+00:00,33.042
2026-02-28T03:30:00+00:00,33.066
2026-02-28T03:35:00+00:00,33.044
2026-02-28T03:40:00+00:00,33.04
2026-02-28T03:45:00+00:00,33.088
2026-02-28T03:50:00+00:00,33.1
2026-02-28T03:55:00+00:00,33.1
2026-02-28T04:00:00+00:00,33.103
2026-02-28T04:05:00+00:00,33.04
2026-02-28T04:10:00+00:00,33.045
2026-02-28T04:15:00+00:00,33.094
2026-02-28T04:20:00+00:00,33.098
2026-02-28T04:25:00+00:00,33.1
2026-02-28T04:30:00+00:00,33.131
2026-02-28T04:35:00+00:00,33.129
2026-02-28T04:40:00+00:00,33.15
2026-02-28T04:45:00+00:00,33.15
2026-02-28T04:50:00+00:00,33.136
2026-02-28T04:55:00+00:00,33.148
2026-02-28T05:00:00+00:00,33.12
2026-02-28T05:05:00+00:00,33.056
2026-02-28T05:10:00+00:00,33.069
2026-02-28T05:15:00+00:00,33.1
2026-02-28T05:20:00+00:00,33.1
2026-02-28T05:25:00+00:00,33.1
2026-02-28T05:30:00+00:00,33.1
2026-02-28T05:35:00+00:00,33.1
2026-02-28T05:40:00+00:00,33.1
2026-02-28T05:45:00+00:00,33.088
2026-02-28T05:50:00+00:00,33.042
2026-02-28T05:55:00+00:00,33.012
2026-02-28T06:00:00+00:00,33.01
2026-02-28T06:05:00+00:00,32.987
2026-02-28T06:10:00+00:00,32.951
2026-02-28T06:15:00+00:00,32.911
2026-02-28T06:20:00+00:00,32.906
2026-02-28T06:25:00+00:00,32.9
2026-02-28T06:30:00+00:00,32.9
2026-02-28T06:35:00+00:00,32.893
2026-02-28T06:40:00+00:00,32.877
2026-02-28T06:45:00+00:00,32.994
2026-02-28T06:50:00+00:00,33.0
2026-02-28T06:55:00+00:00,32.986
2026-02-28T07:00:00+00:00,32.992
2026-02-28T07:05:00+00:00,32.89
2026-02-28T07:10:00+00:00,32.894
2026-02-28T07:15:00+00:00,32.888
2026-02-28T07:20:00+00:00,32.824
2026-02-28T07:25:00+00:00,32.804
2026-02-28T07:30:00+00:00,32.786
2026-02-28T07:35:00+00:00,32.87
2026-02-28T07:40:00+00:00,32.915
2026-02-28T07:45:00+00:00,32.844
2026-02-28T07:50:00+00:00,32.802
2026-02-28T07:55:00+00:00,32.718
2026-02-28T08:00:00+00:00,32.689
2026-02-28T08:05:00+00:00,32.716
2026-02-28T08:10:00+00:00,32.698
2026-02-28T08:15:00+00:00,32.85
2026-02-28T08:20:00+00:00,32.98
2026-02-28T08:25:00+00:00,32.968
2026-02-28T08:30:00+00:00,32.932
2026-02-28T08:35:00+00:00,32.952
2026-02-28T08:40:00+00:00,32.982
2026-02-28T08:45:00+00:00,32.969
2026-02-28T08:50:00+00:00,32.949
2026-02-28T08:55:00+00:00,32.921
2026-02-28T09:00:00+00:00,33.004
2026-02-28T09:05:00+00:00,33.066
2026-02-28T09:10:00+00:00,33.026
2026-02-28T09:15:00+00:00,32.996
2026-02-28T09:20:00+00:00,33.0
2026-02-28T09:25:00+00:00,32.968
2026-02-28T09:30:00+00:00,32.962
2026-02-28T09:35:00+00:00,32.985
2026-02-28T09:40:00+00:00,32.997
2026-02-28T09:45:00+00:00,32.968
2026-02-28T09:50:00+00:00,32.927
2026-02-28T09:55:00+00:00,32.993
2026-02-28T10:00:00+00:00,33.046
2026-02-28T10:05:00+00:00,33.106
2026-02-28T10:10:00+00:00,33.088
2026-02-28T10:15:00+00:00,33.055
2026-02-28T10:20:00+00:00,32.999
2026-02-28T10:25:00+00:00,32.994
2026-02-28T10:30:00+00:00,33.001
2026-02-28T10:35:00+00:00,32.982
2026-02-28T10:40:00+00:00,33.0
2026-02-28T10:45:00+00:00,33.006
2026-02-28T10:50:00+00:00,33.014
2026-02-28T10:55:00+00:00,33.028
2026-02-28T11:00:00+00:00,33.022
2026-02-28T11:05:00+00:00,32.992
2026-02-28T11:10:00+00:00,32.923
2026-02-28T11:15:00+00:00,32.824
2026-02-28T11:20:00+00:00,32.803
2026-02-28T11:25:00+00:00,32.839
2026-02-28T11:30:00+00:00,32.846
2026-02-28T11:35:00+00:00,32.852
2026-02-28T11:40:00+00:00,32.846
2026-02-28T11:45:00+00:00,32.867
2026-02-28T11:50:00+00:00,32.878
2026-02-28T11:55:00+00:00,32.886
2026-02-28T12:00:00+00:00,32.896
2026-02-28T12:05:00+00:00,32.818
2026-02-28T12:10:00+00:00,32.89
2026-02-28T12:15:00+00:00,32.907
2026-02-28T12:20:00+00:00,32.912
2026-02-28T12:25:00+00:00,32.911
2026-02-28T12:30:00+00:00,32.925
2026-02-28T12:35:00+00:00,32.908
2026-02-28T12:40:00+00:00,32.969
2026-02-28T12:45:00+00:00,32.966
2026-02-28T12:50:00+00:00,32.924
2026-02-28T12:55:00+00:00,32.907
2026-02-28T13:00:00+00:00,32.917
2026-02-28T13:05:00+00:00,32.978
2026-02-28T13:10:00+00:00,33.104
2026-02-28T13:15:00+00:00,33.158
2026-02-28T13:20:00+00:00,33.128
2026-02-28T13:25:00+00:00,33.129
2026-02-28T13:30:00+00:00,33.067
2026-02-28T13:35:00+00:00,33.056
2026-02-28T13:40:00+00:00,33.088
2026-02-28T13:45:00+00:00,33.138
2026-02-28T13:50:00+00:00,33.133
2026-02-28T13:55:00+00:00,33.131
2026-02-28T14:00:00+00:00,33.186
2026-02-28T14:05:00+00:00,33.192
2026-02-28T14:10:00+00:00,33.177
2026-02-28T14:15:00+00:00,33.184
2026-02-28T14:20:00+00:00,33.158
2026-02-28T14:25:00+00:00,33.207
2026-02-28T14:30:00+00:00,33.231
2026-02-28T14:35:00+00:00,33.199
2026-02-28T14:40:00+00:00,33.191
2026-02-28T14:45:00+00:00,33.214
2026-02-28T14:50:00+00:00,33.218
2026-02-28T14:55:00+00:00,33.222
2026-02-28T15:00:00+00:00,33.222
2026-02-28T15:05:00+00:00,33.232
2026-02-28T15:10:00+00:00,33.259
2026-02-28T15:15:00+00:00,33.282
2026-02-28T15:20:00+00:00,33.254
2026-02-28T15:25:00+00:00,33.285
2026-02-28T15:30:00+00:00,33.3
2026-02-28T15:35:00+00:00,33.122
2026-02-28T15:40:00+00:00,32.936
2026-02-28T15:45:00+00:00,32.908
2026-02-28T15:50:00+00:00,32.804
2026-02-28T15:55:00+00:00,32.714
2026-02-28T16:00:00+00:00,32.707
2026-02-28T16:05:00+00:00,32.793
2026-02-28T16:10:00+00:00,32.768
2026-02-28T16:15:00+00:00,32.743
2026-02-28T16:20:00+00:00,32.708
2026-02-28T16:25:00+00:00,32.7
2026-02-28T16:30:00+00:00,32.726
2026-02-28T16:35:00+00:00,32.745
2026-02-28T16:40:00+00:00,32.729
2026-02-28T16:45:00+00:00,32.708
2026-02-28T16:50:00+00:00,32.888
2026-02-28T16:55:00+00:00,33.077
2026-02-28T17:00:00+00:00,33.007
2026-02-28T17:05:00+00:00,33.002
2026-02-28T17:10:00+00:00,32.88
2026-02-28T17:15:00+00:00,32.74
2026-02-28T17:20:00+00:00,32.731
2026-02-28T17:25:00+00:00,33.016
2026-02-28T17:30:00+00:00,33.1
2026-02-28T17:35:00+00:00,33.19
2026-02-28T17:40:00+00:00,33.111
2026-02-28T17:45:00+00:00,33.114
2026-02-28T17:50:00+00:00,33.091
2026-02-28T17:55:00+00:00,33.076
2026-02-28T18:00:00+00:00,33.073
2026-02-28T18:05:00+00:00,33.085
2026-02-28T18:10:00+00:00,33.146
2026-02-28T18:15:00+00:00,33.118
2026-02-28T18:20:00+00:00,33.058
2026-02-28T18:25:00+00:00,33.042
2026-02-28T18:30:00+00:00,33.05
2026-02-28T18:35:00+00:00,33.008
2026-02-28T18:40:00+00:00,33.018
2026-02-28T18:45:00+00:00,32.938
2026-02-28T18:50:00+00:00,32.915
2026-02-28T18:55:00+00:00,32.971
2026-02-28T19:00:00+00:00,33.032
2026-02-28T19:05:00+00:00,32.988
2026-02-28T19:10:00+00:00,32.964
2026-02-28T19:15:00+00:00,32.997
2026-02-28T19:20:00+00:00,32.944
2026-02-28T19:25:00+00:00,32.956
2026-02-28T19:30:00+00:00,32.985
2026-02-28T19:35:00+00:00,32.987
2026-02-28T19:40:00+00:00,33.02
2026-02-28T19:45:00+00:00,33.043
2026-02-28T19:50:00+00:00,33.028
2026-02-28T19:55:00+00:00,33.056
2026-02-28T20:00:00+00:00,33.181
2026-02-28T20:05:00+00:00,33.157
2026-02-28T20:10:00+00:00,33.163
2026-02-28T20:15:00+00:00,33.204
2026-02-28T20:20:00+00:00,33.222
2026-02-28T20:25:00+00:00,33.132
2026-02-28T20:30:00+00:00,32.933
2026-02-28T20:35:00+00:00,32.933
2026-02-28T20:40:00+00:00,32.888
2026-02-28T20:45:00+00:00,32.937
2026-02-28T20:50:00+00:00,32.968
2026-02-28T20:55:00+00:00,32.98
2026-02-28T21:00:00+00:00,32.933
2026-02-28T21:05:00+00:00,32.918
2026-02-28T21:10:00+00:00,32.975
2026-02-28T21:15:00+00:00,33.025
2026-02-28T21:20:00+00:00,33.053
2026-02-28T21:25:00+00:00,33.034
2026-02-28T21:30:00+00:00,33.089
2026-02-28T21:35:00+00:00,33.102
2026-02-28T21:40:00+00:00,33.137
2026-02-28T21:45:00+00:00,33.18
2026-02-28T21:50:00+00:00,33.029
2026-02-28T21:55:00+00:00,33.019
2026-02-28T22:00:00+00:00,33.093
2026-02-28T22:05:00+00:00,33.114
2026-02-28T22:10:00+00:00,33.178
2026-02-28T22:15:00+00:00,33.209
2026-02-28T22:20:00+00:00,33.158
2026-02-28T22:25:00+00:00,33.158
2026-02-28T22:30:00+00:00,33.17
2026-02-28T22:35:00+00:00,33.151
2026-02-28T22:40:00+00:00,33.197
2026-02-28T22:45:00+00:00,33.224
2026-02-28T22:50:00+00:00,33.153
2026-02-28T22:55:00+00:00,32.982
2026-02-28T23:00:00+00:00,32.851
2026-02-28T23:05:00+00:00,32.803
2026-02-28T23:10:00+00:00,32.805
2026-02-28T23:15:00+00:00,32.885
2026-02-28T23:20:00+00:00,32.918
2026-02-28T23:25:00+00:00,32.901
2026-02-28T23:30:00+00:00,32.921
2026-02-28T23:35:00+00:00,32.846
2026-02-28T23:40:00+00:00,32.789
2026-02-28T23:45:00+00:00,32.808
2026-02-28T23:50:00+00:00,32.832
2026-02-28T23:55:00+00:00,32.835
2026-03-01T00:00:00+00:00,32.944
2026-03-01T00:05:00+00:00,32.822
2026-03-01T00:10:00+00:00,32.794
2026-03-01T00:15:00+00:00,32.755
2026-03-01T00:20:00+00:00,32.758
2026-03-01T00:25:00+00:00,32.77
2026-03-01T00:30:00+00:00,32.794
2026-03-01T00:35:00+00:00,32.7
2026-03-01T00:40:00+00:00,32.985
2026-03-01T00:45:00+00:00,32.989
2026-03-01T00:50:00+00:00,33.052
2026-03-01T00:55:00+00:00,33.196
2026-03-01T01:00:00+00:00,32.94
2026-03-01T01:05:00+00:00,32.876
2026-03-01T01:10:00+00:00,32.88
2026-03-01T01:15:00+00:00,32.956
2026-03-01T01:20:00+00:00,32.999
2026-03-01T01:25:00+00:00,32.989
2026-03-01T01:30:00+00:00,32.987
2026-03-01T01:35:00+00:00,32.958
2026-03-01T01:40:00+00:00,32.9
2026-03-01T01:45:00+00:00,32.9
2026-03-01T01:50:00+00:00,32.917
2026-03-01T01:55:00+00:00,32.903
2026-03-01T02:00:00+00:00,33.016
2026-03-01T02:05:00+00:00,32.974
2026-03-01T02:10:00+00:00,32.99
2026-03-01T02:15:00+00:00,33.025
2026-03-01T02:20:00+00:00,33.067
2026-03-01T02:25:00+00:00,33.075
2026-03-01T02:30:00+00:00,33.122
2026-03-01T02:35:00+00:00,33.196
2026-03-01T02:40:00+00:00,33.2
2026-03-01T02:45:00+00:00,33.156
2026-03-01T02:50:00+00:00,32.805
2026-03-01T02:55:00+00:00,32.802
2026-03-01T03:00:00+00:00,32.875
2026-03-01T03:05:00+00:00,32.83
2026-03-01T03:10:00+00:00,32.808
2026-03-01T03:15:00+00:00,32.883
2026-03-01T03:20:00+00:00,32.924
2026-03-01T03:25:00+00:00,32.998
2026-03-01T03:30:00+00:00,33.01
2026-03-01T03:35:00+00:00,32.914
2026-03-01T03:40:00+00:00,32.882
2026-03-01T03:45:00+00:00,32.9
2026-03-01T03:50:00+00:00,32.917
2026-03-01T03:55:00+00:00,32.964
2026-03-01T04:00:00+00:00,32.958
2026-03-01T04:05:00+00:00,32.944
2026-03-01T04:10:00+00:00,32.926
2026-03-01T04:15:00+00:00,32.933
2026-03-01T04:20:00+00:00,32.938
2026-03-01T04:25:00+00:00,32.949
2026-03-01T04:30:00+00:00,32.95
2026-03-01T04:35:00+00:00,32.974
2026-03-01T04:40:00+00:00,32.95
2026-03-01T04:45:00+00:00,32.96
2026-03-01T04:50:00+00:00,32.94
2026-03-01T04:55:00+00:00,32.899
2026-03-01T05:00:00+00:00,32.914
2026-03-01T05:05:00+00:00,33.026
2026-03-01T05:10:00+00:00,33.104
2026-03-01T05:15:00+00:00,33.11
2026-03-01T05:20:00+00:00,33.192
2026-03-01T05:25:00+00:00,33.123
2026-03-01T05:30:00+00:00,33.062
2026-03-01T05:35:00+00:00,33.03
2026-03-01T05:40:00+00:00,32.976
2026-03-01T05:45:00+00:00,32.975
2026-03-01T05:50:00+00:00,32.982
2026-03-01T05:55:00+00:00,32.979
2026-03-01T06:00:00+00:00,33.008
2026-03-01T06:05:00+00:00,32.88
2026-03-01T06:10:00+00:00,32.777
2026-03-01T06:15:00+00:00,32.786
2026-03-01T06:20:00+00:00,32.787
2026-03-01T06:25:00+00:00,32.778
2026-03-01T06:30:00+00:00,32.772
2026-03-01T06:35:00+00:00,32.734
2026-03-01T06:40:00+00:00,32.7
2026-03-01T06:45:00+00:00,32.7
2026-03-01T06:50:00+00:00,32.685
2026-03-01T06:55:00+00:00,32.802
2026-03-01T07:00:00+00:00,32.952
2026-03-01T07:05:00+00:00,32.936
2026-03-01T07:10:00+00:00,32.854
2026-03-01T07:15:00+00:00,32.849
2026-03-01T07:20:00+00:00,32.796
2026-03-01T07:25:00+00:00,32.823
2026-03-01T07:30:00+00:00,32.805
2026-03-01T07:35:00+00:00,32.826
2026-03-01T07:40:00+00:00,32.804
2026-03-01T07:45:00+00:00,32.829
2026-03-01T07:50:00+00:00,32.754
2026-03-01T07:55:00+00:00,32.73
2026-03-01T08:00:00+00:00,32.823
2026-03-01T08:05:00+00:00,32.772
2026-03-01T08:10:00+00:00,32.711
2026-03-01T08:15:00+00:00,32.828
2026-03-01T08:20:00+00:00,33.088
2026-03-01T08:25:00+00:00,33.112
2026-03-01T08:30:00+00:00,33.136
2026-03-01T08:35:00+00:00,33.226
2026-03-01T08:40:00+00:00,33.238
2026-03-01T08:45:00+00:00,33.226
2026-03-01T08:50:00+00:00,33.234
2026-03-01T08:55:00+00:00,33.228
2026-03-01T09:00:00+00:00,33.171
2026-03-01T09:05:00+00:00,33.045
2026-03-01T09:10:00+00:00,33.072
2026-03-01T09:15:00+00:00,33.106
2026-03-01T09:20:00+00:00,33.096
2026-03-01T09:25:00+00:00,33.043
2026-03-01T09:30:00+00:00,33.05
2026-03-01T09:35:00+00:00,33.061
2026-03-01T09:40:00+00:00,33.086
2026-03-01T09:45:00+00:00,33.067
2026-03-01T09:50:00+00:00,33.03
2026-03-01T09:55:00+00:00,32.988
2026-03-01T10:00:00+00:00,33.072
2026-03-01T10:05:00+00:00,33.054
2026-03-01T10:10:00+00:00,33.03
2026-03-01T10:15:00+00:00,33.062
2026-03-01T10:20:00+00:00,33.024
2026-03-01T10:25:00+00:00,33.032
2026-03-01T10:30:00+00:00,33.059
2026-03-01T10:35:00+00:00,32.993
2026-03-01T10:40:00+00:00,32.986
2026-03-01T10:45:00+00:00,32.982
2026-03-01T10:50:00+00:00,32.988
2026-03-01T10:55:00+00:00,32.992
2026-03-01T11:00:00+00:00,32.956
2026-03-01T11:05:00+00:00,32.954
2026-03-01T11:10:00+00:00,32.923
2026-03-01T11:15:00+00:00,32.91
2026-03-01T11:20:00+00:00,32.915
2026-03-01T11:25:00+00:00,32.829
2026-03-01T11:30:00+00:00,32.827
2026-03-01T11:35:00+00:00,32.758
2026-03-01T11:40:00+00:00,32.707
2026-03-01T11:45:00+00:00,32.721
2026-03-01T11:50:00+00:00,32.734
2026-03-01T11:55:00+00:00,32.72
2026-03-01T12:00:00+00:00,32.712
2026-03-01T12:05:00+00:00,32.686
2026-03-01T12:10:00+00:00,32.707
2026-03-01T12:15:00+00:00,32.694
2026-03-01T12:20:00+00:00,32.68
2026-03-01T12:25:00+00:00,32.682
2026-03-01T12:30:00+00:00,32.731
2026-03-01T12:35:00+00:00,32.776
2026-03-01T12:40:00+00:00,32.812
2026-03-01T12:45:00+00:00,32.826
2026-03-01T12:50:00+00:00,32.852
2026-03-01T12:55:00+00:00,32.823
2026-03-01T13:00:00+00:00,32.758
2026-03-01T13:05:00+00:00,32.713
2026-03-01T13:10:00+00:00,32.787
2026-03-01T13:15:00+00:00,32.823
2026-03-01T13:20:00+00:00,32.816
2026-03-01T13:25:00+00:00,32.805
2026-03-01T13:30:00+00:00,32.85
2026-03-01T13:35:00+00:00,32.917
2026-03-01T13:40:00+00:00,32.984
2026-03-01T13:45:00+00:00,33.036
2026-03-01T13:50:00+00:00,33.029
2026-03-01T13:55:00+00:00,33.04
2026-03-01T14:00:00+00:00,33.032
2026-03-01T14:05:00+00:00,33.052
2026-03-01T14:10:00+00:00,33.076
2026-03-01T14:15:00+00:00,33.087
2026-03-01T14:20:00+00:00,33.111
2026-03-01T14:25:00+00:00,33.137
2026-03-01T14:30:00+00:00,33.075
2026-03-01T14:35:00+00:00,33.044
2026-03-01T14:40:00+00:00,33.098
2026-03-01T14:45:00+00:00,33.1
2026-03-01T14:50:00+00:00,33.09
2026-03-01T14:55:00+00:00,33.067
2026-03-01T15:00:00+00:00,33.056
2026-03-01T15:05:00+00:00,33.01
2026-03-01T15:10:00+00:00,32.962
2026-03-01T15:15:00+00:00,32.896
2026-03-01T15:20:00+00:00,32.832
2026-03-01T15:25:00+00:00,32.709
2026-03-01T15:30:00+00:00,32.751
2026-03-01T15:35:00+00:00,32.716
2026-03-01T15:40:00+00:00,32.661
2026-03-01T15:45:00+00:00,33.028
2026-03-01T15:50:00+00:00,32.972
2026-03-01T15:55:00+00:00,32.937
2026-03-01T16:00:00+00:00,33.008
2026-03-01T16:05:00+00:00,33.036
2026-03-01T16:10:00+00:00,33.284
2026-03-01T16:15:00+00:00,33.282
2026-03-01T16:20:00+00:00,33.2
2026-03-01T16:25:00+00:00,33.125
2026-03-01T16:30:00+00:00,33.187
2026-03-01T16:35:00+00:00,33.194
2026-03-01T16:40:00+00:00,33.064
2026-03-01T16:45:00+00:00,32.961
2026-03-01T16:50:00+00:00,32.885
2026-03-01T16:55:00+00:00,32.85
2026-03-01T17:00:00+00:00,33.106
2026-03-01T17:05:00+00:00,32.774
2026-03-01T17:10:00+00:00,32.834
2026-03-01T17:15:00+00:00,32.831
2026-03-01T17:20:00+00:00,32.859
2026-03-01T17:25:00+00:00,32.84
2026-03-01T17:30:00+00:00,32.765
2026-03-01T17:35:00+00:00,32.728
2026-03-01T17:40:00+00:00,33.22
2026-03-01T17:45:00+00:00,33.228
2026-03-01T17:50:00+00:00,32.907
2026-03-01T17:55:00+00:00,32.809
2026-03-01T18:00:00+00:00,32.902
2026-03-01T18:05:00+00:00,32.964
2026-03-01T18:10:00+00:00,32.831
2026-03-01T18:15:00+00:00,32.794
2026-03-01T18:20:00+00:00,32.769
2026-03-01T18:25:00+00:00,32.839
2026-03-01T18:30:00+00:00,33.013
2026-03-01T18:35:00+00:00,33.106
2026-03-01T18:40:00+00:00,33.016
2026-03-01T18:45:00+00:00,33.018
2026-03-01T18:50:00+00:00,33.014
2026-03-01T18:55:00+00:00,33.062
2026-03-01T19:00:00+00:00,33.1
2026-03-01T19:05:00+00:00,33.023
2026-03-01T19:10:00+00:00,33.026
2026-03-01T19:15:00+00:00,33.08
2026-03-01T19:20:00+00:00,33.142
2026-03-01T19:25:00+00:00,33.014
2026-03-01T19:30:00+00:00,32.682
2026-03-01T19:35:00+00:00,32.719
2026-03-01T19:40:00+00:00,32.769
2026-03-01T19:45:00+00:00,32.714
2026-03-01T19:50:00+00:00,32.699
2026-03-01T19:55:00+00:00,32.747
2026-03-01T20:00:00+00:00,32.809
2026-03-01T20:05:00+00:00,32.781
2026-03-01T20:10:00+00:00,32.787
2026-03-01T20:15:00+00:00,32.79
2026-03-01T20:20:00+00:00,32.829
2026-03-01T20:25:00+00:00,32.844
2026-03-01T20:30:00+00:00,32.884
2026-03-01T20:35:00+00:00,32.846
2026-03-01T20:40:00+00:00,32.89
2026-03-01T20:45:00+00:00,32.908
2026-03-01T20:50:00+00:00,32.903
2026-03-01T20:55:00+00:00,33.097
2026-03-01T21:00:00+00:00,33.149
2026-03-01T21:05:00+00:00,33.022
2026-03-01T21:10:00+00:00,33.111
2026-03-01T21:15:00+00:00,33.129
2026-03-01T21:20:00+00:00,33.172
2026-03-01T21:25:00+00:00,33.203
2026-03-01T21:30:00+00:00,33.272
2026-03-01T21:35:00+00:00,33.245
2026-03-01T21:40:00+00:00,32.945
2026-03-01T21:45:00+00:00,32.746
2026-03-01T21:50:00+00:00,32.662
2026-03-01T21:55:00+00:00,32.655
2026-03-01T22:00:00+00:00,32.682
2026-03-01T22:05:00+00:00,32.777
2026-03-01T22:10:00+00:00,33.067
2026-03-01T22:15:00+00:00,33.165
2026-03-01T22:20:00+00:00,33.188
2026-03-01T22:25:00+00:00,33.231
2026-03-01T22:30:00+00:00,33.252
2026-03-01T22:35:00+00:00,33.146
2026-03-01T22:40:00+00:00,32.852
2026-03-01T22:45:00+00:00,32.74
2026-03-01T22:50:00+00:00,32.849
2026-03-01T22:55:00+00:00,32.93
2026-03-01T23:00:00+00:00,33.108
2026-03-01T23:05:00+00:00,33.051
2026-03-01T23:10:00+00:00,33.076
2026-03-01T23:15:00+00:00,33.091
2026-03-01T23:20:00+00:00,33.102
2026-03-01T23:25:00+00:00,33.172
2026-03-01T23:30:00+00:00,33.218
2026-03-01T23:35:00+00:00,32.931
2026-03-01T23:40:00+00:00,32.952
2026-03-01T23:45:00+00:00,32.96
2026-03-01T23:50:00+00:00,32.992
2026-03-01T23:55:00+00:00,33.026
2026-03-02T00:00:00+00:00,33.124
2026-03-02T00:05:00+00:00,33.043
2026-03-02T00:10:00+00:00,33.028
2026-03-02T00:15:00+00:00,32.968
2026-03-02T00:20:00+00:00,33.004
2026-03-02T00:25:00+00:00,33.03
2026-03-02T00:30:00+00:00,33.07
2026-03-02T00:35:00+00:00,32.872
2026-03-02T00:40:00+00:00,32.729
2026-03-02T00:45:00+00:00,32.712
2026-03-02T00:50:00+00:00,32.734
2026-03-02T00:55:00+00:00,32.758
2026-03-02T01:00:00+00:00,32.8
2026-03-02T01:05:00+00:00,32.772
2026-03-02T01:10:00+00:00,32.748
2026-03-02T01:15:00+00:00,32.766
2026-03-02T01:20:00+00:00,32.799
2026-03-02T01:25:00+00:00,32.844
2026-03-02T01:30:00+00:00,32.9
2026-03-02T01:35:00+00:00,32.932
2026-03-02T01:40:00+00:00,32.947
2026-03-02T01:45:00+00:00,32.984
2026-03-02T01:50:00+00:00,32.957
2026-03-02T01:55:00+00:00,32.971
2026-03-02T02:00:00+00:00,33.015
2026-03-02T02:05:00+00:00,32.948
2026-03-02T02:10:00+00:00,32.945
2026-03-02T02:15:00+00:00,32.938
2026-03-02T02:20:00+00:00,33.002
2026-03-02T02:25:00+00:00,33.056
2026-03-02T02:30:00+00:00,33.067
2026-03-02T02:35:00+00:00,33.069
2026-03-02T02:40:00+00:00,33.084
2026-03-02T02:45:00+00:00,33.118
2026-03-02T02:50:00+00:00,33.171
2026-03-02T02:55:00+00:00,33.219
2026-03-02T03:00:00+00:00,33.208
2026-03-02T03:05:00+00:00,33.173
2026-03-02T03:10:00+00:00,33.266
2026-03-02T03:15:00+00:00,33.285
2026-03-02T03:20:00+00:00,33.288
2026-03-02T03:25:00+00:00,33.038
2026-03-02T03:30:00+00:00,32.878
2026-03-02T03:35:00+00:00,32.81
2026-03-02T03:40:00+00:00,32.784
2026-03-02T03:45:00+00:00,32.816
2026-03-02T03:50:00+00:00,32.838
2026-03-02T03:55:00+00:00,32.868
2026-03-02T04:00:00+00:00,32.85
2026-03-02T04:05:00+00:00,32.829
2026-03-02T04:10:00+00:00,32.794
2026-03-02T04:15:00+00:00,32.781
2026-03-02T04:20:00+00:00,32.793
2026-03-02T04:25:00+00:00,32.842
2026-03-02T04:30:00+00:00,32.872
2026-03-02T04:35:00+00:00,32.802
2026-03-02T04:40:00+00:00,32.848
2026-03-02T04:45:00+00:00,32.96
2026-03-02T04:50:00+00:00,32.945
2026-03-02T04:55:00+00:00,32.964
2026-03-02T05:00:00+00:00,32.924
2026-03-02T05:05:00+00:00,32.906
2026-03-02T05:10:00+00:00,32.86
2026-03-02T05:15:00+00:00,32.854
2026-03-02T05:20:00+00:00,32.826
2026-03-02T05:25:00+00:00,32.82
2026-03-02T05:30:00+00:00,32.823
2026-03-02T05:35:00+00:00,32.894
2026-03-02T05:40:00+00:00,32.814
2026-03-02T05:45:00+00:00,32.748
2026-03-02T05:50:00+00:00,32.696
2026-03-02T05:55:00+00:00,32.702
2026-03-02T06:00:00+00:00,32.754
2026-03-02T06:05:00+00:00,32.714
2026-03-02T06:10:00+00:00,32.963
2026-03-02T06:15:00+00:00,33.004
2026-03-02T06:20:00+00:00,32.98
2026-03-02T06:25:00+00:00,32.906
2026-03-02T06:30:00+00:00,32.768
2026-03-02T06:35:00+00:00,32.742
2026-03-02T06:40:00+00:00,32.714
2026-03-02T06:45:00+00:00,32.802
2026-03-02T06:50:00+00:00,32.716
2026-03-02T06:55:00+00:00,32.988
2026-03-02T07:00:00+00:00,33.122
2026-03-02T07:05:00+00:00,33.039
2026-03-02T07:10:00+00:00,32.917
2026-03-02T07:15:00+00:00,32.937
2026-03-02T07:20:00+00:00,32.964
2026-03-02T07:25:00+00:00,32.968
2026-03-02T07:30:00+00:00,32.933
2026-03-02T07:35:00+00:00,32.854
2026-03-02T07:40:00+00:00,32.868
2026-03-02T07:45:00+00:00,32.843
2026-03-02T07:50:00+00:00,32.804
2026-03-02T07:55:00+00:00,32.835
2026-03-02T08:00:00+00:00,32.804
2026-03-02T08:05:00+00:00,32.74
2026-03-02T08:10:00+00:00,33.088
2026-03-02T08:15:00+00:00,33.19
2026-03-02T08:20:00+00:00,33.171
2026-03-02T08:25:00+00:00,33.223
2026-03-02T08:30:00+00:00,33.292
2026-03-02T08:35:00+00:00,33.298
2026-03-02T08:40:00+00:00,33.3
2026-03-02T08:45:00+00:00,33.296
2026-03-02T08:50:00+00:00,33.294
2026-03-02T08:55:00+00:00,33.311
2026-03-02T09:00:00+00:00,33.314
2026-03-02T09:05:00+00:00,33.122
2026-03-02T09:10:00+00:00,32.906
2026-03-02T09:15:00+00:00,32.893
2026-03-02T09:20:00+00:00,32.875
2026-03-02T09:25:00+00:00,32.817
2026-03-02T09:30:00+00:00,32.952
2026-03-02T09:35:00+00:00,33.109
2026-03-02T09:40:00+00:00,33.079
2026-03-02T09:45:00+00:00,33.084
2026-03-02T09:50:00+00:00,33.087
2026-03-02T09:55:00+00:00,33.043
2026-03-02T10:00:00+00:00,33.033
2026-03-02T10:05:00+00:00,33.021
2026-03-02T10:10:00+00:00,33.035
2026-03-02T10:15:00+00:00,33.08
2026-03-02T10:20:00+00:00,33.144
2026-03-02T10:25:00+00:00,33.133
2026-03-02T10:30:00+00:00,33.14
2026-03-02T10:35:00+00:00,33.066
2026-03-02T10:40:00+00:00,33.078
2026-03-02T10:45:00+00:00,33.101
2026-03-02T10:50:00+00:00,33.092
2026-03-02T10:55:00+00:00,33.128
2026-03-02T11:00:00+00:00,33.118
2026-03-02T11:05:00+00:00,33.082
2026-03-02T11:10:00+00:00,33.012
2026-03-02T11:15:00+00:00,33.022
2026-03-02T11:20:00+00:00,33.034
2026-03-02T11:25:00+00:00,33.038
2026-03-02T11:30:00+00:00,33.099
2026-03-02T11:35:00+00:00,33.121
2026-03-02T11:40:00+00:00,33.118
2026-03-02T11:45:00+00:00,33.106
2026-03-02T11:50:00+00:00,33.086
2026-03-02T11:55:00+00:00,33.128
2026-03-02T12:00:00+00:00,33.134
2026-03-02T12:05:00+00:00,33.07
2026-03-02T12:10:00+00:00,33.044
2026-03-02T12:15:00+00:00,33.1
2026-03-02T12:20:00+00:00,33.135
2026-03-02T12:25:00+00:00,33.17
2026-03-02T12:30:00+00:00,33.254
2026-03-02T12:35:00+00:00,33.306
2026-03-02T12:40:00+00:00,33.284
2026-03-02T12:45:00+00:00,33.31
2026-03-02T12:50:00+00:00,33.051
2026-03-02T12:55:00+00:00,32.947
2026-03-02T13:00:00+00:00,32.978
2026-03-02T13:05:00+00:00,32.963
2026-03-02T13:10:00+00:00,32.954
2026-03-02T13:15:00+00:00,32.998
2026-03-02T13:20:00+00:00,33.026
2026-03-02T13:25:00+00:00,33.036
2026-03-02T13:30:00+00:00,33.021
2026-03-02T13:35:00+00:00,33.043
2026-03-02T13:40:00+00:00,32.994
2026-03-02T13:45:00+00:00,32.97
2026-03-02T13:50:00+00:00,32.97
2026-03-02T13:55:00+00:00,32.986
2026-03-02T14:00:00+00:00,33.006
2026-03-02T14:05:00+00:00,33.028
2026-03-02T14:10:00+00:00,32.954
2026-03-02T14:15:00+00:00,32.974
2026-03-02T14:20:00+00:00,33.02
2026-03-02T14:25:00+00:00,33.029
2026-03-02T14:30:00+00:00,33.033
2026-03-02T14:35:00+00:00,33.02
2026-03-02T14:40:00+00:00,33.014
2026-03-02T14:45:00+00:00,33.014
2026-03-02T14:50:00+00:00,33.034
2026-03-02T14:55:00+00:00,33.036
2026-03-02T15:00:00+00:00,33.04
2026-03-02T15:05:00+00:00,32.944
2026-03-02T15:10:00+00:00,32.898
2026-03-02T15:15:00+00:00,32.906
2026-03-02T15:20:00+00:00,32.915
2026-03-02T15:25:00+00:00,32.892
2026-03-02T15:30:00+00:00,32.884
2026-03-02T15:35:00+00:00,32.909
2026-03-02T15:40:00+00:00,32.899
2026-03-02T15:45:00+00:00,32.845
2026-03-02T15:50:00+00:00,32.828
2026-03-02T15:55:00+00:00,32.855
2026-03-02T16:00:00+00:00,32.72
2026-03-02T16:05:00+00:00,32.852
2026-03-02T16:10:00+00:00,32.894
2026-03-02T16:15:00+00:00,32.835
2026-03-02T16:20:00+00:00,32.702
2026-03-02T16:25:00+00:00,32.698
2026-03-02T16:30:00+00:00,32.766
2026-03-02T16:35:00+00:00,32.697
2026-03-02T16:40:00+00:00,33.102
2026-03-02T16:45:00+00:00,33.162
2026-03-02T16:50:00+00:00,33.122
2026-03-02T16:55:00+00:00,33.064
2026-03-02T17:00:00+00:00,33.036
2026-03-02T17:05:00+00:00,32.852
2026-03-02T17:10:00+00:00,32.761
2026-03-02T17:15:00+00:00,33.158
2026-03-02T17:20:00+00:00,33.178
2026-03-02T17:25:00+00:00,33.114
2026-03-02T17:30:00+00:00,33.079
2026-03-02T17:35:00+00:00,32.99
2026-03-02T17:40:00+00:00,33.016
2026-03-02T17:45:00+00:00,33.043
2026-03-02T17:50:00+00:00,33.078
2026-03-02T17:55:00+00:00,33.18
2026-03-02T18:00:00+00:00,33.18
2026-03-02T18:05:00+00:00,33.077
2026-03-02T18:10:00+00:00,33.247
2026-03-02T18:15:00+00:00,33.271
2026-03-02T18:20:00+00:00,33.323
2026-03-02T18:25:00+00:00,33.148
2026-03-02T18:30:00+00:00,33.063
2026-03-02T18:35:00+00:00,32.978
2026-03-02T18:40:00+00:00,32.933
2026-03-02T18:45:00+00:00,32.906
2026-03-02T18:50:00+00:00,32.938
2026-03-02T18:55:00+00:00,32.953
2026-03-02T19:00:00+00:00,33.125
2026-03-02T19:05:00+00:00,33.124
2026-03-02T19:10:00+00:00,32.92
2026-03-02T19:15:00+00:00,32.933
2026-03-02T19:20:00+00:00,33.008
2026-03-02T19:25:00+00:00,33.101
2026-03-02T19:30:00+00:00,33.049
2026-03-02T19:35:00+00:00,32.624
2026-03-02T19:40:00+00:00,33.154
2026-03-02T19:45:00+00:00,33.156
2026-03-02T19:50:00+00:00,33.046
2026-03-02T19:55:00+00:00,32.894
2026-03-02T20:00:00+00:00,32.81
2026-03-02T20:05:00+00:00,32.93
2026-03-02T20:10:00+00:00,33.003
2026-03-02T20:15:00+00:00,33.027
2026-03-02T20:20:00+00:00,33.0
2026-03-02T20:25:00+00:00,32.932
2026-03-02T20:30:00+00:00,32.87
2026-03-02T20:35:00+00:00,32.962
2026-03-02T20:40:00+00:00,33.02
2026-03-02T20:45:00+00:00,33.016
2026-03-02T20:50:00+00:00,32.92
2026-03-02T20:55:00+00:00,33.004
2026-03-02T21:00:00+00:00,33.18
2026-03-02T21:05:00+00:00,33.242
2026-03-02T21:10:00+00:00,33.3
2026-03-02T21:15:00+00:00,33.177
2026-03-02T21:20:00+00:00,32.972
2026-03-02T21:25:00+00:00,33.036
2026-03-02T21:30:00+00:00,33.061
2026-03-02T21:35:00+00:00,32.805
2026-03-02T21:40:00+00:00,33.018
2026-03-02T21:45:00+00:00,33.032
2026-03-02T21:50:00+00:00,33.117
2026-03-02T21:55:00+00:00,33.206
2026-03-02T22:00:00+00:00,33.232
2026-03-02T22:05:00+00:00,33.102
2026-03-02T22:10:00+00:00,32.799
2026-03-02T22:15:00+00:00,33.014
2026-03-02T22:20:00+00:00,33.086
2026-03-02T22:25:00+00:00,33.138
2026-03-02T22:30:00+00:00,33.165
2026-03-02T22:35:00+00:00,33.182
2026-03-02T22:40:00+00:00,33.244
2026-03-02T22:45:00+00:00,33.26
2026-03-02T22:50:00+00:00,33.27
2026-03-02T22:55:00+00:00,33.027
2026-03-02T23:00:00+00:00,32.958
2026-03-02T23:05:00+00:00,33.046
2026-03-02T23:10:00+00:00,33.097
2026-03-02T23:15:00+00:00,33.088
2026-03-02T23:20:00+00:00,33.119
2026-03-02T23:25:00+00:00,33.073
2026-03-02T23:30:00+00:00,33.055
2026-03-02T23:35:00+00:00,33.063
2026-03-02T23:40:00+00:00,33.104
2026-03-02T23:45:00+00:00,33.108
2026-03-02T23:50:00+00:00,33.182
2026-03-02T23:55:00+00:00,33.201
2026-03-03T00:00:00+00:00,33.249
2026-03-03T00:05:00+00:00,33.156
2026-03-03T00:10:00+00:00,33.02
2026-03-03T00:15:00+00:00,33.038
2026-03-03T00:20:00+00:00,33.044
2026-03-03T00:25:00+00:00,33.124
2026-03-03T00:30:00+00:00,33.172
2026-03-03T00:35:00+00:00,33.073
2026-03-03T00:40:00+00:00,33.036
2026-03-03T00:45:00+00:00,33.0
2026-03-03T00:50:00+00:00,33.058
2026-03-03T00:55:00+00:00,33.052
2026-03-03T01:00:00+00:00,33.062
2026-03-03T01:05:00+00:00,33.015
2026-03-03T01:10:00+00:00,33.012
2026-03-03T01:15:00+00:00,33.098
2026-03-03T01:20:00+00:00,33.1
2026-03-03T01:25:00+00:00,33.101
2026-03-03T01:30:00+00:00,33.133
2026-03-03T01:35:00+00:00,33.124
2026-03-03T01:40:00+00:00,33.122
2026-03-03T01:45:00+00:00,33.12
2026-03-03T01:50:00+00:00,33.08
2026-03-03T01:55:00+00:00,33.112
2026-03-03T02:00:00+00:00,33.114
2026-03-03T02:05:00+00:00,33.075
2026-03-03T02:10:00+00:00,33.098
2026-03-03T02:15:00+00:00,33.126
2026-03-03T02:20:00+00:00,33.15
2026-03-03T02:25:00+00:00,33.104
2026-03-03T02:30:00+00:00,33.11
2026-03-03T02:35:00+00:00,33.168
2026-03-03T02:40:00+00:00,33.171
2026-03-03T02:45:00+00:00,33.144
2026-03-03T02:50:00+00:00,33.155
2026-03-03T02:55:00+00:00,33.227
2026-03-03T03:00:00+00:00,33.244
2026-03-03T03:05:00+00:00,32.864
2026-03-03T03:10:00+00:00,32.815
2026-03-03T03:15:00+00:00,32.858
2026-03-03T03:20:00+00:00,32.85
2026-03-03T03:25:00+00:00,32.872
2026-03-03T03:30:00+00:00,32.908
2026-03-03T03:35:00+00:00,32.95
2026-03-03T03:40:00+00:00,32.942
2026-03-03T03:45:00+00:00,32.949
2026-03-03T03:50:00+00:00,32.955
2026-03-03T03:55:00+00:00,33.007
2026-03-03T04:00:00+00:00,33.014
2026-03-03T04:05:00+00:00,33.013
2026-03-03T04:10:00+00:00,33.046
2026-03-03T04:15:00+00:00,32.981
2026-03-03T04:20:00+00:00,32.99
2026-03-03T04:25:00+00:00,32.997
2026-03-03T04:30:00+00:00,33.05
2026-03-03T04:35:00+00:00,33.032
2026-03-03T04:40:00+00:00,33.024
2026-03-03T04:45:00+00:00,33.035
2026-03-03T04:50:00+00:00,33.03
2026-03-03T04:55:00+00:00,33.045
2026-03-03T05:00:00+00:00,33.039
2026-03-03T05:05:00+00:00,33.003
2026-03-03T05:10:00+00:00,32.96
2026-03-03T05:15:00+00:00,32.894
2026-03-03T05:20:00+00:00,32.894
2026-03-03T05:25:00+00:00,32.905
2026-03-03T05:30:00+00:00,32.902
2026-03-03T05:35:00+00:00,32.855
2026-03-03T05:40:00+00:00,32.842
2026-03-03T05:45:00+00:00,32.844
2026-03-03T05:50:00+00:00,32.809
2026-03-03T05:55:00+00:00,32.732
2026-03-03T06:00:00+00:00,32.728
2026-03-03T06:05:00+00:00,32.816
2026-03-03T06:10:00+00:00,32.718
2026-03-03T06:15:00+00:00,32.7
2026-03-03T06:20:00+00:00,32.705
2026-03-03T06:25:00+00:00,32.817
2026-03-03T06:30:00+00:00,32.853
2026-03-03T06:35:00+00:00,32.793
2026-03-03T06:40:00+00:00,32.692
2026-03-03T06:45:00+00:00,32.758
2026-03-03T06:50:00+00:00,32.957
2026-03-03T06:55:00+00:00,32.912
2026-03-03T07:00:00+00:00,32.952
2026-03-03T07:05:00+00:00,33.018
2026-03-03T07:10:00+00:00,32.894
2026-03-03T07:15:00+00:00,32.858
2026-03-03T07:20:00+00:00,32.755
2026-03-03T07:25:00+00:00,32.777
2026-03-03T07:30:00+00:00,32.89
2026-03-03T07:35:00+00:00,32.98
2026-03-03T07:40:00+00:00,32.971
2026-03-03T07:45:00+00:00,32.939
2026-03-03T07:50:00+00:00,32.888
2026-03-03T07:55:00+00:00,32.868
2026-03-03T08:00:00+00:00,32.838
2026-03-03T08:05:00+00:00,32.751
2026-03-03T08:10:00+00:00,32.809
2026-03-03T08:15:00+00:00,32.856
2026-03-03T08:20:00+00:00,32.868
2026-03-03T08:25:00+00:00,32.872
2026-03-03T08:30:00+00:00,32.872
2026-03-03T08:35:00+00:00,32.886
2026-03-03T08:40:00+00:00,32.886
2026-03-03T08:45:00+00:00,32.889
2026-03-03T08:50:00+00:00,32.909
2026-03-03T08:55:00+00:00,32.898
2026-03-03T09:00:00+00:00,32.89
2026-03-03T09:05:00+00:00,32.869
2026-03-03T09:10:00+00:00,32.9
2026-03-03T09:15:00+00:00,32.918
2026-03-03T09:20:00+00:00,32.948
2026-03-03T09:25:00+00:00,32.97
2026-03-03T09:30:00+00:00,32.986
2026-03-03T09:35:00+00:00,32.984
2026-03-03T09:40:00+00:00,32.957
2026-03-03T09:45:00+00:00,32.975
2026-03-03T09:50:00+00:00,32.955
2026-03-03T09:55:00+00:00,32.991
2026-03-03T10:00:00+00:00,33.049
2026-03-03T10:05:00+00:00,33.106
2026-03-03T10:10:00+00:00,33.144
2026-03-03T10:15:00+00:00,33.143
2026-03-03T10:20:00+00:00,33.153
2026-03-03T10:25:00+00:00,33.14
2026-03-03T10:30:00+00:00,33.147
2026-03-03T10:35:00+00:00,33.104
2026-03-03T10:40:00+00:00,33.101
2026-03-03T10:45:00+00:00,33.122
2026-03-03T10:50:00+00:00,33.109
2026-03-03T10:55:00+00:00,33.116
2026-03-03T11:00:00+00:00,33.144
2026-03-03T11:05:00+00:00,33.139
2026-03-03T11:10:00+00:00,33.146
2026-03-03T11:15:00+00:00,33.162
2026-03-03T11:20:00+00:00,33.176
2026-03-03T11:25:00+00:00,33.156
2026-03-03T11:30:00+00:00,33.168
2026-03-03T11:35:00+00:00,33.19
2026-03-03T11:40:00+00:00,33.216
2026-03-03T11:45:00+00:00,33.219
2026-03-03T11:50:00+00:00,33.186
2026-03-03T11:55:00+00:00,33.181
2026-03-03T12:00:00+00:00,33.22
2026-03-03T12:05:00+00:00,33.251
2026-03-03T12:10:00+00:00,33.243
2026-03-03T12:15:00+00:00,32.937
2026-03-03T12:20:00+00:00,32.854
2026-03-03T12:25:00+00:00,32.873
2026-03-03T12:30:00+00:00,32.912
2026-03-03T12:35:00+00:00,32.944
2026-03-03T12:40:00+00:00,32.944
2026-03-03T12:45:00+00:00,32.904
2026-03-03T12:50:00+00:00,32.868
2026-03-03T12:55:00+00:00,32.894
2026-03-03T13:00:00+00:00,32.924
2026-03-03T13:05:00+00:00,32.826
2026-03-03T13:10:00+00:00,32.769
2026-03-03T13:15:00+00:00,32.776
2026-03-03T13:20:00+00:00,32.763
2026-03-03T13:25:00+00:00,32.805
2026-03-03T13:30:00+00:00,32.804
2026-03-03T13:35:00+00:00,32.798
2026-03-03T13:40:00+00:00,32.805
2026-03-03T13:45:00+00:00,32.826
2026-03-03T13:50:00+00:00,32.794
2026-03-03T13:55:00+00:00,32.816
2026-03-03T14:00:00+00:00,32.814
2026-03-03T14:05:00+00:00,32.88
2026-03-03T14:10:00+00:00,32.901
2026-03-03T14:15:00+00:00,32.891
2026-03-03T14:20:00+00:00,32.89
2026-03-03T14:25:00+00:00,32.863
2026-03-03T14:30:00+00:00,32.886
2026-03-03T14:35:00+00:00,32.856
2026-03-03T14:40:00+00:00,32.826
2026-03-03T14:45:00+00:00,32.864
2026-03-03T14:50:00+00:00,32.853
2026-03-03T14:55:00+00:00,32.854
2026-03-03T15:00:00+00:00,32.876
2026-03-03T15:05:00+00:00,32.88
2026-03-03T15:10:00+00:00,32.898
2026-03-03T15:15:00+00:00,32.912
2026-03-03T15:20:00+00:00,32.902
2026-03-03T15:25:00+00:00,32.882
2026-03-03T15:30:00+00:00,32.868
2026-03-03T15:35:00+00:00,32.847
2026-03-03T15:40:00+00:00,32.847
2026-03-03T15:45:00+00:00,32.803
2026-03-03T15:50:00+00:00,32.758
2026-03-03T15:55:00+00:00,32.703
2026-03-03T16:00:00+00:00,32.982
2026-03-03T16:05:00+00:00,32.963
2026-03-03T16:10:00+00:00,32.894
2026-03-03T16:15:00+00:00,32.851
2026-03-03T16:20:00+00:00,32.773
2026-03-03T16:25:00+00:00,32.717
2026-03-03T16:30:00+00:00,32.7
2026-03-03T16:35:00+00:00,32.696
2026-03-03T16:40:00+00:00,32.692
2026-03-03T16:45:00+00:00,32.674
2026-03-03T16:50:00+00:00,32.793
2026-03-03T16:55:00+00:00,33.006
2026-03-03T17:00:00+00:00,32.999
2026-03-03T17:05:00+00:00,32.968
2026-03-03T17:10:00+00:00,33.073
2026-03-03T17:15:00+00:00,33.228
2026-03-03T17:20:00+00:00,33.19
2026-03-03T17:25:00+00:00,33.181
2026-03-03T17:30:00+00:00,33.178
2026-03-03T17:35:00+00:00,33.238
2026-03-03T17:40:00+00:00,33.162
2026-03-03T17:45:00+00:00,33.123
2026-03-03T17:50:00+00:00,33.09
2026-03-03T17:55:00+00:00,33.122
2026-03-03T18:00:00+00:00,33.132
2026-03-03T18:05:00+00:00,33.0
2026-03-03T18:10:00+00:00,33.003
2026-03-03T18:15:00+00:00,33.007
2026-03-03T18:20:00+00:00,33.01
2026-03-03T18:25:00+00:00,33.062
2026-03-03T18:30:00+00:00,33.12
2026-03-03T18:35:00+00:00,33.201
2026-03-03T18:40:00+00:00,33.256
2026-03-03T18:45:00+00:00,33.284
2026-03-03T18:50:00+00:00,33.266
2026-03-03T18:55:00+00:00,33.248
2026-03-03T19:00:00+00:00,33.265
2026-03-03T19:05:00+00:00,32.996
2026-03-03T19:10:00+00:00,33.069
2026-03-03T19:15:00+00:00,33.026
2026-03-03T19:20:00+00:00,33.044
2026-03-03T19:25:00+00:00,32.735
2026-03-03T19:30:00+00:00,32.736
2026-03-03T19:35:00+00:00,32.906
2026-03-03T19:40:00+00:00,32.961
2026-03-03T19:45:00+00:00,32.954
2026-03-03T19:50:00+00:00,32.986
2026-03-03T19:55:00+00:00,33.012
2026-03-03T20:00:00+00:00,33.089
2026-03-03T20:05:00+00:00,32.983
2026-03-03T20:10:00+00:00,33.064
2026-03-03T20:15:00+00:00,33.14
2026-03-03T20:20:00+00:00,33.174
2026-03-03T20:25:00+00:00,32.76
2026-03-03T20:30:00+00:00,32.942
2026-03-03T20:35:00+00:00,32.978
2026-03-03T20:40:00+00:00,33.008
2026-03-03T20:45:00+00:00,33.006
2026-03-03T20:50:00+00:00,33.038
2026-03-03T20:55:00+00:00,33.076
2026-03-03T21:00:00+00:00,33.076
2026-03-03T21:05:00+00:00,32.996
2026-03-03T21:10:00+00:00,32.935
2026-03-03T21:15:00+00:00,33.008
2026-03-03T21:20:00+00:00,33.025
2026-03-03T21:25:00+00:00,33.004
2026-03-03T21:30:00+00:00,33.096
2026-03-03T21:35:00+00:00,33.232
2026-03-03T21:40:00+00:00,32.868
2026-03-03T21:45:00+00:00,32.865
2026-03-03T21:50:00+00:00,32.858
2026-03-03T21:55:00+00:00,32.878
2026-03-03T22:00:00+00:00,32.989
2026-03-03T22:05:00+00:00,33.094
2026-03-03T22:10:00+00:00,33.074
2026-03-03T22:15:00+00:00,33.03
2026-03-03T22:20:00+00:00,33.055
2026-03-03T22:25:00+00:00,33.112
2026-03-03T22:30:00+00:00,33.185
2026-03-03T22:35:00+00:00,33.226
2026-03-03T22:40:00+00:00,33.138
2026-03-03T22:45:00+00:00,32.915
2026-03-03T22:50:00+00:00,32.96
2026-03-03T22:55:00+00:00,32.999
2026-03-03T23:00:00+00:00,33.073
2026-03-03T23:05:00+00:00,33.101
2026-03-03T23:10:00+00:00,33.144
2026-03-03T23:15:00+00:00,33.075
2026-03-03T23:20:00+00:00,33.028
2026-03-03T23:25:00+00:00,32.927
2026-03-03T23:30:00+00:00,33.002
2026-03-03T23:35:00+00:00,33.073
2026-03-03T23:40:00+00:00,33.046
2026-03-03T23:45:00+00:00,33.0
2026-03-03T23:50:00+00:00,33.038
2026-03-03T23:55:00+00:00,33.012
2026-03-04T00:00:00+00:00,33.056
2026-03-04T00:05:00+00:00,32.978
2026-03-04T00:10:00+00:00,32.841
2026-03-04T00:15:00+00:00,32.868
2026-03-04T00:20:00+00:00,32.882
2026-03-04T00:25:00+00:00,32.852
2026-03-04T00:30:00+00:00,32.928
2026-03-04T00:35:00+00:00,32.831
2026-03-04T00:40:00+00:00,32.778
2026-03-04T00:45:00+00:00,32.748
2026-03-04T00:50:00+00:00,32.775
2026-03-04T00:55:00+00:00,32.742
2026-03-04T01:00:00+00:00,32.843
2026-03-04T01:05:00+00:00,32.745
2026-03-04T01:10:00+00:00,32.7
2026-03-04T01:15:00+00:00,32.732
2026-03-04T01:20:00+00:00,32.775
2026-03-04T01:25:00+00:00,32.822
2026-03-04T01:30:00+00:00,32.944
2026-03-04T01:35:00+00:00,32.982
2026-03-04T01:40:00+00:00,32.994
2026-03-04T01:45:00+00:00,33.0
2026-03-04T01:50:00+00:00,33.028
2026-03-04T01:55:00+00:00,33.03
2026-03-04T02:00:00+00:00,33.096
2026-03-04T02:05:00+00:00,33.116
2026-03-04T02:10:00+00:00,33.086
2026-03-04T02:15:00+00:00,33.135
2026-03-04T02:20:00+00:00,33.107
2026-03-04T02:25:00+00:00,33.104
2026-03-04T02:30:00+00:00,33.146
2026-03-04T02:35:00+00:00,33.147
2026-03-04T02:40:00+00:00,33.148
2026-03-04T02:45:00+00:00,33.173
2026-03-04T02:50:00+00:00,33.218
2026-03-04T02:55:00+00:00,33.162
2026-03-04T03:00:00+00:00,32.98
2026-03-04T03:05:00+00:00,32.814
2026-03-04T03:10:00+00:00,32.804
2026-03-04T03:15:00+00:00,32.878
2026-03-04T03:20:00+00:00,32.888
2026-03-04T03:25:00+00:00,32.874
2026-03-04T03:30:00+00:00,32.902
2026-03-04T03:35:00+00:00,32.866
2026-03-04T03:40:00+00:00,32.822
2026-03-04T03:45:00+00:00,32.819
2026-03-04T03:50:00+00:00,32.852
2026-03-04T03:55:00+00:00,32.849
2026-03-04T04:00:00+00:00,32.88
2026-03-04T04:05:00+00:00,32.832
2026-03-04T04:10:00+00:00,32.813
2026-03-04T04:15:00+00:00,32.82
2026-03-04T04:20:00+00:00,32.833
2026-03-04T04:25:00+00:00,32.848
2026-03-04T04:30:00+00:00,32.84
2026-03-04T04:35:00+00:00,32.785
2026-03-04T04:40:00+00:00,32.73
2026-03-04T04:45:00+00:00,32.758
2026-03-04T04:50:00+00:00,32.712
2026-03-04T04:55:00+00:00,32.707
2026-03-04T05:00:00+00:00,32.692
2026-03-04T05:05:00+00:00,32.899
2026-03-04T05:10:00+00:00,32.899
2026-03-04T05:15:00+00:00,32.89
2026-03-04T05:20:00+00:00,32.896
2026-03-04T05:25:00+00:00,32.864
2026-03-04T05:30:00+00:00,32.914
2026-03-04T05:35:00+00:00,32.877
2026-03-04T05:40:00+00:00,32.875
2026-03-04T05:45:00+00:00,32.898
2026-03-04T05:50:00+00:00,32.872
2026-03-04T05:55:00+00:00,32.828
2026-03-04T06:00:00+00:00,32.868
2026-03-04T06:05:00+00:00,32.841
2026-03-04T06:10:00+00:00,32.772
2026-03-04T06:15:00+00:00,32.871
2026-03-04T06:20:00+00:00,32.826
2026-03-04T06:25:00+00:00,32.817
2026-03-04T06:30:00+00:00,32.798
2026-03-04T06:35:00+00:00,32.745
2026-03-04T06:40:00+00:00,33.02
2026-03-04T06:45:00+00:00,32.965
2026-03-04T06:50:00+00:00,32.928
2026-03-04T06:55:00+00:00,32.951
2026-03-04T07:00:00+00:00,33.128
2026-03-04T07:05:00+00:00,33.078
2026-03-04T07:10:00+00:00,32.904
2026-03-04T07:15:00+00:00,32.775
2026-03-04T07:20:00+00:00,32.757
2026-03-04T07:25:00+00:00,33.002
2026-03-04T07:30:00+00:00,33.065
2026-03-04T07:35:00+00:00,33.113
2026-03-04T07:40:00+00:00,33.112
2026-03-04T07:45:00+00:00,33.072
2026-03-04T07:50:00+00:00,33.04
2026-03-04T07:55:00+00:00,33.022
2026-03-04T08:00:00+00:00,33.061
2026-03-04T08:05:00+00:00,33.097
2026-03-04T08:10:00+00:00,33.132
2026-03-04T08:15:00+00:00,33.102
2026-03-04T08:20:00+00:00,33.06
2026-03-04T08:25:00+00:00,33.079
2026-03-04T08:30:00+00:00,33.159
2026-03-04T08:35:00+00:00,33.149
2026-03-04T08:40:00+00:00,33.076
2026-03-04T08:45:00+00:00,33.055
2026-03-04T08:50:00+00:00,33.07
2026-03-04T08:55:00+00:00,33.103
2026-03-04T09:00:00+00:00,33.026
2026-03-04T09:05:00+00:00,33.002
2026-03-04T09:10:00+00:00,32.987
2026-03-04T09:15:00+00:00,33.048
2026-03-04T09:20:00+00:00,33.019
2026-03-04T09:25:00+00:00,33.049
2026-03-04T09:30:00+00:00,33.075
2026-03-04T09:35:00+00:00,33.146
2026-03-04T09:40:00+00:00,33.116
2026-03-04T09:45:00+00:00,33.144
2026-03-04T09:50:00+00:00,33.162
2026-03-04T09:55:00+00:00,33.15
2026-03-04T10:00:00+00:00,33.182
2026-03-04T10:05:00+00:00,33.173
2026-03-04T10:10:00+00:00,33.048
2026-03-04T10:15:00+00:00,33.014
2026-03-04T10:20:00+00:00,33.043
2026-03-04T10:25:00+00:00,33.046
2026-03-04T10:30:00+00:00,33.112
2026-03-04T10:35:00+00:00,33.155
2026-03-04T10:40:00+00:00,33.154
2026-03-04T10:45:00+00:00,33.108
2026-03-04T10:50:00+00:00,33.147
2026-03-04T10:55:00+00:00,33.198
2026-03-04T11:00:00+00:00,33.305
2026-03-04T11:05:00+00:00,33.13
2026-03-04T11:10:00+00:00,33.042
2026-03-04T11:15:00+00:00,33.018
2026-03-04T11:20:00+00:00,33.064
2026-03-04T11:25:00+00:00,33.127
2026-03-04T11:30:00+00:00,33.279
2026-03-04T11:35:00+00:00,33.302
2026-03-04T11:40:00+00:00,33.224
2026-03-04T11:45:00+00:00,33.097
2026-03-04T11:50:00+00:00,32.949
2026-03-04T11:55:00+00:00,32.848
2026-03-04T12:00:00+00:00,32.877
2026-03-04T12:05:00+00:00,32.835
2026-03-04T12:10:00+00:00,32.829
2026-03-04T12:15:00+00:00,32.846
2026-03-04T12:20:00+00:00,32.848
2026-03-04T12:25:00+00:00,32.84
2026-03-04T12:30:00+00:00,32.876
2026-03-04T12:35:00+00:00,32.894
2026-03-04T12:40:00+00:00,32.863
2026-03-04T12:45:00+00:00,32.872
2026-03-04T12:50:00+00:00,32.894
2026-03-04T12:55:00+00:00,32.92
2026-03-04T13:00:00+00:00,32.968
2026-03-04T13:05:00+00:00,32.961
2026-03-04T13:10:00+00:00,32.92
2026-03-04T13:15:00+00:00,32.938
2026-03-04T13:20:00+00:00,32.891
2026-03-04T13:25:00+00:00,32.927
2026-03-04T13:30:00+00:00,32.934
2026-03-04T13:35:00+00:00,32.987
2026-03-04T13:40:00+00:00,33.09
2026-03-04T13:45:00+00:00,33.09
2026-03-04T13:50:00+00:00,33.112
2026-03-04T13:55:00+00:00,33.149
2026-03-04T14:00:00+00:00,33.096
2026-03-04T14:05:00+00:00,32.986
2026-03-04T14:10:00+00:00,32.834
2026-03-04T14:15:00+00:00,32.823
2026-03-04T14:20:00+00:00,32.854
2026-03-04T14:25:00+00:00,32.866
2026-03-04T14:30:00+00:00,32.965
2026-03-04T14:35:00+00:00,33.006
2026-03-04T14:40:00+00:00,33.008
2026-03-04T14:45:00+00:00,33.054
2026-03-04T14:50:00+00:00,33.088
2026-03-04T14:55:00+00:00,33.094
2026-03-04T15:00:00+00:00,33.08
2026-03-04T15:05:00+00:00,33.111
2026-03-04T15:10:00+00:00,33.089
2026-03-04T15:15:00+00:00,33.073
2026-03-04T15:20:00+00:00,33.032
2026-03-04T15:25:00+00:00,33.042
2026-03-04T15:30:00+00:00,33.006
2026-03-04T15:35:00+00:00,32.906
2026-03-04T15:40:00+00:00,32.758
2026-03-04T15:45:00+00:00,32.719
2026-03-04T15:50:00+00:00,32.705
2026-03-04T15:55:00+00:00,32.77
2026-03-04T16:00:00+00:00,32.697
2026-03-04T16:05:00+00:00,32.726
2026-03-04T16:10:00+00:00,33.185
2026-03-04T16:15:00+00:00,33.274
2026-03-04T16:20:00+00:00,33.273
2026-03-04T16:25:00+00:00,33.34
2026-03-04T16:30:00+00:00,33.307
2026-03-04T16:35:00+00:00,33.199
2026-03-04T16:40:00+00:00,33.174
2026-03-04T16:45:00+00:00,32.963
2026-03-04T16:50:00+00:00,32.946
2026-03-04T16:55:00+00:00,32.957
2026-03-04T17:00:00+00:00,32.912
2026-03-04T17:05:00+00:00,32.784
2026-03-04T17:10:00+00:00,33.166
2026-03-04T17:15:00+00:00,33.165
2026-03-04T17:20:00+00:00,33.102
2026-03-04T17:25:00+00:00,33.052
2026-03-04T17:30:00+00:00,33.13
2026-03-04T17:35:00+00:00,33.154
2026-03-04T17:40:00+00:00,33.19
2026-03-04T17:45:00+00:00,33.2
2026-03-04T17:50:00+00:00,33.2
2026-03-04T17:55:00+00:00,33.274
2026-03-04T18:00:00+00:00,33.315
2026-03-04T18:05:00+00:00,33.159
2026-03-04T18:10:00+00:00,33.112
2026-03-04T18:15:00+00:00,33.06
2026-03-04T18:20:00+00:00,33.026
2026-03-04T18:25:00+00:00,33.025
2026-03-04T18:30:00+00:00,33.013
2026-03-04T18:35:00+00:00,32.976
2026-03-04T18:40:00+00:00,32.938
2026-03-04T18:45:00+00:00,32.932
2026-03-04T18:50:00+00:00,32.98
2026-03-04T18:55:00+00:00,33.016
2026-03-04T19:00:00+00:00,33.165
2026-03-04T19:05:00+00:00,33.02
2026-03-04T19:10:00+00:00,32.714
2026-03-04T19:15:00+00:00,32.724
2026-03-04T19:20:00+00:00,32.765
2026-03-04T19:25:00+00:00,32.808
2026-03-04T19:30:00+00:00,32.884
2026-03-04T19:35:00+00:00,32.966
2026-03-04T19:40:00+00:00,32.993
2026-03-04T19:45:00+00:00,32.975
2026-03-04T19:50:00+00:00,33.003
2026-03-04T19:55:00+00:00,33.017
2026-03-04T20:00:00+00:00,33.108
2026-03-04T20:05:00+00:00,33.107
2026-03-04T20:10:00+00:00,33.252
2026-03-04T20:15:00+00:00,33.262
2026-03-04T20:20:00+00:00,33.216
2026-03-04T20:25:00+00:00,33.284
2026-03-04T20:30:00+00:00,33.22
2026-03-04T20:35:00+00:00,33.207
2026-03-04T20:40:00+00:00,33.025
2026-03-04T20:45:00+00:00,32.875
2026-03-04T20:50:00+00:00,32.888
2026-03-04T20:55:00+00:00,32.932
2026-03-04T21:00:00+00:00,32.914
2026-03-04T21:05:00+00:00,32.882
2026-03-04T21:10:00+00:00,32.976
2026-03-04T21:15:00+00:00,33.026
2026-03-04T21:20:00+00:00,33.01
2026-03-04T21:25:00+00:00,33.079
2026-03-04T21:30:00+00:00,33.104
2026-03-04T21:35:00+00:00,33.066
2026-03-04T21:40:00+00:00,33.083
2026-03-04T21:45:00+00:00,33.246
2026-03-04T21:50:00+00:00,33.296
2026-03-04T21:55:00+00:00,32.978
2026-03-04T22:00:00+00:00,33.02
2026-03-04T22:05:00+00:00,33.09
2026-03-04T22:10:00+00:00,33.034
2026-03-04T22:15:00+00:00,32.948
2026-03-04T22:20:00+00:00,32.957
2026-03-04T22:25:00+00:00,32.994
2026-03-04T22:30:00+00:00,33.03
2026-03-04T22:35:00+00:00,33.016
2026-03-04T22:40:00+00:00,32.892
2026-03-04T22:45:00+00:00,33.009
2026-03-04T22:50:00+00:00,33.104
2026-03-04T22:55:00+00:00,33.212
2026-03-04T23:00:00+00:00,33.248
2026-03-04T23:05:00+00:00,33.18
2026-03-04T23:10:00+00:00,33.21
2026-03-04T23:15:00+00:00,33.183
2026-03-04T23:20:00+00:00,32.87
2026-03-04T23:25:00+00:00,32.902
2026-03-04T23:30:00+00:00,33.039
2026-03-04T23:35:00+00:00,32.95
2026-03-04T23:40:00+00:00,32.932
2026-03-04T23:45:00+00:00,32.985
2026-03-04T23:50:00+00:00,33.024
2026-03-04T23:55:00+00:00,33.024
2026-03-05T00:00:00+00:00,33.024
2026-03-05T00:05:00+00:00,33.0
2026-03-05T00:10:00+00:00,32.912
2026-03-05T00:15:00+00:00,32.952
2026-03-05T00:20:00+00:00,32.954
2026-03-05T00:25:00+00:00,32.972
2026-03-05T00:30:00+00:00,32.999
2026-03-05T00:35:00+00:00,32.874
2026-03-05T00:40:00+00:00,32.719
2026-03-05T00:45:00+00:00,32.706
2026-03-05T00:50:00+00:00,32.778
2026-03-05T00:55:00+00:00,32.79
2026-03-05T01:00:00+00:00,32.811
2026-03-05T01:05:00+00:00,32.805
2026-03-05T01:10:00+00:00,32.808
2026-03-05T01:15:00+00:00,32.868
2026-03-05T01:20:00+00:00,32.889
2026-03-05T01:25:00+00:00,32.899
2026-03-05T01:30:00+00:00,32.97
2026-03-05T01:35:00+00:00,33.022
2026-03-05T01:40:00+00:00,33.057
2026-03-05T01:45:00+00:00,33.076
2026-03-05T01:50:00+00:00,33.022
2026-03-05T01:55:00+00:00,33.078
2026-03-05T02:00:00+00:00,33.026
2026-03-05T02:05:00+00:00,32.844
2026-03-05T02:10:00+00:00,32.854
2026-03-05T02:15:00+00:00,32.899
2026-03-05T02:20:00+00:00,32.869
2026-03-05T02:25:00+00:00,32.8
2026-03-05T02:30:00+00:00,32.83
2026-03-05T02:35:00+00:00,32.793
2026-03-05T02:40:00+00:00,32.822
2026-03-05T02:45:00+00:00,32.852
2026-03-05T02:50:00+00:00,32.898
2026-03-05T02:55:00+00:00,32.898
2026-03-05T03:00:00+00:00,32.932
2026-03-05T03:05:00+00:00,32.898
2026-03-05T03:10:00+00:00,32.9
2026-03-05T03:15:00+00:00,32.882
2026-03-05T03:20:00+00:00,32.802
2026-03-05T03:25:00+00:00,32.804
2026-03-05T03:30:00+00:00,32.892
2026-03-05T03:35:00+00:00,32.922
2026-03-05T03:40:00+00:00,32.998
2026-03-05T03:45:00+00:00,32.982
2026-03-05T03:50:00+00:00,33.018
2026-03-05T03:55:00+00:00,33.069
2026-03-05T04:00:00+00:00,33.075
2026-03-05T04:05:00+00:00,32.932
2026-03-05T04:10:00+00:00,32.927
2026-03-05T04:15:00+00:00,32.934
2026-03-05T04:20:00+00:00,32.922
2026-03-05T04:25:00+00:00,32.9
2026-03-05T04:30:00+00:00,32.901
2026-03-05T04:35:00+00:00,32.932
2026-03-05T04:40:00+00:00,32.9
2026-03-05T04:45:00+00:00,32.926
2026-03-05T04:50:00+00:00,32.931
2026-03-05T04:55:00+00:00,32.873
2026-03-05T05:00:00+00:00,32.801
2026-03-05T05:05:00+00:00,32.84
2026-03-05T05:10:00+00:00,32.951
2026-03-05T05:15:00+00:00,32.912
2026-03-05T05:20:00+00:00,32.916
2026-03-05T05:25:00+00:00,32.946
2026-03-05T05:30:00+00:00,32.951
2026-03-05T05:35:00+00:00,32.95
2026-03-05T05:40:00+00:00,32.96
2026-03-05T05:45:00+00:00,33.052
2026-03-05T05:50:00+00:00,33.083
2026-03-05T05:55:00+00:00,33.051
2026-03-05T06:00:00+00:00,33.085
2026-03-05T06:05:00+00:00,32.939
2026-03-05T06:10:00+00:00,32.787
2026-03-05T06:15:00+00:00,32.768
2026-03-05T06:20:00+00:00,32.732
2026-03-05T06:25:00+00:00,32.737
2026-03-05T06:30:00+00:00,32.981
2026-03-05T06:35:00+00:00,32.978
2026-03-05T06:40:00+00:00,32.947
2026-03-05T06:45:00+00:00,33.154
2026-03-05T06:50:00+00:00,33.1
2026-03-05T06:55:00+00:00,33.097
2026-03-05T07:00:00+00:00,33.208
2026-03-05T07:05:00+00:00,33.127
2026-03-05T07:10:00+00:00,33.03
2026-03-05T07:15:00+00:00,32.965
2026-03-05T07:20:00+00:00,33.01
2026-03-05T07:25:00+00:00,33.007
2026-03-05T07:30:00+00:00,33.015
2026-03-05T07:35:00+00:00,33.032
2026-03-05T07:40:00+00:00,33.046
2026-03-05T07:45:00+00:00,33.073
2026-03-05T07:50:00+00:00,33.021
2026-03-05T07:55:00+00:00,33.079
2026-03-05T08:00:00+00:00,33.088
2026-03-05T08:05:00+00:00,33.05
2026-03-05T08:10:00+00:00,33.118
2026-03-05T08:15:00+00:00,33.156
2026-03-05T08:20:00+00:00,33.138
2026-03-05T08:25:00+00:00,33.152
2026-03-05T08:30:00+00:00,33.194
2026-03-05T08:35:00+00:00,33.213
2026-03-05T08:40:00+00:00,33.232
2026-03-05T08:45:00+00:00,33.194
2026-03-05T08:50:00+00:00,33.178
2026-03-05T08:55:00+00:00,33.13
2026-03-05T09:00:00+00:00,33.223
2026-03-05T09:05:00+00:00,33.306
2026-03-05T09:10:00+00:00,33.25
2026-03-05T09:15:00+00:00,33.224
2026-03-05T09:20:00+00:00,33.198
2026-03-05T09:25:00+00:00,33.195
2026-03-05T09:30:00+00:00,33.208
2026-03-05T09:35:00+00:00,33.264
2026-03-05T09:40:00+00:00,33.196
2026-03-05T09:45:00+00:00,33.202
2026-03-05T09:50:00+00:00,33.264
2026-03-05T09:55:00+00:00,33.292
2026-03-05T10:00:00+00:00,33.273
2026-03-05T10:05:00+00:00,33.014
2026-03-05T10:10:00+00:00,32.98
2026-03-05T10:15:00+00:00,32.944
2026-03-05T10:20:00+00:00,32.848
2026-03-05T10:25:00+00:00,32.814
2026-03-05T10:30:00+00:00,32.769
2026-03-05T10:35:00+00:00,32.734
2026-03-05T10:40:00+00:00,32.697
2026-03-05T10:45:00+00:00,32.704
2026-03-05T10:50:00+00:00,32.748
2026-03-05T10:55:00+00:00,32.793
2026-03-05T11:00:00+00:00,32.805
2026-03-05T11:05:00+00:00,32.848
2026-03-05T11:10:00+00:00,32.822
2026-03-05T11:15:00+00:00,32.88
2026-03-05T11:20:00+00:00,32.897
2026-03-05T11:25:00+00:00,32.925
2026-03-05T11:30:00+00:00,32.957
2026-03-05T11:35:00+00:00,32.994
2026-03-05T11:40:00+00:00,32.967
2026-03-05T11:45:00+00:00,32.956
2026-03-05T11:50:00+00:00,32.904
2026-03-05T11:55:00+00:00,32.93
2026-03-05T12:00:00+00:00,33.012
2026-03-05T12:05:00+00:00,32.998
2026-03-05T12:10:00+00:00,32.959
2026-03-05T12:15:00+00:00,32.931
2026-03-05T12:20:00+00:00,32.966
2026-03-05T12:25:00+00:00,32.992
2026-03-05T12:30:00+00:00,33.003
2026-03-05T12:35:00+00:00,33.0
2026-03-05T12:40:00+00:00,33.022
2026-03-05T12:45:00+00:00,33.014
2026-03-05T12:50:00+00:00,33.033
2026-03-05T12:55:00+00:00,33.018
2026-03-05T13:00:00+00:00,33.028
2026-03-05T13:05:00+00:00,32.918
2026-03-05T13:10:00+00:00,32.902
2026-03-05T13:15:00+00:00,32.942
2026-03-05T13:20:00+00:00,33.007
2026-03-05T13:25:00+00:00,33.02
2026-03-05T13:30:00+00:00,33.037
2026-03-05T13:35:00+00:00,33.01
2026-03-05T13:40:00+00:00,32.904
2026-03-05T13:45:00+00:00,32.898
2026-03-05T13:50:00+00:00,32.932
2026-03-05T13:55:00+00:00,32.988
2026-03-05T14:00:00+00:00,33.026
2026-03-05T14:05:00+00:00,32.98
2026-03-05T14:10:00+00:00,32.912
2026-03-05T14:15:00+00:00,32.855
2026-03-05T14:20:00+00:00,32.823
2026-03-05T14:25:00+00:00,32.816
2026-03-05T14:30:00+00:00,32.829
2026-03-05T14:35:00+00:00,32.868
2026-03-05T14:40:00+00:00,32.838
2026-03-05T14:45:00+00:00,32.796
2026-03-05T14:50:00+00:00,32.818
2026-03-05T14:55:00+00:00,32.842
2026-03-05T15:00:00+00:00,32.86
2026-03-05T15:05:00+00:00,32.772
2026-03-05T15:10:00+00:00,32.776
2026-03-05T15:15:00+00:00,32.788
2026-03-05T15:20:00+00:00,32.799
2026-03-05T15:25:00+00:00,32.742
2026-03-05T15:30:00+00:00,32.8
2026-03-05T15:35:00+00:00,33.067
2026-03-05T15:40:00+00:00,33.008
2026-03-05T15:45:00+00:00,32.898
2026-03-05T15:50:00+00:00,32.856
2026-03-05T15:55:00+00:00,32.866
2026-03-05T16:00:00+00:00,32.894
2026-03-05T16:05:00+00:00,32.83
2026-03-05T16:10:00+00:00,32.812
2026-03-05T16:15:00+00:00,32.796
2026-03-05T16:20:00+00:00,32.728
2026-03-05T16:25:00+00:00,32.766
2026-03-05T16:30:00+00:00,32.693
2026-03-05T16:35:00+00:00,32.847
2026-03-05T16:40:00+00:00,33.04
2026-03-05T16:45:00+00:00,33.135
2026-03-05T16:50:00+00:00,33.152
2026-03-05T16:55:00+00:00,33.152
2026-03-05T17:00:00+00:00,33.04
2026-03-05T17:05:00+00:00,32.976
2026-03-05T17:10:00+00:00,33.029
2026-03-05T17:15:00+00:00,33.084
2026-03-05T17:20:00+00:00,33.2
2026-03-05T17:25:00+00:00,33.118
2026-03-05T17:30:00+00:00,33.108
2026-03-05T17:35:00+00:00,33.102
2026-03-05T17:40:00+00:00,33.15
2026-03-05T17:45:00+00:00,33.153
2026-03-05T17:50:00+00:00,33.007
2026-03-05T17:55:00+00:00,33.093
2026-03-05T18:00:00+00:00,33.258
2026-03-05T18:05:00+00:00,33.185
2026-03-05T18:10:00+00:00,33.096
2026-03-05T18:15:00+00:00,33.09
2026-03-05T18:20:00+00:00,33.024
2026-03-05T18:25:00+00:00,33.0
2026-03-05T18:30:00+00:00,33.036
2026-03-05T18:35:00+00:00,33.073
2026-03-05T18:40:00+00:00,33.194
2026-03-05T18:45:00+00:00,33.326
2026-03-05T18:50:00+00:00,33.304
2026-03-05T18:55:00+00:00,33.305
2026-03-05T19:00:00+00:00,33.31
2026-03-05T19:05:00+00:00,33.3
2026-03-05T19:10:00+00:00,32.938
2026-03-05T19:15:00+00:00,32.949
2026-03-05T19:20:00+00:00,32.996
2026-03-05T19:25:00+00:00,33.111
2026-03-05T19:30:00+00:00,33.126
2026-03-05T19:35:00+00:00,32.996
2026-03-05T19:40:00+00:00,33.084
2026-03-05T19:45:00+00:00,33.118
2026-03-05T19:50:00+00:00,33.176
2026-03-05T19:55:00+00:00,33.142
2026-03-05T20:00:00+00:00,33.251
2026-03-05T20:05:00+00:00,33.216
2026-03-05T20:10:00+00:00,33.203
2026-03-05T20:15:00+00:00,33.212
2026-03-05T20:20:00+00:00,33.287
2026-03-05T20:25:00+00:00,33.14
2026-03-05T20:30:00+00:00,32.992
2026-03-05T20:35:00+00:00,32.972
2026-03-05T20:40:00+00:00,32.877
2026-03-05T20:45:00+00:00,32.752
2026-03-05T20:50:00+00:00,32.742
2026-03-05T20:55:00+00:00,32.844
2026-03-05T21:00:00+00:00,33.024
2026-03-05T21:05:00+00:00,33.112
2026-03-05T21:10:00+00:00,33.132
2026-03-05T21:15:00+00:00,32.805
2026-03-05T21:20:00+00:00,32.836
2026-03-05T21:25:00+00:00,32.901
2026-03-05T21:30:00+00:00,32.956
2026-03-05T21:35:00+00:00,32.844
2026-03-05T21:40:00+00:00,32.819
2026-03-05T21:45:00+00:00,32.896
2026-03-05T21:50:00+00:00,32.969
2026-03-05T21:55:00+00:00,33.01
2026-03-05T22:00:00+00:00,33.089
2026-03-05T22:05:00+00:00,33.11
2026-03-05T22:10:00+00:00,33.086
2026-03-05T22:15:00+00:00,33.073
2026-03-05T22:20:00+00:00,33.097
2026-03-05T22:25:00+00:00,33.132
2026-03-05T22:30:00+00:00,33.134
2026-03-05T22:35:00+00:00,33.146
2026-03-05T22:40:00+00:00,33.178
2026-03-05T22:45:00+00:00,33.211
2026-03-05T22:50:00+00:00,33.251
2026-03-05T22:55:00+00:00,33.294
2026-03-05T23:00:00+00:00,33.068
2026-03-05T23:05:00+00:00,32.972
2026-03-05T23:10:00+00:00,32.993
2026-03-05T23:15:00+00:00,32.97
2026-03-05T23:20:00+00:00,32.944
2026-03-05T23:25:00+00:00,32.984
2026-03-05T23:30:00+00:00,33.085
2026-03-05T23:35:00+00:00,33.005
2026-03-05T23:40:00+00:00,33.01
2026-03-05T23:45:00+00:00,33.012
2026-03-05T23:50:00+00:00,33.089
2026-03-05T23:55:00+00:00,33.104
2026-03-06T00:00:00+00:00,33.146
